index,energy,energy_per_particle,separation,force_rms,force_max,torque_rms,torque_max,net_force_norm,force_pair_residual_norm,torque_balance_residual_norm,quaternion_norm_error_max,split_random,split_ood
0,-0.02739614479907878,-0.01369807239953939,2.7410193657368906,0.09351946923173485,0.10689569,0.03920987862346596,0.05789141,0.0,0.0,6.327061298448137e-09,2.4511043195118987e-09,train,train
1,-0.01494101022903691,-0.007470505114518455,2.557596839154919,0.04603269747737471,0.0629771,0.01260299647844115,0.02079125,0.0,0.0,6.795561578975911e-09,8.625604674961096e-10,train,test_ood_short_range
2,-0.003958047847754079,-0.0019790239238770394,3.1296423176519608,0.009787804050744309,0.01193137,0.002734327321950806,0.0054333,0.0,0.0,2.2694637597481473e-08,4.580550272414996e-09,valid,train
3,-0.004432848279305647,-0.0022164241396528234,3.0879002372044235,0.011183906293749366,0.01390404,0.0028328096499412032,0.00505721,0.0,0.0,2.2808210125048714e-08,3.0802043138322688e-09,train,valid
4,-0.006767344024103874,-0.003383672012051937,2.9735949081175046,0.01840770439247382,0.02213356,0.006006098621830148,0.01139552,0.0,0.0,4.214247263735429e-09,1.4203442866289606e-09,train,train
5,-0.021346841503032257,-0.010673420751516128,2.6839093227856594,0.06984364064367063,0.08571279,0.025709980363254527,0.04037586,0.0,0.0,1.32275258542125e-08,3.3169174074032526e-09,train,valid
6,-0.0073417342340812725,-0.0036708671170406363,2.8790480328359696,0.02008572593951154,0.02185725,0.007622993013250548,0.01147876,0.0,0.0,8.95432048838036e-09,1.2652934255896753e-09,valid,valid
7,-0.016935354022572537,-0.008467677011286269,2.6295838038900317,0.05366832335197427,0.06307375,0.016375900710244917,0.02610417,0.0,0.0,1.5843212391380417e-08,3.291249273118524e-09,test,train
8,-0.0030082932602971454,-0.0015041466301485727,3.2512464664247127,0.007103041259697614,0.00776837,0.0012445466034999787,0.00163862,0.0,0.0,6.4494410752726685e-09,2.305918567202525e-09,train,train
9,-0.010055923520913668,-0.005027961760456834,2.950228369087112,0.029502486188096644,0.03874938,0.010817206520544787,0.01652765,0.0,0.0,9.219035893455841e-09,5.359412025285337e-09,train,train
10,-0.005584748639127539,-0.0027923743195637694,2.953616895919708,0.014533720668539538,0.01636597,0.004941791526587296,0.00673569,0.0,0.0,4.821924945106041e-09,2.8208144708941063e-09,test,train
11,-0.005409626841886908,-0.002704813420943454,3.129899191061735,0.014183893911851802,0.01762904,0.005107831167413426,0.00976855,0.0,0.0,1.1841508893342197e-08,8.842107046547198e-10,train,train
12,-0.007634496299328678,-0.003817248149664339,2.9969124757181844,0.021220957822314868,0.02388087,0.006155874911740816,0.0112546,0.0,0.0,7.187468737532172e-09,4.5476696852730925e-09,train,train
13,-0.007986778420748505,-0.003993389210374253,2.731363959698126,0.022155244295300226,0.0280224,0.006391149541046326,0.00987566,0.0,0.0,1.4002244260704481e-08,4.899993966134275e-09,train,train
14,-0.005582909376019768,-0.002791454688009884,2.906356334884023,0.014616220877934441,0.01684717,0.0046179285502953955,0.00819575,0.0,0.0,1.3765212170872374e-08,2.3153710060341837e-09,train,train
15,-0.0033125640454324456,-0.0016562820227162228,3.10369903447775,0.007917924681625861,0.00839035,0.002116277557749298,0.00300617,0.0,0.0,8.581383650546788e-09,3.7450564871477354e-10,test,train
16,-0.00538371152285925,-0.002691855761429625,3.018783892714949,0.013829567244734497,0.01664807,0.0031129271584983587,0.00558727,0.0,0.0,1.3617338125456671e-08,2.5865709574190987e-10,train,valid
17,-0.032035198024959216,-0.016017599012479608,2.6254438846836137,0.11320097056354772,0.14121592,0.04070335641923219,0.07504559,0.0,0.0,1.5737681577461174e-08,1.7442891575569774e-09,train,train
18,-0.004982088042874394,-0.002491044021437197,3.0753810247198983,0.012880586886600574,0.01634084,0.004903111473753171,0.00942439,0.0,0.0,9.781315924980166e-09,2.204514570891547e-09,train,train
19,-0.014760329001090788,-0.007380164500545394,2.7220048194887494,0.045213596501386615,0.05266645,0.00867448702818597,0.01709491,0.0,0.0,1.7097307980832088e-08,9.961601543651e-10,train,train
20,-0.008384603834423772,-0.004192301917211886,2.961037623771471,0.023825842467551206,0.03223056,0.007481902388418113,0.0145414,0.0,0.0,1.4321055898636615e-08,1.2011454053606485e-09,valid,train
21,-0.01279554942640305,-0.006397774713201525,2.746993903087294,0.03856479210940552,0.04311723,0.012326109196169732,0.02252658,0.0,0.0,6.363864817462e-09,5.065228236844632e-09,train,train
22,-0.012179862457814527,-0.006089931228907264,2.624568802263596,0.036325040824197755,0.04545513,0.013699735287502821,0.02199398,0.0,0.0,4.813795800003782e-09,2.7451450002047295e-09,train,train
23,-0.004209451786839208,-0.002104725893419604,3.063583342377947,0.010480074527931564,0.01184012,0.0009781620046546483,0.00147613,0.0,0.0,3.335813030194677e-09,3.314741814364197e-09,valid,train
24,-0.020889235706555234,-0.010444617853277617,2.589666348284176,0.06890530392121905,0.09013449,0.02485071820612267,0.04473184,0.0,0.0,1.3230210331977616e-08,4.0432122094813394e-09,train,test_ood_short_range
25,-0.011848914218823229,-0.0059244571094116145,2.8376808226100225,0.03548632120546028,0.04741936,0.008351015840497092,0.01357148,0.0,0.0,4.07880126888568e-09,4.180012558308022e-09,train,train
26,-0.011037286780882947,-0.005518643390441474,3.0424704540276712,0.03247161814268526,0.03472023,0.01014706149475387,0.0158207,0.0,0.0,1.8589214728733332e-08,4.037887579855237e-09,train,valid
27,-0.009265407489771461,-0.0046327037448857305,2.8245300747469506,0.026347147127220437,0.03199475,0.005461243087535108,0.00758006,0.0,0.0,3.695395967283813e-09,7.033871263217861e-10,valid,train
28,-0.008634554660113177,-0.004317277330056588,3.0780031932696095,0.024401747135914947,0.02942511,0.005452805398997229,0.00994468,0.0,0.0,6.532344246079717e-09,5.1799093903071025e-09,train,train
29,-0.005563534885204492,-0.002781767442602246,3.096375725980709,0.014606153831791813,0.01533403,0.00295715633190345,0.00625476,0.0,0.0,1.1143256760205431e-08,4.639874928713539e-09,train,train
30,-0.00314624386321443,-0.001573121931607215,3.158261733621139,0.007429066282436396,0.00837753,0.0022753704906380997,0.00404245,0.0,0.0,1.6963089837251146e-08,5.682737058698706e-09,valid,train
31,-0.006424813925065286,-0.003212406962532643,3.0243396094614363,0.017370402660004745,0.01832464,0.0045447983094265764,0.00784904,0.0,0.0,1.0711780354113775e-08,2.245384989052468e-09,valid,train
32,-0.0181241960938818,-0.0090620980469409,2.984171806335408,0.05736276138167774,0.06346713,0.021550509564277516,0.02846262,0.0,0.0,1.2398309944605434e-08,3.728559794247133e-09,train,train
33,-0.016507892312067608,-0.008253946156033804,2.7513951872433977,0.052489801147344486,0.06192421,0.02124403879677387,0.03286358,0.0,0.0,1.061656055951587e-08,4.82729656248182e-09,valid,train
34,-0.017341317607019843,-0.008670658803509921,2.7816853062321085,0.05599163544577261,0.07734738,0.024472720143009916,0.03470001,0.0,0.0,1.1755668911085e-08,3.2987578224563663e-09,test,valid
35,-0.08622586607647197,-0.04311293303823598,2.5875032346732865,0.35356207030455766,0.48400201,0.14329642243123292,0.22481871,0.0,0.0,1.6905989998071802e-08,3.011018767651308e-09,train,test_ood_short_range
36,-0.010561524725731982,-0.005280762362865991,2.9845971043511605,0.03112298831312582,0.04408263,0.013723319264665286,0.02813101,0.0,0.0,7.352119263063586e-09,2.1211548073551967e-09,test,valid
37,-0.007060620328331345,-0.0035303101641656724,2.662512948127116,0.018958253494269103,0.02274501,0.0030172915718156904,0.00461325,0.0,0.0,1.3691670534492175e-08,3.527913516876424e-10,test,train
38,-0.005534299970418918,-0.002767149985209459,3.1041028459725015,0.01441387995915627,0.01824564,0.0038308272881411227,0.00583727,0.0,0.0,1.1122873644200261e-08,3.5385421259803707e-09,train,train
39,-0.004613687244772861,-0.0023068436223864304,2.9291927156625563,0.011629436973941028,0.01193762,0.003235580303320153,0.00487794,0.0,0.0,5.702014977673901e-09,4.78403894277335e-09,test,train
40,-0.043683674119821346,-0.021841837059910673,2.350619093965717,0.159693016421639,0.1719199,0.020233934559723343,0.03477804,0.0,0.0,8.62048022835421e-09,4.352872284840714e-09,test,test_ood_short_range
41,-0.006447095820800078,-0.003223547910400039,2.9326471915984156,0.017457904212180415,0.02131575,0.006894387794694562,0.00971526,0.0,0.0,2.0573554507645705e-08,3.653192526265059e-09,valid,valid
42,-0.008802896996215235,-0.004401448498107617,2.9183612263542575,0.02528155189585811,0.0300571,0.011796024543277987,0.01745694,0.0,0.0,2.426598457623646e-08,4.688774257743944e-09,train,train
43,-0.007183598491413116,-0.003591799245706558,3.040766544694232,0.01980703302272453,0.02187305,0.006373723624463961,0.01185418,0.0,0.0,4.404169728379803e-09,2.922800446114593e-09,test,valid
44,-0.008230365188664763,-0.004115182594332381,2.779187165936999,0.022991192874865514,0.02546469,0.008020787389093,0.01552554,0.0,0.0,1.3979692938653295e-08,1.9462019773541783e-09,train,train
45,-0.00690761095937876,-0.00345380547968938,2.9781203497965105,0.018869158917016765,0.0241213,0.0062498922695181985,0.01074625,0.0,0.0,1.6184949358215037e-08,4.227609040619029e-09,valid,unused
46,-0.007614331547886435,-0.0038071657739432176,2.8578721271904075,0.021058872606019692,0.02429158,0.005648388684148486,0.01110935,0.0,0.0,4.7066654803497195e-09,8.347289526255963e-10,train,train
47,-0.005233298654115721,-0.0026166493270578604,2.9868237721442683,0.013578253235625217,0.01508493,0.004796005523917795,0.00829114,0.0,0.0,1.249387349109111e-08,3.4013786232023335e-09,train,train
48,-0.012086402700590942,-0.006043201350295471,2.7407027187088455,0.03612673335903483,0.04416862,0.014268366769810529,0.02552962,0.0,0.0,1.2842763331240089e-08,3.325354214211984e-09,train,train
49,-0.008623609533053495,-0.004311804766526747,2.9404953487331706,0.023838066349823762,0.02621395,0.0059872462194025386,0.00904676,0.0,0.0,6.308154659410889e-09,4.027773004011692e-09,valid,train
50,-0.01628669987184058,-0.00814334993592029,2.8957724381900363,0.05126502469276072,0.06877856,0.023058613535629515,0.03338248,0.0,0.0,8.268137364523492e-09,4.41101044579284e-10,train,train
51,-0.03317738376503991,-0.016588691882519956,2.481596404149033,0.11639926912585276,0.16515481,0.04820066434765016,0.08562232,0.0,0.0,1.3174027607694436e-08,4.0147007940305457e-10,test,test_ood_short_range
52,-0.011311159257750118,-0.005655579628875059,2.704530688612172,0.03316976870196967,0.03934384,0.010380961018153216,0.0160814,0.0,0.0,5.7418030274929965e-09,1.634409718676011e-09,valid,train
53,-0.016495461510260434,-0.008247730755130217,2.4716109138960025,0.05121058174486922,0.05900866,0.015142413883021316,0.01992336,0.0,0.0,4.431027165975383e-09,4.024204858232849e-09,train,test_ood_short_range
54,-0.004641700564617741,-0.0023208502823088705,2.8497667392211063,0.011562323393836841,0.01444361,0.0024303443978340466,0.00392465,0.0,0.0,6.448153605430923e-09,5.305561101565104e-09,train,valid
55,-0.013837380370107967,-0.006918690185053983,2.6787598451681296,0.04227380083964614,0.05570665,0.016537653658788277,0.02978504,0.0,0.0,7.190690896627635e-09,4.4820677169710166e-09,train,train
56,-0.005053573654586093,-0.0025267868272930466,2.8830933361206106,0.012795389641076457,0.01408662,0.002768047454289756,0.00485281,0.0,0.0,1.2729383865177299e-08,3.3075404637372685e-09,train,train
57,-0.05161774010248125,-0.025808870051240624,2.497792508522066,0.19218406932369161,0.24730897,0.06713683852058024,0.10124893,0.0,0.0,1.6177447231686384e-08,2.686294742204609e-09,valid,test_ood_short_range
58,-0.00910096114425843,-0.004550480572129215,3.007835038645478,0.026180279716476802,0.03252494,0.0076000090087501426,0.01342217,0.0,0.0,1.0666645945791658e-08,1.0614034096079195e-09,train,train
59,-0.00987672256251618,-0.00493836128125809,2.8090036284742057,0.02846072871547389,0.03463748,0.009199156977841322,0.01644698,0.0,0.0,1.1335117304028857e-08,3.5212484039703895e-09,train,train
60,-0.010854910869447837,-0.005427455434723919,2.761971000156184,0.0319908959490936,0.04137584,0.009333139764551369,0.01492669,0.0,0.0,1.606843093218127e-08,5.0281584451639105e-09,train,train
61,-0.005313259210572113,-0.0026566296052860567,3.107066552231664,0.013978172112769251,0.01726279,0.005932091206011025,0.00759953,0.0,0.0,1.173536514147427e-08,6.151435361090307e-09,train,train
62,-0.0127410105093283,-0.00637050525466415,3.0221650891887566,0.03948154208281215,0.04707145,0.020089902137722906,0.02627791,0.0,0.0,1.2729144535616661e-08,4.621488303158117e-09,valid,train
63,-0.03732489468412048,-0.01866244734206024,2.5945098317800723,0.13498122104412832,0.15798933,0.05058609678491908,0.08067351,0.0,0.0,8.814351369008272e-09,1.2999945564473592e-09,test,test_ood_short_range
64,-0.006779006486657015,-0.0033895032433285074,2.8962810549736373,0.018415306439051364,0.02279715,0.005148835205209038,0.00811725,0.0,0.0,8.854756472273588e-09,2.2625894491312692e-09,train,train
65,-0.007060117436140716,-0.003530058718070358,2.700949002684679,0.01889464678419437,0.02216518,0.0035571967593434205,0.0070783,0.0,0.0,1.4715112090094199e-08,5.752895493316146e-09,train,valid
66,-0.005205849877073726,-0.002602924938536863,3.2462406093911067,0.013487314428150625,0.01484649,0.004167929182641743,0.00609763,0.0,0.0,7.707760282618561e-09,3.3619913519800093e-09,test,train
67,-0.003736235886293435,-0.0018681179431467175,2.9998278580367135,0.008975264529340254,0.009994,0.0016946544273931878,0.00304495,0.0,0.0,1.3830128139519166e-08,3.653176428031202e-09,train,train
68,-0.008418403615055543,-0.004209201807527771,3.126777260486496,0.02397101491565595,0.02965051,0.010732152201192764,0.01557995,0.0,0.0,2.2980434868849883e-08,3.354694300128358e-09,test,train
69,-0.008669663545355744,-0.004334831772677872,2.840030512408834,0.024215204680753784,0.0281315,0.006770162976935391,0.00933829,0.0,0.0,1.1941357159354501e-08,5.825526727676333e-09,train,train
70,-0.023482058250108764,-0.011741029125054382,2.849953167248008,0.07661935401327503,0.08926865,0.012303760235615642,0.02226695,0.0,0.0,1.2822922457046533e-08,3.2070750499713085e-09,train,train
71,-0.020915523815294778,-0.010457761907647389,2.563977345516853,0.06873516505553301,0.09947606,0.02090272961518583,0.03982069,0.0,0.0,1.1300850487755391e-08,8.804836859610532e-10,train,test_ood_short_range
72,-0.006750036209692698,-0.003375018104846349,2.9525365862981707,0.018245374317061847,0.02070241,0.005164311173559355,0.00635504,0.0,0.0,1.1211651515740457e-08,4.525773866781435e-09,test,train
73,-0.004347122187166005,-0.0021735610935830025,3.0317152314201854,0.010860138834597527,0.01384593,0.003520646334877068,0.00700781,0.0,0.0,1.1899834666052856e-08,1.3975556267808997e-09,train,valid
74,-0.007515419892805315,-0.0037577099464026573,2.9210392396471714,0.020697960515965494,0.02225891,0.007653768351981918,0.01259712,0.0,0.0,1.3934312230101147e-08,4.469745684687609e-09,test,valid
75,-0.031212685553257586,-0.015606342776628793,2.8638064037254005,0.1089287992922432,0.14644417,0.03710652612933763,0.0573324,0.0,0.0,9.80894536817788e-09,2.7514097666880843e-09,train,train
76,-0.01183190051668503,-0.005915950258342515,2.5859583594364812,0.034952192689910976,0.04517032,0.0050616864004400745,0.00896109,0.0,0.0,1.1997801835190911e-08,2.328619852498548e-09,test,test_ood_short_range
77,-0.015181949090013608,-0.007590974545006804,2.838901115511932,0.047211527226231516,0.06406484,0.015437693650281227,0.02265455,0.0,0.0,1.7376900743537467e-08,4.6236687811784805e-09,train,train
78,-0.0239123475721814,-0.0119561737860907,2.5300220763650207,0.07853880287974707,0.0896871,0.016380100775677482,0.02515316,0.0,0.0,1.0890714138466717e-08,2.9069948670468193e-09,train,test_ood_short_range
79,-0.00774843753454127,-0.003874218767270635,2.758542771515766,0.021256358392483413,0.02871035,0.006005450955253069,0.00867477,0.0,0.0,1.2379312879377734e-08,3.304806761583734e-09,test,train
80,-0.01997285653079611,-0.009986428265398055,2.5910476122551076,0.0647126468363274,0.08717403,0.01639277847496421,0.02235924,0.0,0.0,2.2732606908270247e-09,3.254349567605175e-09,train,test_ood_short_range
81,-0.006564094320619464,-0.003282047160309732,2.991911534303261,0.017696095179371256,0.02042034,0.006748111903984699,0.01323439,0.0,0.0,7.197220223151047e-09,2.480619931688466e-09,train,train
82,-0.006605288410883558,-0.003302644205441779,2.67564868357607,0.017482532946290517,0.0200994,0.0022824822102775156,0.00309403,0.0,0.0,1.3433254125914884e-08,3.462465314463259e-09,test,unused
83,-0.023963374035744826,-0.011981687017872413,2.902790936661233,0.080816214133651,0.11110392,0.03310851286102765,0.04657724,0.0,0.0,2.1066939426229973e-08,5.522882595698775e-09,train,train
84,-0.01085409911926393,-0.005427049559631965,3.004724974446476,0.03114239312159231,0.03957463,0.0069666198537884924,0.01156532,0.0,0.0,1.677627462597881e-08,3.39491690315441e-09,valid,train
85,-0.008018270532451955,-0.0040091352662259775,2.710683360079779,0.022070084010589238,0.02434348,0.007151492027495615,0.01093877,0.0,0.0,2.035235149770329e-08,1.0822311935498874e-09,train,train
86,-0.006700123038421012,-0.003350061519210506,2.976868792522361,0.018134361100041543,0.02084038,0.005706961333685671,0.00866647,0.0,0.0,2.050385330190506e-08,2.0881492091007203e-09,train,train
87,-0.012440497831596087,-0.006220248915798044,2.776308446628934,0.037577009196052315,0.04631414,0.012004019161146262,0.02115969,0.0,0.0,1.3710254616680861e-08,5.014171189365868e-09,train,valid
88,-0.024581393361355296,-0.012290696680677648,2.6937752345512695,0.08286805357023316,0.11652381,0.024227578324452215,0.03665558,0.0,0.0,4.2454495356393665e-09,3.0762954406071685e-09,train,train
89,-0.06258794470444155,-0.03129397235222078,2.37417523204393,0.24752879576214232,0.39313585,0.09374305400695483,0.14449381,0.0,0.0,8.422681992537651e-09,5.6599303022153435e-09,train,test_ood_short_range
90,-0.01936350729597652,-0.00968175364798826,3.1045692115610435,0.062002800387201865,0.07586054,0.01864576755376226,0.02773977,0.0,0.0,1.4049397268437256e-08,7.471446794582448e-10,train,train
91,-0.01740593106069229,-0.008702965530346145,2.627639647860552,0.05488249018632051,0.08189093,0.0175014737903212,0.0277391,0.0,0.0,1.470514227326395e-08,2.010194455337455e-09,train,train
92,-0.011460104141578218,-0.005730052070789109,3.0525812171453075,0.03336409156721539,0.03820361,0.010369193614690264,0.01694669,0.0,0.0,1.9341100459326968e-08,1.6199415142637008e-09,train,train
93,-0.006598099610216753,-0.0032990498051083763,3.0476840321785716,0.017922350994928095,0.0205042,0.0070863388259676564,0.01233851,0.0,0.0,1.2761844757492984e-08,3.201965137478169e-09,test,train
94,-0.020696811362021127,-0.010348405681010564,2.7626575965190776,0.06801616837707243,0.09291536,0.026118934164290026,0.04252836,0.0,0.0,8.518843174363472e-09,8.85649553694634e-10,valid,train
95,-0.002443983993673795,-0.0012219919968368975,3.4071864912986554,0.005601883092707903,0.00573581,0.0023886124695556344,0.00333205,0.0,0.0,1.9219650790277925e-08,4.559377320134672e-09,valid,valid
96,-0.011983322864236078,-0.005991661432118039,3.0221065227413644,0.03651915893712094,0.05180099,0.01722777594763323,0.02953002,0.0,0.0,1.1182523521068888e-08,4.6836754474810505e-09,train,train
97,-0.012199729683489938,-0.006099864841744969,2.9712577561658233,0.03642215027910809,0.03768925,0.01310288017720913,0.02172314,0.0,0.0,1.4278515296845612e-08,4.91486951137432e-09,test,train
98,-0.039438397924045764,-0.019719198962022882,2.645214600472263,0.14168360641780287,0.18602481,0.05571435427226572,0.09577937,0.0,0.0,6.579944931043345e-09,4.106069928511147e-09,train,train
99,-0.011166656794043226,-0.005583328397021613,2.916052129742701,0.032453657150453785,0.03655924,0.01003620103534533,0.016638,0.0,0.0,6.205343299653243e-09,8.066236567572105e-10,train,train
100,-0.005205058806622995,-0.0026025294033114976,3.1334288732449562,0.013462849662348607,0.01421161,0.004210533113215396,0.006685,0.0,0.0,9.068904507082292e-09,1.38308653419017e-09,train,train
101,-0.02555560095136598,-0.01277780047568299,2.8954592577783056,0.08527358774797915,0.0964147,0.032528484650578435,0.04590259,0.0,0.0,1.938155147772603e-08,2.426974621272393e-09,train,train
102,-0.016030760914114386,-0.008015380457057193,2.864754829669303,0.05026244357494005,0.05856304,0.022571848990402845,0.03272967,0.0,0.0,1.4877202952626696e-08,4.4803547538663224e-09,test,train
103,-0.007074701612709891,-0.0035373508063549454,3.2993265382427643,0.019346565597676505,0.02324434,0.005583367571482584,0.00949438,0.0,0.0,6.299207331995825e-09,2.4045261337590773e-09,train,train
104,-0.015931170549047344,-0.007965585274523672,2.8418618928270885,0.05109369609266261,0.06790872,0.025300777211897066,0.03989781,0.0,0.0,1.4604970889009893e-08,4.466081726661741e-09,train,train
105,-0.007102872859002331,-0.0035514364295011654,2.9266006030800895,0.01943540346938545,0.02487298,0.005647016974944972,0.00987303,0.0,0.0,1.3753831064727733e-08,1.900521295894464e-09,train,train
106,-0.006138329965516859,-0.0030691649827584294,3.3691051371053153,0.016357679225182484,0.01777907,0.00506423311240705,0.00738492,0.0,0.0,1.7183939175267932e-08,5.968845417925195e-10,train,valid
107,-0.007014561232914373,-0.0035072806164571863,2.9795876663050476,0.019005749772153163,0.02225477,0.005697045844312647,0.01036231,0.0,0.0,1.5606064396914985e-08,1.1058908233607667e-09,valid,train
108,-0.013629031449735584,-0.006814515724867792,2.9191554603347125,0.041390742850739785,0.04744123,0.009614144795619282,0.01566088,0.0,0.0,1.0738797274799232e-08,5.785928403057028e-09,train,valid
109,-0.004555908386661886,-0.002277954193330943,3.0045246952442852,0.011528512262539922,0.01321429,0.002334617500419858,0.00359235,0.0,0.0,1.0286531034174285e-08,2.8944688867937884e-09,train,train
110,-0.014550124280194142,-0.007275062140097071,2.7629505067706486,0.04452103011910663,0.06033362,0.014944284421657109,0.02284109,0.0,0.0,1.2299107152146893e-08,2.937227350230387e-09,train,train
111,-0.011529187863888214,-0.005764593931944107,2.6197201815565627,0.03405864912932005,0.04671192,0.012066056655455005,0.0208279,0.0,0.0,8.877268540569356e-09,4.443418299970858e-09,train,test_ood_short_range
112,-0.013685073912459465,-0.006842536956229732,2.633338920786454,0.041801991795483065,0.05854338,0.015492853956344949,0.02718056,0.0,0.0,1.3656458558432742e-08,2.2934090182502587e-09,train,train
113,-0.00789171167545568,-0.00394585583772784,3.0629234289976672,0.02178966374556906,0.02358029,0.0072899513409612916,0.01062932,0.0,0.0,1.5327294211065433e-08,1.976993013741435e-09,valid,train
114,-0.00400876015932761,-0.002004380079663805,3.239407631188704,0.010012935232922463,0.01104886,0.0011525823475353075,0.00228337,0.0,0.0,1.4062400270342351e-08,2.2553966472216302e-09,valid,train
115,-0.0039060330665815,-0.00195301653329075,3.143093030674256,0.009587325881958257,0.01069795,0.0025417482695413935,0.00433579,0.0,0.0,1.7113292789680955e-08,3.5476716009341658e-09,train,valid
116,-0.0017406983427790544,-0.0008703491713895272,3.3765165796558114,0.0036935710186349474,0.00409741,0.0006670927107481639,0.00109328,0.0,0.0,1.8919177459032528e-08,3.3925681153235132e-09,train,train
117,-0.033191728161619756,-0.016595864080809878,2.801773265963764,0.11547292693359151,0.16631002,0.03298658061442335,0.05311275,0.0,0.0,2.157987248254218e-08,3.0525335592557212e-09,train,unused
118,-0.005616932034459068,-0.002808466017229534,2.9088991272106277,0.014550530046401519,0.01754061,0.003790550268296588,0.00607183,0.0,0.0,9.492007515685691e-09,1.2729339804451456e-09,train,train
119,-0.03201716217087601,-0.016008581085438005,2.9016816824840164,0.1095114877675041,0.12504401,0.026299980987035267,0.03734343,0.0,0.0,1.185702328017999e-08,1.3769219098236363e-09,train,valid
120,-0.025288715925517714,-0.012644357962758857,2.674916197863623,0.08449443475664063,0.10298782,0.014592801797461651,0.02399079,0.0,0.0,1.1769293507789105e-08,1.720859676979103e-09,test,train
121,-0.004376687372266323,-0.0021883436861331613,2.8931630315396846,0.01089156929255223,0.012636,0.0023037557660264252,0.00357101,0.0,0.0,1.879625986589978e-08,2.581610147878166e-09,train,train
122,-0.003897555512436992,-0.001948777756218496,3.2406842051292255,0.009685420416311312,0.01109836,0.0017916321265073736,0.00306998,0.0,0.0,2.856872432098607e-08,3.088285516206213e-09,test,valid
123,-0.013738987368761184,-0.006869493684380592,2.94876024124379,0.0428577869603969,0.06132413,0.020250659363539255,0.0288325,0.0,0.0,2.3294156836895326e-08,4.536372166796809e-09,test,train
124,-0.0064702995742870265,-0.0032351497871435132,2.8777567436759335,0.017386008859513063,0.01994958,0.0019921221144548343,0.00327397,0.0,0.0,1.625215351562057e-08,1.869318255742769e-09,valid,train
125,-0.034802397986255326,-0.017401198993127663,2.488120854526234,0.12283658912626251,0.14585217,0.02914377444929706,0.0483285,0.0,0.0,9.355605562554777e-09,2.0504752340499977e-09,valid,test_ood_short_range
126,-0.022336886175662242,-0.011168443087831121,2.6695909349718283,0.07363155886523341,0.08376131,0.017431671916589068,0.02410354,0.0,0.0,6.564281798425427e-09,3.6112600687587815e-09,test,train
127,-0.016162401902447554,-0.008081200951223777,2.4083233291013255,0.04966607542566958,0.0620243,0.013267198405555838,0.02273416,0.0,0.0,4.564694388909244e-09,1.809584260215047e-09,train,test_ood_short_range
128,-0.010769521628557792,-0.005384760814278896,2.883121079335361,0.030880392192311396,0.03356138,0.006848716519880446,0.01024229,0.0,0.0,1.2982035104787832e-08,5.086411958288295e-09,train,train
129,-0.004081198681201807,-0.0020405993406009035,3.259601685367509,0.0103086805527413,0.01384933,0.004791995751429322,0.00707835,0.0,0.0,1.3428121881261064e-08,3.735536879823087e-09,train,train
130,-0.016254390816859077,-0.008127195408429539,2.839488358916927,0.05094670199670894,0.06511144,0.00825142404636416,0.0152984,0.0,0.0,1.3818056827341664e-08,5.744220654690935e-09,train,train
131,-0.02741588608794742,-0.01370794304397371,2.7452480383758697,0.0927975376888121,0.09752021,0.03028032902092435,0.05033321,0.0,0.0,6.459620632764091e-09,4.040621393031074e-09,train,valid
132,-0.004674366173379367,-0.0023371830866896837,3.1387439427179915,0.011865804328252117,0.01209053,0.003367481220838507,0.00520099,0.0,0.0,4.569052724238304e-09,3.777957169326385e-09,train,train
133,-0.012440275032240858,-0.006220137516120429,2.994521916003128,0.036979119440236366,0.04405481,0.008822519899130294,0.01572702,0.0,0.0,5.150114872706758e-09,2.3674426863351528e-09,train,valid
134,-0.01753599655577257,-0.008767998277886284,2.676975567443163,0.05612930176967374,0.06516951,0.01889415961670343,0.02505405,0.0,0.0,9.076963878372937e-09,4.750849269541391e-09,test,train
135,-0.004907875804661687,-0.0024539379023308435,3.342253620809302,0.012699020813562752,0.01435249,0.0048690587161329246,0.00775326,0.0,0.0,9.79978163343029e-09,2.2564200508057297e-09,train,train
136,-0.0056030569081051244,-0.0028015284540525622,2.9886324381082603,0.014722635098800532,0.01815922,0.005111083471434082,0.0089179,0.0,0.0,1.189268066452742e-08,3.5009016796649917e-09,train,train
137,-0.007908923083868808,-0.003954461541934404,2.8029062269722687,0.021608874659332294,0.02381025,0.0009431363902603554,0.00166759,0.0,0.0,5.981618636942702e-09,1.2151459838349865e-09,train,train
138,-0.006920026206117372,-0.003460013103058686,2.795436498250495,0.018743107616757865,0.02486374,0.005564636536136031,0.00991774,0.0,0.0,6.183586062096689e-09,2.1035146957615325e-09,train,train
139,-0.006198358609139471,-0.0030991793045697354,2.932239708910069,0.016578203663188802,0.01768255,0.00436955936206959,0.00679399,0.0,0.0,1.491333152624281e-08,4.176705203917663e-09,train,train
140,-0.010318937749060446,-0.005159468874530223,3.230028674016605,0.030411751934672666,0.04032536,0.013733534153121937,0.02218752,0.0,0.0,2.4067687469492238e-08,2.358893747000934e-09,train,train
141,-0.010010391692795592,-0.005005195846397796,2.528489447386548,0.028375133194016904,0.03044381,0.005269010948482963,0.00704099,0.0,0.0,1.3895014265339709e-08,3.962958738945588e-09,valid,test_ood_short_range
142,-0.011351377222947238,-0.005675688611473619,2.6356379425310723,0.033403559161353846,0.04043679,0.010333526654371199,0.01648769,0.0,0.0,1.2999324324108452e-08,2.436526091997848e-09,train,train
143,-0.007388128615221486,-0.003694064307610743,2.9483224138213227,0.020432235877334455,0.02590731,0.0046943683404603725,0.00632454,0.0,0.0,7.826516279828697e-09,1.8824253267268887e-09,train,train
144,-0.0045579574742184775,-0.0022789787371092387,3.2049605844418663,0.011660533639237957,0.01451128,0.005349341285742573,0.00801748,0.0,0.0,1.2292873523430428e-08,1.6382379897095234e-09,test,train
145,-0.02717183771063016,-0.01358591885531508,2.796559967848443,0.09209853276407502,0.11792071,0.030933660002958212,0.05131192,0.0,0.0,7.019979725552179e-09,5.305907935237997e-09,train,valid
146,-0.005686770910239829,-0.0028433854551199143,3.053655017310432,0.015067826375494022,0.01908574,0.005549555878272302,0.00936109,0.0,0.0,7.440593480436078e-09,3.089218547636108e-09,train,train
147,-0.005984717474763085,-0.0029923587373815426,3.021855192054689,0.015846771186219608,0.01702694,0.0056865020205864114,0.00859183,0.0,0.0,3.137417737711173e-09,2.3145020344728096e-09,test,train
148,-0.03443454974681616,-0.01721727487340808,2.8915635703505167,0.12002864090487028,0.13641248,0.027788316094456554,0.05000793,0.0,0.0,1.195684032809921e-08,2.9072145801833926e-09,test,train
149,-0.010074736074208702,-0.005037368037104351,3.0067295428320433,0.029340756055735284,0.03319275,0.012154082198681231,0.01621141,0.0,0.0,1.956686742858629e-08,3.775110557491246e-09,test,valid
150,-0.01943998818762809,-0.009719994093814044,2.9104704070893526,0.06247559973786726,0.06800291,0.010970840384742638,0.02025768,0.0,0.0,7.320271119006968e-09,2.6437205757900983e-09,train,train
151,-0.03250795785729517,-0.016253978928647585,2.6739659324975698,0.11343756115409687,0.12733448,0.03084506185125938,0.0497337,0.0,0.0,4.458891097778279e-09,2.234778362364409e-09,test,train
152,-0.009930246022745216,-0.004965123011372608,2.7671161845185277,0.028459633893827004,0.03132916,0.007931646906320906,0.01352513,0.0,0.0,1.9963792709100483e-08,5.953324055951725e-09,test,train
153,-0.008371079632517696,-0.004185539816258848,3.0132820916699177,0.02303142609122298,0.02833008,0.004931880767372963,0.00720921,0.0,0.0,1.8924049340315955e-08,4.570783751489671e-09,test,train
154,-0.010066821453211406,-0.005033410726605703,3.0272194414001543,0.028876280133494803,0.03214113,0.0065596929245900415,0.01053118,0.0,0.0,1.8625241287124294e-08,4.418249321958001e-09,train,train
155,-0.023573039551489174,-0.011786519775744587,2.4622110441617244,0.07848028543372426,0.10681638,0.02460415001841085,0.03736731,0.0,0.0,1.2130516778088109e-08,3.727078978776888e-09,train,test_ood_short_range
156,-0.009728236827951077,-0.0048641184139755385,2.7775091847265534,0.0279821666460176,0.03597135,0.010746642547216781,0.02005056,0.0,0.0,1.2397494864370349e-08,6.207194758189871e-10,test,train
157,-0.007734651679782487,-0.0038673258398912434,2.9205839481635696,0.021431758449289687,0.02485091,0.0053279458167493285,0.00884573,0.0,0.0,8.257752032630787e-09,3.4928111514176408e-09,train,train
158,-0.014755728864858628,-0.007377864432429314,2.9464208082877303,0.04498511101320154,0.04625169,0.00918330049035567,0.01775276,0.0,0.0,3.965608405561592e-09,6.018694875820074e-09,train,valid
159,-0.006835956787861773,-0.0034179783939308865,3.0490930375119296,0.018148629724700063,0.01861184,0.003331147519554385,0.00471598,0.0,0.0,9.958644260157057e-09,3.29416383060277e-09,train,train
160,-0.011334008573605848,-0.005667004286802924,2.8799161335324723,0.03337939031356824,0.03884451,0.008716955219347905,0.01467359,0.0,0.0,2.358754968754604e-08,4.775358553033016e-09,train,valid
161,-0.009474353474358732,-0.004737176737179366,2.8844676651643426,0.027126565063715677,0.03181058,0.009841838394969712,0.01677493,0.0,0.0,5.7271509656644035e-09,2.7070470309809025e-09,train,train
162,-0.004846833204676646,-0.002423416602338323,3.0485510603257193,0.012407785874300862,0.01494575,0.004593713297103263,0.00628463,0.0,0.0,1.087085226760315e-08,2.480027072593316e-09,train,train
163,-0.01277781849666897,-0.006388909248334485,2.6710379348791924,0.038198629269846844,0.05105198,0.01238978325329853,0.01658569,0.0,0.0,1.9666766389173842e-08,4.163778544175045e-09,train,train
164,-0.014010592970757997,-0.0070052964853789985,2.8482771522100707,0.0422042787300028,0.05222012,0.010974370084025324,0.01690759,0.0,0.0,1.6796914120990756e-08,2.114439512368449e-09,train,train
165,-0.007036134328327573,-0.0035180671641637865,3.0710722178576066,0.019427279775239593,0.02370473,0.008415742249256251,0.01152463,0.0,0.0,1.3368058676249305e-08,3.5348821647573914e-09,train,train
166,-0.011950937786545235,-0.005975468893272618,3.04840058915167,0.035783299867633324,0.03881498,0.012374449699872178,0.02055988,0.0,0.0,9.704772253124816e-09,2.9273591328760062e-09,train,train
167,-0.005152813779478484,-0.002576406889739242,3.082243595158915,0.013373705360342984,0.01710919,0.004884156411641967,0.01026701,0.0,0.0,6.397338212209303e-09,3.561053674161485e-09,train,train
168,-0.019099974239304963,-0.009549987119652482,2.65877026015138,0.06133633000319196,0.07446443,0.010746707115493564,0.01573198,0.0,0.0,1.0747349878050267e-08,3.5644210916174757e-09,train,train
169,-0.006339578772907845,-0.0031697893864539224,2.7915013896304117,0.01668561388543936,0.02028323,0.0038667543875947606,0.00605235,0.0,0.0,2.2110986331272714e-08,4.8253557816124726e-09,train,valid
170,-0.015383798612284751,-0.007691899306142376,2.6010758605466893,0.047665262803643846,0.06007727,0.01600402466384107,0.02860996,0.0,0.0,1.7801463169996873e-08,5.181994167102744e-09,train,test_ood_short_range
171,-0.029274991868630976,-0.014637495934315488,2.8486864906741216,0.10175928211506129,0.13455367,0.03788176109386723,0.07424518,0.0,0.0,1.8173338750731858e-08,2.832814760544977e-09,train,train
172,-0.0088858580123918,-0.0044429290061959,2.709574824502286,0.024944469877157812,0.0289785,0.004273552313875815,0.00639047,0.0,0.0,1.412251421384587e-08,1.22421361936631e-09,train,train
173,-0.02188483039102454,-0.01094241519551227,2.7272396270032946,0.07206974826542226,0.09224864,0.016492001131953333,0.03076426,0.0,0.0,1.512041011772593e-08,3.1976188363813662e-09,train,train
174,-0.004626114523249115,-0.0023130572616245574,3.0913789498405144,0.011696603239137422,0.01425053,0.00310424171776834,0.00455753,0.0,0.0,1.4616110509707782e-08,4.7704362682310375e-09,test,train
175,-0.008910750200689408,-0.004455375100344704,2.766195104771922,0.025266654428075092,0.03323311,0.0073051023455858125,0.01556887,0.0,0.0,1.584334564210111e-08,4.385531937600717e-09,test,train
176,-0.03817497373351948,-0.01908748686675974,2.6955552912970826,0.13737988183577196,0.19680288,0.051619013328719134,0.09057949,0.0,0.0,5.5873894843740205e-09,2.3092360246224075e-09,train,train
177,-0.012548018647137218,-0.006274009323568609,3.101139154694202,0.037839151769092284,0.04388628,0.01597879190548522,0.0235002,0.0,0.0,1.012084168381929e-08,1.9784326399374663e-09,train,train
178,-0.013903747749181402,-0.006951873874590701,2.735112859016851,0.04191907886787311,0.04854238,0.012030813382276639,0.01836862,0.0,0.0,1.727881601120066e-08,4.166567979524416e-09,train,train
179,-0.008172833224573562,-0.004086416612286781,2.744804355153666,0.02274042825434766,0.02751267,0.0053729576020428455,0.00784548,0.0,0.0,7.954808243627907e-09,1.904430391164169e-09,test,train
180,-0.01037073816838158,-0.00518536908419079,2.8371525290870396,0.03023579252379647,0.03241942,0.011234516344874398,0.01751002,0.0,0.0,3.0545501759662256e-09,4.621569127394309e-09,valid,valid
181,-0.016079473411682497,-0.008039736705841249,2.9338872748505658,0.049613110871264327,0.05094281,0.01178021395773014,0.01839748,0.0,0.0,1.5811245543520115e-08,2.7496364074508506e-09,train,train
182,-0.007033628079752553,-0.0035168140398762764,2.9872766425916444,0.01885589904729198,0.02156531,0.003732975401811983,0.00646215,0.0,0.0,1.1597969352674189e-08,1.4762768785203662e-09,train,train
183,-0.00968058883214933,-0.004840294416074665,2.725935932772181,0.027499056629134874,0.03334911,0.007022021558426034,0.0089419,0.0,0.0,1.449704767967876e-08,2.498845019793805e-09,valid,train
184,-0.03603195715438512,-0.01801597857719256,2.7515336147233165,0.12632636857744667,0.16520903,0.03528701777741473,0.05141047,0.0,0.0,1.369893487708636e-08,2.653561370635771e-09,train,train
185,-0.05387394671534455,-0.026936973357672277,2.5672552060001057,0.20657937756383418,0.25152269,0.07111068047701706,0.09999327,0.0,0.0,1.245922627318157e-08,2.4884492244581224e-09,train,test_ood_short_range
186,-0.017832524967608284,-0.008916262483804142,2.5432366325881546,0.05671870241969163,0.07352809,0.019478895987804768,0.02763008,0.0,0.0,5.608358969907373e-09,3.3240223906716437e-09,train,test_ood_short_range
187,-0.008617832802642734,-0.004308916401321367,2.55015638279183,0.023655818681242044,0.03005068,0.002518805956989674,0.00429902,0.0,0.0,1.3266664105872361e-08,6.276298925023127e-09,train,test_ood_short_range
188,-0.003905623939247667,-0.0019528119696238335,2.898675445082679,0.009436266206957426,0.01143191,0.0012617976280357586,0.00216121,0.0,0.0,8.141475897418784e-09,2.1450814458034984e-09,train,train
189,-0.02138262671651873,-0.010691313358259366,2.6328683874391,0.07145415547848867,0.08240328,0.03091102264523531,0.05070415,0.0,0.0,1.9378962719608473e-08,4.8798611818057225e-09,train,train
190,-0.00532523306263339,-0.002662616531316695,2.8488096030292986,0.013614584227348505,0.01747245,0.0028994300286636797,0.00489355,0.0,0.0,3.674753462081195e-09,4.978387257992267e-09,train,train
191,-0.01503520919244065,-0.007517604596220325,2.7346684676569546,0.04735495886874432,0.0689549,0.01986118275170523,0.03129316,0.0,0.0,1.3765265126024624e-08,1.9054595679079966e-09,train,train
192,-0.0195953650788089,-0.00979768253940445,2.866096682627659,0.06297262823230583,0.08125498,0.02312851024744244,0.03850003,0.0,0.0,8.459954797344588e-09,1.3788099550993138e-09,train,train
193,-0.009256483659426011,-0.004628241829713006,2.8681723863396402,0.025974385753031775,0.02823607,0.00616292904808528,0.01271588,0.0,0.0,1.4208888346128341e-08,4.660533292621949e-09,train,train
194,-0.012792920266628247,-0.006396460133314123,3.17696206250144,0.03766569963715971,0.04201749,0.0069705912230348145,0.01197467,0.0,0.0,1.519757434340388e-08,2.718104630261564e-09,train,train
195,-0.0033171888575355573,-0.0016585944287677787,3.1824387731006496,0.007890446636342372,0.00850456,0.0023833909855847544,0.0034454,0.0,0.0,1.0646572031995669e-08,2.630873296993741e-10,test,train
196,-0.00952633093998993,-0.004763165469994965,2.8317712075117583,0.02713635872520667,0.0304207,0.008024439515466693,0.01213271,0.0,0.0,1.607511370773685e-08,1.6170965677630988e-09,test,valid
197,-0.004849038219696941,-0.0024245191098484706,3.0698832860243908,0.01248779140040517,0.01310808,0.004356319410714355,0.00665233,0.0,0.0,5.589543311123114e-09,3.7246012940528317e-09,valid,train
198,-0.007860620361254256,-0.003930310180627128,2.6502667356825453,0.021322085662446345,0.02367528,0.003534160468168737,0.0062147,0.0,0.0,1.1082441635410695e-08,3.4280328575775343e-09,train,train
199,-0.019922653606822643,-0.009961326803411321,2.954046049739569,0.064364119585821,0.07469566,0.02389830468117631,0.03736119,0.0,0.0,4.972844849213297e-09,4.35275260279866e-09,test,train
200,-0.00539030875100878,-0.00269515437550439,2.7919654003242,0.013815500771043371,0.01604231,0.002780892118514609,0.00393109,0.0,0.0,7.355797095569643e-09,2.864882109321343e-09,train,train
201,-0.005091742547239004,-0.002545871273619502,2.8020923999650313,0.012916647467951323,0.01494228,0.0025940294553840363,0.00416215,0.0,0.0,6.029729434982549e-09,1.4839560691370934e-09,train,train
202,-0.012023373832820067,-0.006011686916410033,3.0851355446710613,0.03556457924019159,0.04611704,0.008354487195983366,0.01196555,0.0,0.0,1.3245424952469226e-08,2.7476914077340098e-09,test,train
203,-0.009680484805909143,-0.004840242402954571,3.0574259241741717,0.02811339488554996,0.03694222,0.008925653045284698,0.01689113,0.0,0.0,8.598101694567183e-09,2.0060119121367848e-09,valid,train
204,-0.017349189411154504,-0.008674594705577252,2.8198422649727224,0.05491815905269858,0.06792404,0.02016562463687938,0.03754424,0.0,0.0,1.0843874562340999e-09,9.12715014678156e-10,valid,train
205,-0.010022248855512407,-0.005011124427756203,2.8911317530612153,0.029149849858046722,0.03000852,0.010340703419931515,0.01845294,0.0,0.0,3.792410925197267e-09,4.0024721315035094e-09,train,valid
206,-0.011051463928215958,-0.005525731964107979,2.717483783992112,0.032112895912286804,0.0339618,0.008439087663542191,0.01276626,0.0,0.0,2.194833629189977e-08,4.4337269411443e-09,train,train
207,-0.01032686995538106,-0.00516343497769053,2.661451332289052,0.029848800037458795,0.03254426,0.008782398487564014,0.01370434,0.0,0.0,1.852031974334542e-08,3.4729492615070967e-09,train,train
208,-0.014815904123468475,-0.007407952061734237,2.923859461359522,0.046455372537311905,0.06483401,0.02151877168894134,0.03567814,0.0,0.0,1.093018273754608e-08,2.5849861140514463e-09,train,train
209,-0.013131397694060099,-0.006565698847030049,2.787578836206349,0.039993248456610356,0.05114508,0.0183569330738861,0.02530962,0.0,0.0,2.070036432336488e-08,3.80487852336131e-09,test,train
210,-0.010333094365009014,-0.005166547182504507,2.810032613323117,0.029939547517051756,0.03889182,0.009108785060325919,0.0173226,0.0,0.0,1.2018738349410761e-08,1.9929723427125623e-09,train,train
211,-0.005771116621771865,-0.0028855583108859323,2.9483117233563676,0.015264545336477163,0.01575274,0.004933045991639784,0.00975294,0.0,0.0,1.5138330120843688e-08,4.896467009629646e-09,train,train
212,-0.029723940178818496,-0.014861970089409248,2.4516612265292554,0.10205022160503457,0.12610966,0.025015429848224007,0.03421617,0.0,0.0,6.572698769531232e-09,3.7390706086881664e-09,valid,test_ood_short_range
213,-0.014370517509835474,-0.007185258754917737,2.4685118529174845,0.04329477468756016,0.04732143,0.009668076432562305,0.01780402,0.0,0.0,6.473334258845631e-09,1.604056665271969e-09,train,test_ood_short_range
214,-0.016299826994109794,-0.008149913497054897,2.7545990820799124,0.05180913439065451,0.06023507,0.02379806609287227,0.03669104,0.0,0.0,1.686873526511494e-08,2.436031043551168e-09,train,train
215,-0.03353904629039582,-0.01676952314519791,2.4313062050742222,0.11768591329209485,0.15174123,0.02324859709303911,0.03354427,0.0,0.0,4.733366052264821e-09,3.4373985879909696e-09,train,test_ood_short_range
216,-0.010182183320939526,-0.005091091660469763,2.9808415314193883,0.029846224272440783,0.04024095,0.010954893808275825,0.02176718,0.0,0.0,1.986044887091653e-08,4.535365305535777e-09,train,valid
217,-0.024368687787977586,-0.012184343893988793,2.786675132311663,0.08394414265995433,0.11591399,0.040671363801917604,0.06913029,0.0,0.0,1.7286457814457076e-08,3.03232328136005e-09,train,train
218,-0.0060389440716293085,-0.0030194720358146542,3.1710536547046018,0.016288190958304728,0.02104861,0.005689662482962704,0.00876313,0.0,0.0,1.0417643086352524e-08,2.3956370220901135e-09,test,valid
219,-0.012645769776536796,-0.006322884888268398,2.8969207280170646,0.038011472381397786,0.04521121,0.014511755284368025,0.02671112,0.0,0.0,2.7124714094930133e-08,4.353179039462418e-09,train,train
220,-0.00334108413085937,-0.001670542065429685,3.220472623691637,0.008052046343363076,0.01050669,0.002882170239845315,0.00502775,0.0,0.0,8.381610297827389e-09,2.467105519876611e-09,train,train
221,-0.009347526957932928,-0.004673763478966464,3.1012645508984824,0.026695395068928398,0.02909635,0.006470280582085808,0.01220714,0.0,0.0,1.6191812933535757e-08,3.354077682260481e-09,train,train
222,-0.0080213904422126,-0.0040106952211063,2.6968115495778138,0.022130232437026803,0.02682842,0.0068225805981888795,0.01236129,0.0,0.0,2.1239057942474437e-08,1.109706326829496e-09,train,train
223,-0.005576019647239177,-0.0027880098236195885,3.145100078750188,0.014601039135767017,0.01858289,0.0037793162346426283,0.0060853,0.0,0.0,5.458223086400965e-09,2.2070067995372256e-09,test,train
224,-0.023036427446318262,-0.011518213723159131,2.5132622914216878,0.07508107550096983,0.09557575,0.017165397266041257,0.02614197,0.0,0.0,1.9180183006993057e-08,5.0092814340985115e-09,train,test_ood_short_range
225,-0.0024480955766027776,-0.0012240477883013888,3.1942330558177727,0.005532470327469758,0.00562329,0.0011196806953472642,0.00181923,0.0,0.0,2.0044970776151694e-08,4.449327239974821e-09,train,train
226,-0.007854428415600573,-0.003927214207800287,3.056730008572645,0.021899702612587384,0.02659582,0.008836321930773385,0.01539816,0.0,0.0,1.3768240844370346e-08,3.298390227612913e-09,train,train
227,-0.018345272326710484,-0.009172636163355242,2.5987746490228476,0.058769083538237746,0.07609881,0.02243805738393552,0.04068545,0.0,0.0,1.9570088043544965e-08,2.3711044239149714e-09,train,test_ood_short_range
228,-0.005397916803567899,-0.0026989584017839494,2.845275326728725,0.013806886177907747,0.01725539,0.0028837343635351254,0.00484011,0.0,0.0,1.0389312880528527e-08,1.6707788486058917e-09,valid,train
229,-0.014922276346830193,-0.0074611381734150965,2.8081544471678366,0.04533703558335687,0.0572817,0.012431204092305378,0.02280244,0.0,0.0,4.299540778745463e-09,4.332107117477335e-09,train,train
230,-0.006121997608526132,-0.003060998804263066,3.0074855427570917,0.016404574635109154,0.01675282,0.004287372205508482,0.0070549,0.0,0.0,1.0675694798514709e-08,9.89297421760682e-10,train,train
231,-0.0087519742617218,-0.0043759871308609,3.052357444602808,0.02497406032246592,0.02996047,0.0073736920185300215,0.01024531,0.0,0.0,1.355318532806343e-08,3.114774660417652e-09,train,train
232,-0.012326850989288454,-0.006163425494644227,2.947815148833235,0.03709010805774409,0.04364799,0.008619987958344257,0.01231287,0.0,0.0,9.514113023367294e-09,5.441924688653899e-10,train,train
233,-0.006065176777641596,-0.003032588388820798,3.0803720204930864,0.01585034943043002,0.01848428,0.003377323676204281,0.0072531,0.0,0.0,1.0206618152812689e-08,3.73964603728183e-09,train,train
234,-0.003901575580731888,-0.001950787790365944,3.03272709552303,0.009493572284798805,0.01213946,0.002314617662376085,0.00380814,0.0,0.0,5.607543671608767e-09,7.123360790117772e-10,train,valid
235,-0.005053086700390717,-0.0025265433501953584,3.1367986794294143,0.013122209791736046,0.01590303,0.0034662876378507117,0.0068655,0.0,0.0,1.490029144149892e-08,2.801368470528587e-09,train,train
236,-0.005435671543714798,-0.002717835771857399,2.97862587133557,0.01421268334981939,0.01640639,0.003026012621244884,0.00486976,0.0,0.0,2.2687503165727837e-08,3.0503477521648392e-09,train,train
237,-0.004180866836899855,-0.0020904334184499275,3.0441686961901393,0.010322339138485036,0.01097242,0.0017389896118867416,0.00290675,0.0,0.0,1.2876129247284829e-08,1.788652559397974e-09,train,train
238,-0.005717226377970527,-0.0028586131889852635,2.7981046746860545,0.014838027781509014,0.01645611,0.0032324281668533127,0.00576681,0.0,0.0,1.4411559940799281e-08,5.666006552829117e-09,train,unused
239,-0.017044862761972035,-0.008522431380986017,2.8682310414490026,0.05365882393681615,0.06372355,0.019869070394574327,0.03411538,0.0,0.0,1.9966326974968588e-08,3.1881992601512366e-09,train,train
240,-0.004038753170582782,-0.002019376585291391,3.130657082607536,0.009980553989423633,0.01058933,0.002252483655057235,0.0033717,0.0,0.0,1.868207507642852e-08,1.9446899646169413e-09,train,train
241,-0.005232111167354344,-0.002616055583677172,3.1145667031814614,0.01362140319691771,0.01626233,0.0053876756058542224,0.00872543,0.0,0.0,2.2619977691487317e-08,3.4871154852567088e-09,train,train
242,-0.020884984954751377,-0.010442492477375689,2.707655434561339,0.0680433867010378,0.08272441,0.022096546698107605,0.02911246,0.0,0.0,1.6515124167333886e-08,2.042050861739142e-09,test,train
243,-0.005294749277186415,-0.0026473746385932075,3.096388023300245,0.013722987336739037,0.01478939,0.004537513522912815,0.00699521,0.0,0.0,6.819406651858595e-09,2.6441384637365672e-09,train,valid
244,-0.008863814562471492,-0.004431907281235746,2.9159200914903414,0.02546877186895683,0.03179813,0.010386899516687677,0.01609288,0.0,0.0,1.0496598201584642e-08,3.4450575725486487e-09,train,train
245,-0.006000494842395655,-0.0030002474211978276,3.202165822336681,0.015987406048999946,0.01858844,0.005672947786868247,0.00832538,0.0,0.0,1.3809325327263027e-08,3.4647043012370204e-09,train,train
246,-0.005098109454747891,-0.0025490547273739456,2.8945712541314093,0.013057858582073605,0.01689711,0.0037348840924429413,0.00563307,0.0,0.0,2.056223255475011e-08,3.1177727066733496e-09,train,train
247,-0.04541067138901319,-0.022705335694506595,2.484844921640748,0.1672408765414565,0.20396672,0.040947489613260994,0.07348747,0.0,0.0,4.423794014693152e-09,3.664288206195465e-09,train,test_ood_short_range
248,-0.02180841228048365,-0.010904206140241825,2.6864198813707945,0.07295317519303209,0.08419311,0.028393553303169897,0.0513033,0.0,0.0,1.4524391489833987e-08,1.6892345300334455e-09,train,train
249,-0.0041760809997239915,-0.0020880404998619958,3.003289569755929,0.010355843024524851,0.01161409,0.0029961014131784655,0.00489152,0.0,0.0,8.938769144323162e-09,1.693939433167202e-09,train,train
250,-0.015828620824222848,-0.007914310412111424,2.953643924031166,0.04941175849063527,0.06141099,0.013495159404140063,0.02103602,0.0,0.0,1.319189465384207e-08,4.641378170688881e-09,train,train
251,-0.03010553077101708,-0.01505276538550854,2.665683992999423,0.10681913975103197,0.16137605,0.05193818284865208,0.07861915,0.0,0.0,1.1606481790074717e-08,1.3723860936565302e-09,train,train
252,-0.008337371837147738,-0.004168685918573869,2.6324049463047277,0.0230380384303301,0.02467154,0.004243655163816133,0.00728296,0.0,0.0,1.3794159676404108e-08,3.4527635195402695e-09,train,unused
253,-0.04248315126282624,-0.02124157563141312,2.683477516248547,0.15674751282780108,0.23575865,0.057454137612599904,0.10817076,0.0,0.0,1.4807274282035347e-08,4.623375904344584e-09,train,train
254,-0.005883803059012705,-0.0029419015295063526,3.1074539595390784,0.015451349091184024,0.01700529,0.004647949817433847,0.00973246,0.0,0.0,1.4609502939786393e-08,4.220938931709384e-09,test,train
255,-0.010250312673185892,-0.005125156336592946,3.129548370725946,0.030272481329351467,0.03847806,0.012370046026457082,0.01834808,0.0,0.0,7.264688040697287e-09,2.809439347828402e-09,valid,train
256,-0.052022690922853845,-0.026011345461426923,2.483837407941448,0.19171287458282835,0.23057705,0.04232442316751267,0.05741504,0.0,0.0,2.1547664261123755e-08,1.0039671316519616e-09,train,test_ood_short_range
257,-0.009451139017181157,-0.004725569508590578,3.0678363143176273,0.027005091403961214,0.03174613,0.009656752304991053,0.01604868,0.0,0.0,7.764991439967987e-09,2.878020266550152e-09,test,train
258,-0.00823357818148882,-0.00411678909074441,2.8164572609301843,0.023188128331361,0.02663375,0.008156078551811321,0.01142437,0.0,0.0,2.0119852900953725e-08,2.4564901224266578e-09,train,train
259,-0.009247633060669572,-0.004623816530334786,2.9547895324615756,0.02633541203529701,0.02723084,0.007806764394416763,0.01222603,0.0,0.0,1.1416464173792867e-08,2.358723993900469e-09,valid,train
260,-0.005502655337741002,-0.002751327668870501,3.2051436643271165,0.014315786065164798,0.01583525,0.0041906953336727625,0.00507361,0.0,0.0,1.1127209293795565e-08,1.731341514599194e-09,valid,train
261,-0.014631109911200599,-0.0073155549556002996,2.7723627839900673,0.0449655165244787,0.05784737,0.016640977478624364,0.0282824,0.0,0.0,9.360707487257099e-09,4.05482070142682e-09,train,unused
262,-0.006092694428961756,-0.003046347214480878,3.045119292186214,0.01640248383492472,0.02294873,0.0072294261322770285,0.01093962,0.0,0.0,1.8013426113432694e-08,4.401045972102224e-09,train,train
263,-0.024414953349837204,-0.012207476674918602,2.6877284048242487,0.08052756888961549,0.09463414,0.0192122473042432,0.02654525,0.0,0.0,1.0445758244529649e-08,2.9869962059336785e-09,train,train
264,-0.006305111284860466,-0.003152555642430233,2.838637681752403,0.016762874467197843,0.02024079,0.0026826885646368515,0.00585237,0.0,0.0,7.699591533914261e-09,3.905474388332664e-09,train,valid
265,-0.01444869693336171,-0.007224348466680855,2.5114257805444993,0.044177356117689595,0.04935551,0.010768720232209582,0.01639852,0.0,0.0,2.137288361791116e-08,1.4449277330186305e-09,valid,test_ood_short_range
266,-0.010177995649863995,-0.005088997824931997,2.8791945581057448,0.029485893766772048,0.03537481,0.004843422542906342,0.00695442,0.0,0.0,6.951584119984167e-09,2.74720179938015e-09,train,train
267,-0.01205792123688754,-0.00602896061844377,2.8568984387021303,0.03607800557148635,0.03814245,0.012024750013632299,0.01718901,0.0,0.0,2.5560019312686942e-08,3.875700205213661e-09,train,valid
268,-0.079451710595919,-0.0397258552979595,2.563656207379897,0.31452842964772443,0.40402201,0.09700252058878531,0.18355956,0.0,0.0,1.1985273749834944e-08,4.415618315434244e-09,train,test_ood_short_range
269,-0.012153526445458748,-0.006076763222729374,2.44079718801938,0.035648117157528345,0.04087801,0.007982372367129753,0.01286417,0.0,0.0,1.0845084987467489e-08,5.97887839237643e-09,train,test_ood_short_range
270,-0.00982073076671601,-0.004910365383358005,3.064844392556875,0.028256911785212245,0.03559542,0.007454475362705502,0.01225557,0.0,0.0,9.992553119883343e-09,2.4874509119143795e-09,train,train
271,-0.009619675917473107,-0.004809837958736554,2.6287990646060853,0.027268244617252135,0.03801311,0.0065213484706296235,0.0112007,0.0,0.0,1.43933699061451e-08,1.2428063023151026e-09,train,train
272,-0.016696883162474155,-0.008348441581237077,2.8699148985679277,0.05174646120270705,0.06890123,0.014113826564620359,0.02403356,0.0,0.0,1.430932571093132e-08,1.5984510381983341e-09,train,train
273,-0.006470439625440958,-0.003235219812720479,3.0023643529602007,0.01741136896556002,0.02333889,0.005664681937300923,0.00919058,0.0,0.0,3.718737949479348e-09,7.083804876018007e-09,test,valid
274,-0.009480870154113788,-0.004740435077056894,2.766473577441663,0.027228228888586684,0.03732185,0.008554618789453254,0.01540126,0.0,0.0,1.0875869950947539e-08,2.2773571917156232e-09,train,train
275,-0.013579820322763444,-0.006789910161381722,2.7556750846268834,0.04095379492388668,0.04609758,0.007319370101510329,0.01411306,0.0,0.0,1.042430716892832e-08,2.197370729817294e-09,train,train
276,-0.030881903159313443,-0.015440951579656722,2.6108981349587546,0.10629744508927985,0.13247827,0.03323353817155545,0.05650953,0.0,0.0,1.0984147322970918e-08,5.655836909923551e-10,train,test_ood_short_range
277,-0.006815221125531407,-0.0034076105627657035,2.87385790995884,0.018349191145851634,0.02108452,0.005583975225164417,0.00868375,0.0,0.0,9.922138684136544e-09,2.0566286451639826e-09,test,train
278,-0.04121970855604913,-0.020609854278024566,2.622924678818582,0.15233105177062248,0.16403228,0.06245798616637133,0.08615092,0.0,0.0,1.0512614665653387e-08,4.1567552733212665e-09,valid,test_ood_short_range
279,-0.010998772032952246,-0.005499386016476123,2.655153138270209,0.032337686323350344,0.0385139,0.010855004149506346,0.01998947,0.0,0.0,3.5351842591827395e-09,4.09036293724796e-09,train,train
280,-0.010681589977760622,-0.005340794988880311,2.9238385990621003,0.031328963868550885,0.03542754,0.007555294329336217,0.01200898,0.0,0.0,1.665933578402699e-08,1.6948562553409374e-09,train,train
281,-0.013377786937791791,-0.006688893468895896,2.891313169878691,0.040757005750030266,0.05396744,0.012059441532306404,0.02212724,0.0,0.0,1.757565657879759e-08,4.534014608204018e-09,train,train
282,-0.007161491692292492,-0.003580745846146246,3.141066169126046,0.01989783495387124,0.02298808,0.007657119052278518,0.01241508,0.0,0.0,2.001019950259935e-08,1.307857266930057e-09,train,train
283,-0.022572757902000164,-0.011286378951000082,2.5568763426814773,0.07410029862674217,0.09027005,0.028944587690760942,0.04311134,0.0,0.0,1.2997032718741179e-08,7.20527637554369e-10,train,test_ood_short_range
284,-0.013558085196203815,-0.006779042598101907,2.7268812876157837,0.04165095393413937,0.05115787,0.015219599186824315,0.02853389,0.0,0.0,1.948335444935207e-08,6.501444271833634e-09,train,train
285,-0.008521909972940611,-0.004260954986470306,2.8897886051234707,0.023797203392211867,0.02665351,0.005119886157687818,0.0086146,0.0,0.0,1.103144195951824e-08,3.5161775713277166e-09,train,train
286,-0.010099115752195086,-0.005049557876097543,3.1293705466852133,0.029121659657230504,0.03373761,0.009781458523821998,0.0146942,0.0,0.0,1.8532525750404367e-08,3.6482624699019084e-09,test,unused
287,-0.00648765988417045,-0.003243829942085225,3.1152094886564656,0.017687150908865076,0.0217416,0.007514310460349416,0.00994409,0.0,0.0,1.8542278375974937e-08,3.338860521395759e-09,test,train
288,-0.0036938211358107645,-0.0018469105679053822,3.116954037047006,0.008997348081853526,0.01038387,0.0010220619701286871,0.00164434,0.0,0.0,5.027319281550815e-09,1.469374955043179e-09,test,train
289,-0.013510771430034726,-0.006755385715017363,2.990835164099785,0.041586191065665454,0.04768889,0.0162283812023083,0.02358135,0.0,0.0,1.379031321708297e-08,1.212376976589269e-09,valid,train
290,-0.01430038076765265,-0.007150190383826325,3.0344936986428848,0.043812257970991406,0.05126814,0.01163393875509852,0.01664555,0.0,0.0,2.5190185416474078e-08,4.439689171853445e-09,train,train
291,-0.019856000180234836,-0.009928000090117418,2.6419638541694814,0.06498216265858962,0.0927053,0.025751547460040148,0.05022689,0.0,0.0,2.3452587781575167e-08,1.90377580366885e-09,train,train
292,-0.016794506730124475,-0.008397253365062238,3.001372199251736,0.05262780633961005,0.05882917,0.018623317009305834,0.03009707,0.0,0.0,1.2790182396590338e-08,5.069556552328436e-09,test,train
293,-0.008165781560671359,-0.004082890780335679,2.9399003540814093,0.02291421033153372,0.02435029,0.007355654924085051,0.01049772,0.0,0.0,1.8207673064976154e-08,2.294942014202661e-09,train,train
294,-0.015973695321876154,-0.007986847660938077,2.5666256419323124,0.05038222860502369,0.06253189,0.019265605098555818,0.03655218,0.0,0.0,1.1311828783251176e-08,3.4361999912135843e-09,train,test_ood_short_range
295,-0.003326385333140553,-0.0016631926665702766,3.0208616332601266,0.007883057498274384,0.00900137,0.0017752875554164927,0.00351994,0.0,0.0,1.239582340395002e-08,4.338010395343872e-09,train,train
296,-0.00995181825340237,-0.004975909126701185,2.8734058189887404,0.028823061301978897,0.03170122,0.004564152370254525,0.00638441,0.0,0.0,9.863406166393107e-09,2.753767103236271e-09,train,unused
297,-0.004608982923267965,-0.0023044914616339824,3.1186181619035995,0.01176794146429046,0.01370108,0.004301170114232482,0.00781776,0.0,0.0,2.696277632950157e-08,4.639029049791077e-09,train,train
298,-0.027502792410764743,-0.013751396205382372,2.6850960351558983,0.09362711081483575,0.13208166,0.028909823171324196,0.05546928,0.0,0.0,1.1654859710461634e-08,2.0680195333966367e-09,test,train
299,-0.016030103443440375,-0.008015051721720188,2.626348980823923,0.049556989548678196,0.05840672,0.012660267424225945,0.01862826,0.0,0.0,4.471467977769706e-09,4.400090292122627e-09,test,train
300,-0.0119431428781415,-0.00597157143907075,2.682368643917951,0.035202705792559,0.04046238,0.005701554073364559,0.01200173,0.0,0.0,8.8270459075279e-09,3.246966917558325e-09,test,train
301,-0.009868329208604996,-0.004934164604302498,2.9577429232067765,0.028995280894500746,0.03672155,0.0126769343169113,0.02031039,0.0,0.0,1.2520484644924877e-08,5.797448854316656e-09,train,train
302,-0.010706880527940426,-0.005353440263970213,2.6646860754947252,0.03100999480275889,0.03958053,0.002676425422337289,0.00455869,0.0,0.0,1.8510854631973548e-08,1.950948735895963e-09,train,train
303,-0.0275914582309337,-0.01379572911546685,2.7218097786020166,0.09526578410574596,0.11890498,0.038519399267893356,0.05773014,0.0,0.0,8.465756979067892e-09,4.488288407600294e-09,valid,train
304,-0.030721730033269022,-0.015360865016634511,2.621832032893499,0.1065260160822679,0.1104978,0.02678584710812721,0.04299166,0.0,0.0,1.7709409501409827e-08,1.0326181021369507e-09,train,test_ood_short_range
305,-0.011435988351231335,-0.0057179941756156675,2.897092446203991,0.034198504082678334,0.04091294,0.014996036313172891,0.02657605,0.0,0.0,9.715271412592612e-09,4.928495833667057e-09,train,train
306,-0.008093477502418789,-0.004046738751209394,2.873237801544724,0.02252272355670305,0.03152695,0.007689147291030825,0.0144871,0.0,0.0,1.095026524365771e-08,5.25516996585651e-09,train,train
307,-0.010427958726402177,-0.005213979363201089,2.933252486911381,0.030168653926662025,0.03808151,0.009728054809122085,0.01628228,0.0,0.0,1.4307202884423075e-08,4.940403530717674e-09,train,train
308,-0.026544666240981493,-0.013272333120490747,2.7933971449369763,0.0885013535047363,0.10099742,0.01845139873965431,0.03237971,0.0,0.0,1.736509038431813e-08,7.017857406310668e-10,test,train
309,-0.030865762446546426,-0.015432881223273213,2.6424543865581245,0.10669748680089298,0.11602619,0.03710807683604025,0.06603385,0.0,0.0,5.35153831305978e-09,2.09202966061639e-09,test,valid
310,-0.0062705994963432,-0.0031352997481716,2.89646032661493,0.01680048068739106,0.02122051,0.005332382891189453,0.00904789,0.0,0.0,1.9074700940379254e-08,4.4140686661364725e-09,test,train
311,-0.005978763250290969,-0.0029893816251454846,2.9024244186414188,0.015667957648123766,0.01709021,0.0018082662371822723,0.00337468,0.0,0.0,9.023527736694386e-09,3.392831127158047e-09,train,train
312,-0.010866818536516425,-0.005433409268258213,2.7523734528972494,0.03151499628309302,0.03698558,0.007847432505787058,0.01085257,0.0,0.0,4.882548507650379e-09,5.755204202095854e-09,train,train
313,-0.008325882031649487,-0.004162941015824743,2.986732418432546,0.023762385034361903,0.03235282,0.011379064998728294,0.01948476,0.0,0.0,1.0513771714996959e-08,3.833562134403223e-09,train,train
314,-0.019150313935126496,-0.009575156967563248,2.4015742104455473,0.06077108272516159,0.07110616,0.013690613149243292,0.01901443,0.0,0.0,1.962107441892357e-08,4.2360952523523565e-09,train,test_ood_short_range
315,-0.05843355942984229,-0.029216779714921145,2.3316710658444717,0.22195784143555922,0.25372548,0.04739011780066125,0.07846174,0.0,0.0,1.799098363042639e-08,4.740659642621381e-09,train,test_ood_short_range
316,-0.004553347147974401,-0.0022766735739872005,3.0337514350864803,0.011420674700410655,0.01319288,0.0010676197004161484,0.00153524,0.0,0.0,2.243813092683136e-08,3.86322784873272e-09,test,train
317,-0.032794592125065726,-0.016397296062532863,2.4839796486708656,0.11163116082065319,0.1274172,0.015757618917682854,0.03255888,0.0,0.0,2.5207451358530098e-08,2.565234802354155e-09,test,test_ood_short_range
318,-0.007649857439329444,-0.003824928719664722,2.85813296401559,0.020957294160578076,0.02481206,0.006441191753614647,0.00951654,0.0,0.0,1.1806685868778632e-08,5.401272762384224e-10,train,train
319,-0.003264406894218638,-0.001632203447109319,3.227869312351653,0.007710182733699204,0.00807855,0.0019316554818902532,0.00258687,0.0,0.0,1.4029598542013468e-08,4.119333318897134e-09,train,train
320,-0.009044946450214671,-0.0045224732251073355,2.7467680977832907,0.02558372878717838,0.02879284,0.009331420371043914,0.01727245,0.0,0.0,1.2424107610445864e-08,2.0942645395649606e-09,test,train
321,-0.03609732123996168,-0.01804866061998084,2.5872366729152243,0.12764602879590795,0.1400213,0.045761932437018725,0.07958874,0.0,0.0,2.145017177933881e-08,1.2381704550534778e-09,test,test_ood_short_range
322,-0.005776751007692452,-0.002888375503846226,2.9879503708797506,0.015173703827157691,0.01621864,0.004900598671368292,0.00760757,0.0,0.0,5.72074998966479e-09,1.7481760483661901e-09,train,valid
323,-0.011264084050854162,-0.005632042025427081,2.918271204575059,0.03353989747812298,0.04338736,0.012861268278990477,0.02195292,0.0,0.0,2.1739443245493193e-08,1.7780397154609773e-09,train,train
324,-0.005795307860366485,-0.0028976539301832425,3.0104963616274185,0.015309634595396674,0.02028184,0.005272502414638297,0.00973389,0.0,0.0,1.4824164500299759e-08,3.4085460010047086e-09,train,train
325,-0.009916360576736921,-0.004958180288368461,3.054791754351914,0.028782726914817622,0.03318335,0.008108395892405805,0.01410645,0.0,0.0,2.25405542696819e-08,2.445317948129855e-09,train,train
326,-0.015909445875022396,-0.007954722937511198,2.905832507700486,0.05122518049006303,0.07332067,0.027613339820549598,0.04127811,0.0,0.0,6.17844402478387e-09,2.9181868033134606e-09,test,train
327,-0.007633517741301845,-0.0038167588706509224,3.1566279505087755,0.021248529434294193,0.02483813,0.008310277370324852,0.01456238,0.0,0.0,6.803704733436277e-09,3.8028329374384384e-09,train,train
328,-0.0033356455791867115,-0.0016678227895933558,3.1545510406868917,0.008012390984107054,0.00964787,0.0019085580283336072,0.0026413,0.0,0.0,1.4349427265873635e-08,4.27142710091033e-09,valid,train
329,-0.012246123378001319,-0.006123061689000659,2.9289495777641785,0.03686437555042808,0.04240025,0.010137226004702503,0.01521202,0.0,0.0,1.231080289615764e-08,2.813692612235741e-09,train,train
330,-0.012471439271985144,-0.006235719635992572,2.853914874481305,0.037773317208774505,0.04756784,0.011419401569183328,0.01915899,0.0,0.0,4.590439645583367e-09,4.646889872894633e-09,train,train
331,-0.01892238779702952,-0.00946119389851476,2.9457888748521515,0.06066264634727097,0.06925346,0.019658396600748834,0.03204544,0.0,0.0,1.6845868387142224e-08,3.890708422105149e-09,valid,train
332,-0.014574632731790563,-0.007287316365895281,2.6736369409715883,0.04513742007292877,0.05719812,0.010283994706412322,0.01674199,0.0,0.0,5.9754229944274874e-09,1.3415278887762838e-09,train,train
333,-0.01966462085086982,-0.00983231042543491,2.8957550407168418,0.06336954026631249,0.07852207,0.012060290463566789,0.01876653,0.0,0.0,8.876438566084601e-09,3.013571836518736e-09,train,train
334,-0.010320066681828416,-0.005160033340914208,2.900762068438604,0.030288877598630713,0.04302824,0.012459591050371597,0.01750293,0.0,0.0,6.070399933661786e-09,4.323950753004624e-09,valid,train
335,-0.006082012279356518,-0.003041006139678259,3.1049909717605786,0.016274023881872813,0.01940262,0.004221533087485319,0.00874615,0.0,0.0,7.751853785506249e-09,4.243622564459315e-09,valid,train
336,-0.008964590449021493,-0.004482295224510747,3.0079332675225463,0.02516158623312992,0.0269943,0.0052228639292218465,0.01060389,0.0,0.0,1.0465519698206456e-08,1.0056206978248383e-09,test,train
337,-0.01304659444336792,-0.00652329722168396,2.5479876966726196,0.038859382790708344,0.04850824,0.007973027763871557,0.01626445,0.0,0.0,1.519783910844118e-08,3.303793572051461e-09,test,test_ood_short_range
338,-0.019480614985296078,-0.009740307492648039,2.7461724493771382,0.06345407130102712,0.07124763,0.019836270840286066,0.0316963,0.0,0.0,1.987058309023652e-08,5.608128628153963e-09,train,train
339,-0.1069119835518556,-0.0534559917759278,2.5292528687423115,0.43756050927214923,0.52794641,0.1446149044420938,0.27801534,0.0,0.0,9.544105622484233e-09,1.9133767903412036e-09,train,test_ood_short_range
340,-0.009571561767009507,-0.004785780883504754,2.816307361920511,0.02760936437955608,0.03395032,0.010984862119437368,0.01562596,0.0,0.0,1.3816298365134639e-08,1.871681476472986e-09,train,train
341,-0.010504290757059482,-0.005252145378529741,2.988786011840098,0.03074052715225402,0.04112752,0.011291436004236426,0.0237322,0.0,0.0,1.786827355347399e-08,2.7102976529747025e-09,train,train
342,-0.0050736768940095696,-0.0025368384470047848,3.1220326986453366,0.013000162906371597,0.01515661,0.003102702936564612,0.00468259,0.0,0.0,1.1000756334667297e-08,3.810629811695776e-09,train,train
343,-0.0032166465032343844,-0.0016083232516171922,3.068564940288005,0.00753977847283106,0.00815559,0.0013409034357539198,0.0018149,0.0,0.0,1.1870599199320988e-08,1.604338217831014e-09,test,train
344,-0.003998165773188555,-0.0019990828865942777,3.1956983782005457,0.009952191444261578,0.01106928,0.004338891066336344,0.00633485,0.0,0.0,1.8846526200467186e-08,1.8389849643085654e-09,train,valid
345,-0.014019517948273417,-0.007009758974136708,2.897726131747892,0.04277896678296317,0.04559726,0.0104538917666867,0.01663911,0.0,0.0,4.248501653812318e-09,4.568736500232262e-09,train,train
346,-0.012691032529650884,-0.006345516264825442,2.853711517461101,0.038286772361688655,0.04215856,0.01431480992149797,0.02603605,0.0,0.0,8.887177926232995e-09,2.4318747016138786e-09,train,train
347,-0.0033277048607413618,-0.0016638524303706809,3.2391413000079594,0.008036809225362181,0.00851415,0.0022257208532068884,0.00307937,0.0,0.0,7.652866057630382e-09,4.017556953783696e-09,train,train
348,-0.015333869141833862,-0.007666934570916931,2.5848131658755835,0.04737119185526368,0.05826857,0.01244710752420283,0.01868432,0.0,0.0,1.0337482981569511e-08,5.39100764029854e-09,train,test_ood_short_range
349,-0.008294200678660124,-0.004147100339330062,2.8605557141993305,0.022997831231558918,0.02429065,0.006771781902456201,0.01028738,0.0,0.0,1.2803062188160685e-08,3.670230785957074e-10,train,train
350,-0.030380795095494708,-0.015190397547747354,2.3468561990620502,0.10506737931757458,0.122572,0.017291331246340847,0.03382348,0.0,0.0,9.332595694765783e-09,2.984037572595355e-09,train,test_ood_short_range
351,-0.008747145766675206,-0.004373572883337603,2.7163416179154964,0.024710792067942702,0.03165351,0.006648607811755281,0.01283212,0.0,0.0,9.382354372509827e-09,3.2615893319487554e-09,test,train
352,-0.002925446470129881,-0.0014627232350649406,3.049038789453394,0.006763378288737565,0.00812739,0.0010217408760868222,0.00200784,0.0,0.0,1.90472484941125e-08,1.5741977721361877e-09,train,train
353,-0.013389506553970592,-0.006694753276985296,2.6373006576364806,0.04084361856230746,0.04668507,0.011249113960022955,0.01944528,0.0,0.0,1.521879218083012e-08,2.1754225087988743e-09,train,valid
354,-0.00880680190754678,-0.00440340095377339,2.723249556276769,0.024827512525850564,0.02993455,0.00697015519324594,0.01177137,0.0,0.0,1.5978001896209228e-08,4.213126958418911e-09,train,train
355,-0.005102842686626694,-0.002551421343313347,2.9074874875260304,0.013132265504823097,0.01416449,0.004153651081877645,0.00641362,0.0,0.0,1.2244714308028863e-08,4.447794133000116e-09,train,train
356,-0.016374155544602174,-0.008187077772301087,2.6913348601325477,0.05091101618632586,0.05555112,0.017918019544169776,0.02689115,0.0,0.0,1.3018899248049769e-08,5.300849870160107e-09,valid,train
357,-0.013492470182709687,-0.0067462350913548436,2.902168106856694,0.04120064141773604,0.04826176,0.014725973805444355,0.02566066,0.0,0.0,1.3892008253886516e-08,3.3189154757806705e-09,test,train
358,-0.011899541921418687,-0.005949770960709344,3.0668137330377068,0.03548643717037868,0.04143401,0.014789957356941568,0.01946954,0.0,0.0,1.1271691785627558e-08,2.0138573031402984e-09,train,train
359,-0.01055304236688824,-0.00527652118344412,2.627476153429547,0.030454065074883956,0.03387698,0.008183704029239042,0.01323298,0.0,0.0,9.693527178230354e-09,9.857343830077525e-10,valid,valid
360,-0.01655437443169681,-0.008277187215848405,2.59559808447815,0.05185385718125959,0.071476,0.01206041184455227,0.02109748,0.0,0.0,2.129185520865082e-08,4.9970266813303965e-09,valid,test_ood_short_range
361,-0.016343116233342,-0.008171558116671,2.5616674057751774,0.05062345380718342,0.05784177,0.012070301157086624,0.01715245,0.0,0.0,3.743932168496177e-09,2.647340346939586e-09,test,test_ood_short_range
362,-0.0038727468230567714,-0.0019363734115283857,3.2561624582788165,0.009454596108704662,0.01034404,0.0027071526809915986,0.00402713,0.0,0.0,1.2500957962318646e-08,5.3847377667892715e-09,train,train
363,-0.05647209329055659,-0.028236046645278293,2.6738270907179253,0.21750551388862352,0.32692123,0.08463834361167352,0.11969358,0.0,0.0,5.733055663835741e-09,2.2824783174613117e-09,train,train
364,-0.005908770740339714,-0.002954385370169857,3.0863729139989697,0.0157272045793576,0.01744013,0.0053515124530749865,0.00959012,0.0,0.0,1.2524723352010582e-08,2.878146276863447e-09,train,train
365,-0.030438396232703765,-0.015219198116351883,2.7265849075022053,0.10371391052491931,0.11497541,0.029635470470254898,0.0518706,0.0,0.0,1.3788897882683802e-08,3.449631136298592e-09,train,train
366,-0.028220135654477195,-0.014110067827238598,2.5270008919668596,0.09702307939775703,0.11912752,0.04196525605917114,0.05702291,0.0,0.0,1.1488492238049623e-08,5.200507580127578e-09,valid,test_ood_short_range
367,-0.01966504848680356,-0.00983252424340178,2.7030034070425724,0.06349628964782168,0.09294795,0.022596686732893313,0.04436501,0.0,0.0,1.1796926754213888e-08,1.999844845279597e-09,train,train
368,-0.0068087592010721894,-0.0034043796005360947,3.024431369474149,0.01839257196615525,0.02194741,0.0061265560160283635,0.00882957,0.0,0.0,1.2195415005464824e-08,2.0825634550192262e-09,train,train
369,-0.02547999487161341,-0.012739997435806704,2.739918442107513,0.08785436379383439,0.12575285,0.043731348083112145,0.06987391,0.0,0.0,1.6335356594087745e-08,2.6698785404732917e-09,test,train
370,-0.017035486092622985,-0.008517743046311492,2.682264615024288,0.05377207817681404,0.06837403,0.020725457746975096,0.04079592,0.0,0.0,1.713389630552322e-08,3.828290573437698e-09,valid,train
371,-0.005062040656737527,-0.0025310203283687633,3.1426247767976587,0.012938911362141974,0.01610401,0.0034744766769663794,0.00524,0.0,0.0,7.613331197576096e-09,2.08101225140922e-09,train,train
372,-0.012774914958574123,-0.0063874574792870615,2.873222473336153,0.03856444858795987,0.04116517,0.017040230565890727,0.02642013,0.0,0.0,1.817999116455562e-08,1.97750360531046e-09,test,train
373,-0.006816589167381293,-0.0034082945836906467,2.8759997940282753,0.018289913060676368,0.02180735,0.003656255223921055,0.00642209,0.0,0.0,2.4153354988630897e-08,3.4838765206046673e-10,train,train
374,-0.012822381994733949,-0.006411190997366974,2.815179622886988,0.03940875146812782,0.0485161,0.015037869538075642,0.01980744,0.0,0.0,1.2672051618346852e-08,2.2361124063507987e-09,valid,train
375,-0.014817273216135523,-0.007408636608067762,2.929573080195114,0.047013624164001296,0.05557585,0.021430398307129058,0.02972314,0.0,0.0,1.0485445195458031e-08,3.674116566543262e-09,train,valid
376,-0.003713831152630193,-0.0018569155763150966,3.163024387754026,0.009116034309756995,0.01048994,0.0022001638922551506,0.00370738,0.0,0.0,6.348113413981136e-09,3.8591357887085564e-09,test,valid
377,-0.005194897062636679,-0.0025974485313183396,2.7727521488802176,0.013229934417995678,0.01548474,0.0017954145113594242,0.00287141,0.0,0.0,2.9378491527538884e-09,6.074245550991009e-10,train,train
378,-0.011564114339199218,-0.005782057169599609,2.5990490930707475,0.03421150969787946,0.04683107,0.011051183425899086,0.01779951,0.0,0.0,7.616678849530701e-09,1.4352223853819623e-09,train,test_ood_short_range
379,-0.01745022478102868,-0.00872511239051434,2.6819360612876686,0.05583856688125481,0.07564361,0.01984362831066814,0.04123587,0.0,0.0,2.046798039974105e-08,2.4476021209807186e-09,train,train
380,-0.03135244926837032,-0.01567622463418516,2.35275783737056,0.11032584708137301,0.16036285,0.03630785232426887,0.06849108,0.0,0.0,4.445238053429806e-09,5.153880766606278e-09,train,test_ood_short_range
381,-0.014151848241833086,-0.007075924120916543,2.967741818436628,0.042904854719932335,0.05634695,0.011397547621669906,0.01598724,0.0,0.0,9.570421372343419e-09,1.979149066855257e-09,valid,train
382,-0.017146690184215798,-0.008573345092107899,2.5348756863087227,0.053253469513967186,0.05837517,0.007202064265255252,0.01320743,0.0,0.0,1.58306465301072e-08,1.32909239169976e-09,train,test_ood_short_range
383,-0.004986997253773549,-0.0024934986268867745,3.098371239087702,0.012813252717263742,0.01465599,0.003973015728800982,0.00823207,0.0,0.0,3.6208609014297694e-09,2.476954308328061e-09,valid,train
384,-0.011635466726331482,-0.005817733363165741,2.9707363325940577,0.0342970436430105,0.0402848,0.00788288834980766,0.01169799,0.0,0.0,1.6003104021196058e-08,2.263973453153767e-10,train,train
385,-0.008089435104801682,-0.004044717552400841,3.0876921209703276,0.022702918148571415,0.02484198,0.00434592350469763,0.00705957,0.0,0.0,1.9598963569948962e-08,5.986735551744005e-09,train,valid
386,-0.0540840860824409,-0.02704204304122045,2.3922714160394642,0.20849189791935913,0.29650538,0.08706028094687104,0.16896735,0.0,0.0,4.6774536682915484e-09,3.5561795730387757e-09,train,test_ood_short_range
387,-0.01260491597097395,-0.006302457985486975,2.81956196763272,0.03805876076751537,0.05108276,0.015005082257226493,0.02500147,0.0,0.0,1.2500302216491419e-08,2.5697872718666304e-09,train,train
388,-0.02308838569945804,-0.01154419284972902,2.8688659807847747,0.07589769027825485,0.09525962,0.01760523541962021,0.0325299,0.0,0.0,8.39473496535354e-09,5.361318056174014e-10,test,train
389,-0.032761238347530044,-0.016380619173765022,2.718412289892186,0.11385233231474956,0.130863,0.03564050902941226,0.05851389,0.0,0.0,2.0870511788287852e-08,9.285225921473739e-10,test,train
390,-0.01228395381324934,-0.00614197690662467,2.4861939682570826,0.03625495208396089,0.04545121,0.009699489333630748,0.01445739,0.0,0.0,1.4012511866342841e-08,4.491779281856623e-09,valid,test_ood_short_range
391,-0.040210534336286206,-0.020105267168143103,2.9163140864927466,0.14204775648944465,0.16321248,0.00914972019266072,0.01300084,0.0,0.0,8.67343921325088e-09,2.7314590589355703e-09,train,train
392,-0.012288396171142437,-0.0061441980855712185,2.7759189436253493,0.03664340039042092,0.04255944,0.010966721165400047,0.01405169,0.0,0.0,1.2846392671191777e-08,4.0157677183572105e-09,test,valid
393,-0.014473679601163749,-0.007236839800581874,2.8840217833373365,0.04483838580228404,0.05347304,0.014268991358612215,0.02179314,0.0,0.0,1.2739734029530976e-08,2.392859910216316e-09,train,train
394,-0.006477334361269195,-0.0032386671806345973,2.9198413498636797,0.017448249099854308,0.01930036,0.0028078516131466065,0.0045566,0.0,0.0,8.933723375534574e-09,2.09970085762734e-09,valid,train
395,-0.07183657809852377,-0.035918289049261885,2.3720510036118676,0.27803471270454905,0.33654177,0.0642900470913535,0.08617785,0.0,0.0,7.101595676348465e-09,3.415104199433472e-09,train,test_ood_short_range
396,-0.01273849488654384,-0.00636924744327192,2.8757357900040708,0.03868845991070206,0.05176348,0.013231990988899465,0.02148089,0.0,0.0,1.0245944140344558e-08,1.541295535645304e-09,test,train
397,-0.0050723402440874,-0.0025361701220437,2.8353687877858396,0.012844910068740589,0.01428864,0.0021643135060799303,0.00324483,0.0,0.0,5.000712601619273e-09,2.7921998047020224e-09,train,train
398,-0.023889938446735575,-0.011944969223367788,2.7030782413276198,0.07990029077840727,0.08463914,0.020509617324716227,0.03554626,0.0,0.0,8.359576899663193e-09,3.7281399078992195e-09,valid,valid
399,-0.0040946530898633765,-0.0020473265449316882,3.235686329614276,0.010069363391967737,0.01077818,0.002127687276073875,0.00310798,0.0,0.0,1.7651638497987427e-08,5.674879233197316e-09,train,train
400,-0.01340543684485907,-0.006702718422429535,2.6411872436685786,0.04009299228567714,0.04612752,0.009456419083673622,0.01349003,0.0,0.0,5.139574471668467e-09,4.1423886543157096e-09,train,train
401,-0.010688837680465314,-0.005344418840232657,3.1175223369012364,0.03148755577471784,0.03321923,0.011930537446319563,0.02068034,0.0,0.0,1.689868503592318e-08,3.4809233273591644e-09,train,train
402,-0.013938471049981967,-0.006969235524990984,2.889281307480849,0.0425973912113015,0.04869644,0.01156573095498868,0.01711465,0.0,0.0,5.835823848066284e-09,2.2027211166175675e-09,valid,train
403,-0.006320068419694536,-0.003160034209847268,2.9289052946666563,0.016800973448787622,0.02095138,0.003219424446442252,0.00456156,0.0,0.0,2.1789295704493208e-09,3.876387655310509e-09,train,train
404,-0.00417524507740698,-0.00208762253870349,3.030078926708664,0.010262813172436363,0.01091355,0.0024699651202867894,0.00356009,0.0,0.0,1.8078912724625272e-08,2.603352755592425e-09,train,train
405,-0.0022088705042828836,-0.0011044352521414418,3.299672974346499,0.004900535499738778,0.00530429,0.0012096684197057197,0.00181491,0.0,0.0,9.514276698302915e-09,5.11150688442541e-09,train,train
406,-0.15058791316848363,-0.07529395658424182,2.465633614635784,0.6449191176652928,0.83429021,0.2056837397763577,0.36250042,0.0,0.0,3.2241933118779625e-09,3.146070626236508e-09,train,test_ood_short_range
407,-0.06525843104389854,-0.03262921552194927,2.3445436993373727,0.25647846745390607,0.36284979,0.09735776270002895,0.14774394,0.0,0.0,4.727192787201317e-09,2.3681101524175574e-10,valid,test_ood_short_range
408,-0.009615950240386629,-0.004807975120193314,2.9751596112418515,0.02771707513137464,0.03030882,0.007303922217148127,0.01144322,0.0,0.0,2.046909714357454e-08,1.4427140593298304e-09,train,train
409,-0.004515064953512232,-0.002257532476756116,3.104550550756989,0.011450785550429863,0.01175941,0.0030120054700038864,0.00530062,0.0,0.0,1.587281031579275e-08,2.0781769638489322e-09,train,train
410,-0.007026181207739693,-0.0035130906038698465,2.9091806056439693,0.019091048757288495,0.02161281,0.007336421277364507,0.01130304,0.0,0.0,1.360671413093169e-08,3.4065990028864235e-09,train,train
411,-0.006850676192633795,-0.0034253380963168976,3.053957499912546,0.018595510679923082,0.02380311,0.005316600639895133,0.00803805,0.0,0.0,1.914139762399068e-08,4.696455779829023e-09,train,valid
412,-0.016209922861178915,-0.008104961430589457,2.60050514419474,0.05048964082376437,0.0640161,0.017716860420418735,0.02946925,0.0,0.0,1.7340696954230547e-08,6.42136066542065e-09,test,test_ood_short_range
413,-0.01396563217409768,-0.00698281608704884,2.7884756663749135,0.04256540370601184,0.04825018,0.014515647411374732,0.02079419,0.0,0.0,1.2685332759329863e-08,4.9571368121448245e-09,valid,train
414,-0.008536666537429228,-0.004268333268714614,2.7624586488395013,0.024007549453844028,0.02820425,0.005598539430924522,0.00974912,0.0,0.0,3.344736861904156e-09,4.648798901385476e-09,train,train
415,-0.020630829525176194,-0.010315414762588097,2.836782477265159,0.06728192439569015,0.0755517,0.025608711786859435,0.03727995,0.0,0.0,1.6308267139073326e-08,1.4154589722537025e-09,train,train
416,-0.016132351887150793,-0.008066175943575397,2.730175880572843,0.05094310234479934,0.0579157,0.013240944389403776,0.02076229,0.0,0.0,1.021436624868949e-08,3.5068337123078663e-09,test,train
417,-0.005838803635647906,-0.002919401817823953,3.156914035506529,0.015482555042040057,0.0187103,0.005120100695237025,0.00833761,0.0,0.0,7.77879709779119e-09,8.627447645181974e-10,test,train
418,-0.013263838565581271,-0.0066319192827906355,2.7179216787929694,0.04045614909558497,0.04164731,0.016186320900384785,0.0242149,0.0,0.0,1.2775779510634079e-08,5.375313527622438e-10,train,train
419,-0.009984010332879425,-0.004992005166439713,2.9168304363207147,0.029276313036058123,0.04143305,0.010507986702875897,0.01789845,0.0,0.0,7.777608194754478e-09,3.3504570229325736e-09,train,train
420,-0.003776216201389003,-0.0018881081006945015,2.9372319308528088,0.009101522389622519,0.01045966,0.0013962910415573587,0.00263347,0.0,0.0,1.2937742712733579e-08,4.7264621105824745e-09,test,unused
421,-0.03315505329788133,-0.016577526648940664,2.623805023960409,0.11641706888918939,0.14935886,0.029699833057316723,0.04643685,0.0,0.0,1.178595464470215e-08,4.5829466888136494e-09,valid,test_ood_short_range
422,-0.006682836655847505,-0.0033414183279237525,3.096005469730889,0.018217005955506703,0.02326308,0.004105754403210613,0.00732882,0.0,0.0,1.668009403970625e-08,1.1078902240058142e-09,train,train
423,-0.020104988671452852,-0.010052494335726426,2.8045738783302974,0.06570306526155001,0.08235688,0.017727295079750606,0.02572976,0.0,0.0,1.8710152310168654e-08,4.862905855773647e-09,train,train
424,-0.0075565682633817145,-0.0037782841316908572,2.9978472169696606,0.02062979709879539,0.02270218,0.00586126037826763,0.0103166,0.0,0.0,1.741577919178049e-08,5.260507696114303e-09,train,train
425,-0.03226504039952706,-0.01613252019976353,2.771118863690323,0.11230831957205323,0.12441225,0.02375225769056105,0.03087695,0.0,0.0,1.7992794454077375e-09,3.730713071803393e-09,train,train
426,-0.020381728392236224,-0.010190864196118112,2.638217735413764,0.0668086058967109,0.08129178,0.02530599556789392,0.04050045,0.0,0.0,1.843343052121219e-08,3.4024237871577157e-09,test,valid
427,-0.025007561869413726,-0.012503780934706863,2.8729681365303095,0.08360586314784887,0.09826398,0.021204176382892514,0.03749888,0.0,0.0,7.898643313546431e-09,3.133746484529354e-09,valid,valid
428,-0.0051443450430319095,-0.0025721725215159547,3.317488140161689,0.013323254505009903,0.01542858,0.005112750756777934,0.00853709,0.0,0.0,1.5276441255264085e-08,3.754380584197747e-09,valid,train
429,-0.008030573696579453,-0.0040152868482897265,2.9617642305971157,0.022340574633937536,0.02310332,0.003336047474232544,0.00718547,0.0,0.0,1.6501199522249768e-08,3.2365963242853013e-09,train,train
430,-0.029275677263034195,-0.014637838631517098,2.7068012791860725,0.09987062355428764,0.13320293,0.03091021273319521,0.05979921,0.0,0.0,2.045375237866741e-08,3.213679100610989e-09,train,train
431,-0.00592801396471312,-0.00296400698235656,2.9933445826957104,0.015527454268987557,0.01764836,0.0027555979012155118,0.00436787,0.0,0.0,1.7701719773844845e-08,3.6027062444432545e-09,train,train
432,-0.03735782991731301,-0.018678914958656506,2.5614575820296794,0.13423494030794889,0.19596817,0.03103902129451625,0.04934799,0.0,0.0,5.646926834826478e-09,3.3646412322951846e-09,test,test_ood_short_range
433,-0.0096713561891173,-0.00483567809455865,3.1192486522141674,0.028196627933330373,0.03678276,0.010262555874147532,0.01489956,0.0,0.0,1.0655885275342369e-08,1.7762538107035653e-09,train,train
434,-0.004166158013836386,-0.002083079006918193,3.0997762153868003,0.010376484433495125,0.01348927,0.0036809190004716665,0.00570461,0.0,0.0,1.5481146109049128e-08,1.6992879325883337e-09,train,valid
435,-0.007081017876458798,-0.003540508938229399,2.89458561227971,0.019394487125099922,0.02118005,0.0050020699333992395,0.00838526,0.0,0.0,1.4766970521382051e-08,1.808536764791313e-09,train,train
436,-0.012917344959192145,-0.006458672479596072,2.9708542864622096,0.04003831464888934,0.05278856,0.018679306944859687,0.02646923,0.0,0.0,8.355653763721919e-09,4.663793351511458e-09,train,train
437,-0.004723463678504414,-0.002361731839252207,3.0607811979569077,0.012043205421626754,0.0131549,0.004836737957845832,0.00658574,0.0,0.0,1.4714295641839874e-08,2.5050819196792418e-09,train,train
438,-0.03696075325793576,-0.01848037662896788,2.7102206845446504,0.13037995370156205,0.142974,0.03722135127277152,0.05209536,0.0,0.0,1.64761239530091e-08,2.7210874664618245e-09,train,train
439,-0.010201312093598086,-0.005100656046799043,2.927141843933684,0.029725800328734068,0.03487666,0.008873055766167407,0.01226477,0.0,0.0,5.099847029114003e-09,1.6296983762487116e-09,train,train
440,-0.01370984904416609,-0.006854924522083045,2.939637937863227,0.04233089904737161,0.05377455,0.017497749575360634,0.02254156,0.0,0.0,3.983443963013467e-09,1.0920947479675647e-09,train,train
441,-0.005622073012224243,-0.0028110365061121217,3.0347360895959095,0.014655717606986474,0.01683948,0.004594283572388264,0.00621794,0.0,0.0,2.384964930404236e-09,3.4746525656714766e-09,train,train
442,-0.006317539242586601,-0.0031587696212933003,2.893461591992931,0.016676948145954842,0.01842155,0.0035004791940747193,0.00509603,0.0,0.0,4.39342754255208e-09,3.2770164359874343e-09,train,valid
443,-0.010730489715603088,-0.005365244857801544,2.813976375401478,0.031247412748217518,0.03865446,0.011163148843400623,0.01560291,0.0,0.0,7.915608242179172e-09,8.315138577685843e-10,train,train
444,-0.007898104117776854,-0.003949052058888427,3.015094770903897,0.021991890237395086,0.02626254,0.00786731205872332,0.01180289,0.0,0.0,1.3039498260859858e-08,6.8064520686306196e-09,train,train
445,-0.010798969982084222,-0.005399484991042111,3.089208192107504,0.031587439854731815,0.04144634,0.01016052339393498,0.01713244,0.0,0.0,1.376654934329609e-08,9.876631734684338e-10,train,train
446,-0.005504854921294839,-0.0027524274606474195,2.938624211478765,0.014311122583756313,0.01674763,0.0037097573703320993,0.00538422,0.0,0.0,2.1094679979849005e-08,4.607993764338403e-09,valid,train
447,-0.003754166748810934,-0.001877083374405467,3.021693581740282,0.009130952225657154,0.0100447,0.0023889569378670963,0.00350521,0.0,0.0,2.0429459836604937e-08,4.53675541578491e-09,train,train
448,-0.026947880389784597,-0.013473940194892299,2.432658300831278,0.09112236330993508,0.10277783,0.03714601917715813,0.05951976,0.0,0.0,1.1920896470935985e-08,1.192296705809781e-09,train,test_ood_short_range
449,-0.015062786456638408,-0.007531393228319204,2.5823402510954554,0.045800336773776755,0.0489997,0.007896340243269875,0.01059848,0.0,0.0,8.884716070293046e-09,2.3967359208398875e-09,test,test_ood_short_range
450,-0.04263284582198721,-0.021316422910993605,2.574811609537893,0.15355261000519682,0.17357623,0.035452885188644145,0.04953099,0.0,0.0,6.920543809681449e-09,4.367622263856674e-09,train,test_ood_short_range
451,-0.02841332323767262,-0.01420666161883631,2.513218605941838,0.09713091261784668,0.11823696,0.022817313517597408,0.03601747,0.0,0.0,1.1288528803375466e-08,1.1354006623776058e-09,test,test_ood_short_range
452,-0.021608723772473356,-0.010804361886236678,2.918282936503212,0.06985764612791263,0.07551354,0.02357015823589474,0.04093698,0.0,0.0,1.6203411265061843e-08,5.787703427628799e-09,train,train
453,-0.002938037259791019,-0.0014690186298955096,3.339311788424705,0.00688315072042593,0.00770701,0.001731273028381139,0.0022788,0.0,0.0,9.210658671122656e-09,2.4549693389275262e-09,train,train
454,-0.0064544687408114865,-0.0032272343704057432,3.250359168314864,0.017376677208979473,0.0214092,0.004885042426943018,0.00749953,0.0,0.0,2.7269754355269335e-08,3.14285841795936e-09,train,valid
455,-0.028445539211286355,-0.014222769605643178,2.701673644372542,0.09696205688897866,0.11602833,0.021289728412596062,0.02866382,0.0,0.0,1.780702856784037e-08,3.5264169362392295e-09,train,train
456,-0.00569845332789138,-0.00284922666394569,3.0036634035939547,0.01503812601829541,0.01810272,0.005265054644570811,0.00902931,0.0,0.0,1.3588199787194475e-08,1.1865619597983823e-09,train,train
457,-0.013791868558052927,-0.006895934279026464,2.8084198498223496,0.04237309469216128,0.05517311,0.012536346581143568,0.01947005,0.0,0.0,1.128634647177248e-08,1.5265446684509243e-09,train,train
458,-0.011910495336934265,-0.005955247668467133,2.8358342112096144,0.03578928248319879,0.04711999,0.01206317942603027,0.02380445,0.0,0.0,3.2275475610171066e-09,3.5596250391733975e-09,train,train
459,-0.01674123784152261,-0.008370618920761306,3.0942948854757635,0.052636384662690314,0.06584786,0.01686829084984556,0.03191767,0.0,0.0,6.611399872673311e-09,8.697922382339129e-10,train,train
460,-0.008789086519414704,-0.004394543259707352,2.6186901147133574,0.024414676121560574,0.03110487,0.005621635157044316,0.01166033,0.0,0.0,1.1276850447789673e-08,1.865216980867501e-09,test,test_ood_short_range
461,-0.0045183807486811,-0.00225919037434055,3.2674700504394205,0.011526914991585275,0.01512521,0.005033129341612433,0.0083814,0.0,0.0,1.7825416974092782e-08,2.451238545475576e-09,train,train
462,-0.005736055529467194,-0.002868027764733597,2.9725621732590186,0.015105366614454172,0.01642838,0.005148705128978224,0.00854704,0.0,0.0,4.78092655214146e-09,3.5187738278708025e-09,train,train
463,-0.02255536024562671,-0.011277680122813355,2.8452167754232622,0.07466080341615985,0.10196385,0.026386745845326087,0.0482654,0.0,0.0,2.719544059025906e-08,9.494582897673354e-10,valid,train
464,-0.0037125624921838384,-0.0018562812460919192,3.151681249471008,0.0090822915086906,0.00966984,0.0017485526360869628,0.00345031,0.0,0.0,1.6694804810413362e-08,3.677073645569351e-09,test,train
465,-0.01687838763019324,-0.00843919381509662,2.5528886337787613,0.05313184914243088,0.05924361,0.0206185963317414,0.037861,0.0,0.0,7.397266401212959e-09,2.4843157531151405e-09,train,test_ood_short_range
466,-0.021109981775835597,-0.010554990887917799,2.644589536497234,0.06888958229173141,0.08610834,0.015035914518155634,0.03111734,0.0,0.0,2.6205409158135668e-08,3.5019194211116655e-09,train,valid
467,-0.036601238358114845,-0.018300619179057422,2.539429417760208,0.13180991639242248,0.17402648,0.045544438430253666,0.08169189,0.0,0.0,2.2893540904617104e-08,1.9709956999847122e-09,train,test_ood_short_range
468,-0.012157301224735498,-0.006078650612367749,2.7181251062496705,0.03646462855730422,0.0537007,0.011172826963858937,0.02262301,0.0,0.0,3.126816911454765e-09,2.839901203088857e-09,train,train
469,-0.02308373379932604,-0.01154186689966302,2.832306577825751,0.07549228679699535,0.08306153,0.017863974962335976,0.03301391,0.0,0.0,9.769819863441272e-09,5.42999123442911e-09,valid,train
470,-0.02036948052959443,-0.010184740264797215,2.5709587169164996,0.06674240349525455,0.08159151,0.01935039766842144,0.03201622,0.0,0.0,1.9476869426416557e-08,3.0951201601681078e-09,valid,test_ood_short_range
471,-0.021445808124898436,-0.010722904062449218,2.4723318227742914,0.0701766774018142,0.07751822,0.016680124578516593,0.02823505,0.0,0.0,1.107961316132427e-08,1.8310658544962166e-09,train,test_ood_short_range
472,-0.024648963676711856,-0.012324481838355928,2.5871892298023753,0.08205284937825601,0.09495721,0.020302312695320367,0.03072134,0.0,0.0,1.392572981448474e-08,1.4908564383020462e-09,train,test_ood_short_range
473,-0.005907745992049285,-0.0029538729960246423,3.041238771179271,0.015520290798500954,0.01641884,0.0040720123015367555,0.00632512,0.0,0.0,1.062657800846991e-08,4.02763089546454e-09,train,valid
474,-0.007528716459776505,-0.0037643582298882523,2.7820706109562487,0.02055799151952755,0.02485072,0.006373189519861046,0.01237265,0.0,0.0,1.8901316260061826e-08,3.894703781703868e-09,train,train
475,-0.0069557030824792,-0.0034778515412396,2.9083186322454386,0.018906318503330223,0.0201442,0.004584895736215456,0.00607358,0.0,0.0,7.56986912666578e-09,1.7263748208762308e-09,valid,train
476,-0.014655456574282338,-0.007327728287141169,2.6843110382876416,0.044782946667124304,0.05243001,0.012082154324561356,0.0177554,0.0,0.0,1.4915585864530076e-08,3.3905929175404026e-09,train,train
477,-0.028556781401573084,-0.014278390700786542,2.7031160933117753,0.0989393444037878,0.1414459,0.030911630221073752,0.04471067,0.0,0.0,1.1638500335811792e-08,3.3984093317229735e-09,train,unused
478,-0.029266100732232216,-0.014633050366116108,2.855118581666036,0.10118076123981591,0.10515949,0.03804062700389063,0.05535013,0.0,0.0,1.6883978695074178e-08,5.3198532246057084e-09,train,train
479,-0.015308355757553956,-0.007654177878776978,2.5568924439415484,0.047108007243361505,0.05442997,0.013088807379482034,0.0219606,0.0,0.0,1.4653043961653968e-08,4.658186281147891e-09,train,test_ood_short_range
480,-0.009229670379200932,-0.004614835189600466,2.680101601817867,0.026216846940028214,0.03047723,0.0049207895520857895,0.0089787,0.0,0.0,1.1047958002669392e-08,3.6542500136960143e-09,test,train
481,-0.009242222753486158,-0.004621111376743079,2.949273149068711,0.0265069595779555,0.03006009,0.007135894754607394,0.01199754,0.0,0.0,1.8606338117747727e-08,2.2072761396429996e-09,train,train
482,-0.015636106549498912,-0.007818053274749456,2.6425228384332193,0.049625228118046975,0.06516859,0.020362172315211934,0.03835596,0.0,0.0,1.67708881416063e-08,2.6951703091526724e-09,train,train
483,-0.006311133735548407,-0.0031555668677742035,2.7927109588717687,0.01661858352347957,0.02086863,0.003252572706228102,0.00639091,0.0,0.0,1.1292534680603858e-08,3.809797144427307e-09,train,train
484,-0.007912553964905153,-0.003956276982452577,2.75869865229431,0.02184304164378899,0.02524022,0.007044466895380846,0.01095963,0.0,0.0,1.7512229901222825e-08,4.262820763045738e-09,train,train
485,-0.014193167104525055,-0.007096583552262527,2.940434654690196,0.04282957016243411,0.04613313,0.012252894245596968,0.02125867,0.0,0.0,1.1223996350875468e-08,3.183100227843738e-09,valid,valid
486,-0.0037884592462006546,-0.0018942296231003273,2.9512733555779023,0.009111068965999544,0.01053274,0.0014331960649599433,0.00234742,0.0,0.0,2.7927720816186585e-08,5.122912760668896e-09,train,valid
487,-0.015529841607436739,-0.0077649208037183694,2.7946496902739226,0.04794581298765549,0.05996812,0.01700118121982215,0.0285147,0.0,0.0,8.520600715139237e-09,3.8908050115082915e-09,train,valid
488,-0.013553545344584727,-0.006776772672292364,2.7847749365301118,0.04109390829597699,0.04686449,0.01523533257096641,0.02011272,0.0,0.0,1.7988172010344883e-08,4.8653022721723005e-09,test,train
489,-0.007178905060271319,-0.0035894525301356597,2.936546886077383,0.019616850967170207,0.02454595,0.007892405579479555,0.00946863,0.0,0.0,9.56702964490546e-09,4.883093707164221e-09,valid,train
490,-0.01285442644227877,-0.006427213221139385,2.9476016553745357,0.038665341057400486,0.04345084,0.012639028814914934,0.0209089,0.0,0.0,1.3553014912362511e-08,2.5014200710771206e-09,train,train
491,-0.011340266878823812,-0.005670133439411906,2.845181892515468,0.033773129705576097,0.03810605,0.011746188989009016,0.01680326,0.0,0.0,9.350524786388562e-09,1.4608572129759523e-09,train,train
492,-0.007727798636053216,-0.003863899318026608,3.037661820137914,0.021515725937803414,0.02618608,0.007294272221711589,0.01097942,0.0,0.0,6.283407360966602e-09,4.439884904172686e-09,train,train
493,-0.01597826153559328,-0.00798913076779664,2.730691672799714,0.05044007818133149,0.06229902,0.015700553266988184,0.02371081,0.0,0.0,8.966487852130235e-09,2.28726626527731e-09,train,valid
494,-0.006888267958696295,-0.0034441339793481475,3.151501010814134,0.018978375742588368,0.02231573,0.009122919195222911,0.0126632,0.0,0.0,8.991825388526299e-10,1.5164383082577615e-09,train,train
495,-0.014568505671808129,-0.0072842528359040645,2.860626295518437,0.045089352664153065,0.05644695,0.01815113120417476,0.02409851,0.0,0.0,6.571850222522845e-09,2.2093535889666782e-09,train,train
496,-0.005599116824197426,-0.002799558412098713,3.164183339982445,0.014795501454447791,0.01646639,0.0033337810556583747,0.00553219,0.0,0.0,2.55414935258787e-08,1.77594383643509e-09,train,train
497,-0.008581925659246481,-0.0042909628296232405,3.1224389770964254,0.02411122129136556,0.02504716,0.006615197486795085,0.0099906,0.0,0.0,9.96176132735169e-09,4.57818261079268e-09,test,train
498,-0.007515336442519304,-0.003757668221259652,3.048888385276195,0.020834164415609122,0.02247789,0.006555744213200868,0.01118671,0.0,0.0,1.2869394794213745e-08,3.120256719668646e-09,test,train
499,-0.007726764268128062,-0.003863382134064031,3.0338250243428075,0.021444636431136654,0.02496258,0.006379260055863323,0.00833477,0.0,0.0,1.8446932592520274e-08,2.6598241387176813e-09,test,train
500,-0.0415067757560358,-0.0207533878780179,2.5187991398402234,0.1533917544323272,0.18620212,0.06408860482887656,0.08395189,0.0,0.0,9.03591157268625e-09,5.7114248885881125e-09,train,test_ood_short_range
501,-0.005868137200314636,-0.002934068600157318,3.2088003943976036,0.015571933753632956,0.01623505,0.005171853740562147,0.00779678,0.0,0.0,1.1993798757391151e-08,1.1554033285676724e-09,train,valid
502,-0.010111979281777619,-0.005055989640888809,2.744754395268169,0.02890798140632041,0.03928168,0.004675414569151417,0.0088355,0.0,0.0,1.543490043606331e-08,4.77571626689155e-09,train,train
503,-0.02088677469530733,-0.010443387347653665,2.8413642019824823,0.06841447161209535,0.08836976,0.02754711666266665,0.04066054,0.0,0.0,1.9619518327936298e-08,3.7401796104674645e-09,train,train
504,-0.027549544031409176,-0.013774772015704588,2.719560268125673,0.0927623676634338,0.11081749,0.02450001608094132,0.03421469,0.0,0.0,1.5461293305685673e-08,2.7816264847047023e-09,train,train
505,-0.015599735470549063,-0.007799867735274532,2.8604914951752054,0.047957650097839796,0.05617575,0.01130500702430491,0.01914752,0.0,0.0,1.0055499412687629e-08,4.017736254802173e-09,train,train
506,-0.016374090098694487,-0.008187045049347244,2.856875416935558,0.05094238140854103,0.06866473,0.014332436907892415,0.02125494,0.0,0.0,1.0893385611720306e-08,2.4107031926234868e-09,train,train
507,-0.012165149891507274,-0.006082574945753637,2.928908438831302,0.037288708588984414,0.05427604,0.01885790423497399,0.03252728,0.0,0.0,3.6542486378370683e-09,2.6815130116375485e-09,valid,train
508,-0.005322538946717897,-0.0026612694733589484,3.0023728969598067,0.01385986500692437,0.01706958,0.004064768215808866,0.00639903,0.0,0.0,1.9799034707781034e-08,7.836924442727877e-10,test,train
509,-0.022449624397778197,-0.011224812198889099,2.7712063235731894,0.07389581811814634,0.08759286,0.021323782488490012,0.02837572,0.0,0.0,5.441883109453732e-09,6.003994190706408e-09,test,train
510,-0.006372857099341827,-0.0031864285496709136,2.9935901243893976,0.016999104354172113,0.01877484,0.005010496926538325,0.00643304,0.0,0.0,1.372560145597732e-08,3.130569359299784e-09,train,train
511,-0.012291085657054904,-0.006145542828527452,2.921334148321637,0.03729707195726138,0.04783189,0.015555996903983686,0.02412728,0.0,0.0,1.8240047565613485e-08,2.8748081692953065e-09,train,train
512,-0.0101726577660728,-0.0050863288830364,3.2349433221992503,0.029844466361227947,0.03993756,0.013663616425308125,0.01914013,0.0,0.0,1.8721274787387558e-08,4.3770664870379505e-09,train,train
513,-0.023284395547881215,-0.011642197773940608,2.9432009986828604,0.07634221317509926,0.08993392,0.024197924099672957,0.03509886,0.0,0.0,8.01540795174658e-09,9.557625801903669e-10,train,train
514,-0.016716958460155817,-0.008358479230077908,2.718928144490603,0.053010043433177514,0.07414969,0.016599087797588456,0.02814527,0.0,0.0,1.5135082118666893e-08,3.4821768801762687e-09,train,valid
515,-0.011987172661600865,-0.005993586330800433,3.051643904665152,0.0352219955532174,0.04686438,0.009675556647115108,0.01362463,0.0,0.0,1.9032445855059727e-08,5.545369607951045e-09,train,train
516,-0.003033403253130335,-0.0015167016265651674,3.3075768668383114,0.0071143327989371796,0.00834039,0.0014983538594459812,0.00241338,0.0,0.0,1.223919642558697e-08,5.4638885638169654e-09,train,train
517,-0.005319574381145135,-0.0026597871905725675,3.007731610689459,0.013722391390554587,0.01481667,0.0042655655497522635,0.00702749,0.0,0.0,2.3706529959181003e-08,2.1139432426764415e-09,valid,train
518,-0.00986575546026855,-0.004932877730134275,2.7458414467076144,0.02842837393014357,0.03349895,0.007919184089396458,0.01124432,0.0,0.0,1.6895907051892615e-08,1.1163546753678588e-09,train,train
519,-0.007904275975383852,-0.003952137987691926,2.7657774613181214,0.021906060143101955,0.02660042,0.0011657131711388814,0.00179622,0.0,0.0,7.32288314301921e-09,2.4110360374862694e-09,valid,train
520,-0.011470435897676243,-0.005735217948838122,2.649519693399664,0.03396972697511369,0.04180392,0.00782729951585262,0.01143894,0.0,0.0,1.1990616078484764e-08,2.477786753551925e-09,valid,train
521,-0.0022186832608224456,-0.0011093416304112228,3.3198672754392335,0.004965242171670313,0.00527202,0.001500441433045622,0.00217553,0.0,0.0,1.9184671346986998e-08,4.315715007585652e-09,train,train
522,-0.013675126398193429,-0.0068375631990967144,2.9635737018878707,0.04134518997417595,0.04349168,0.014600395967099089,0.02008097,0.0,0.0,1.3189381958157419e-08,3.980725082897152e-09,train,train
523,-0.015164211529566584,-0.007582105764783292,2.6724549423190997,0.04706173443215694,0.06270961,0.010419923881333459,0.01456815,0.0,0.0,6.039654105644336e-09,3.988440799851389e-09,test,unused
524,-0.016045158424924492,-0.008022579212462246,2.8475064928955143,0.05017183654554615,0.06649405,0.019645646028298058,0.03535487,0.0,0.0,1.9950279558277992e-08,5.090107668692667e-09,train,train
525,-0.01488556155251358,-0.00744278077625679,2.751077784583496,0.04700452273820964,0.06317354,0.01946596606372046,0.03448974,0.0,0.0,3.0988479835043267e-09,4.7079521392490165e-09,valid,train
526,-0.016193164322572243,-0.008096582161286121,2.7094852555743802,0.05099639225714338,0.05666108,0.020997868991982655,0.03670067,0.0,0.0,2.4626046688938605e-08,4.394378194660931e-09,train,train
527,-0.007332211703424135,-0.0036661058517120674,2.804610379988776,0.020092880594986873,0.02605988,0.006437732702630381,0.01054885,0.0,0.0,6.341233812972448e-09,3.22319793077952e-09,test,train
528,-0.00836141832776281,-0.004180709163881405,3.1119953006385384,0.02355494497173435,0.02749695,0.006904644747210629,0.01178732,0.0,0.0,1.402852717746784e-08,5.236108657769023e-09,train,train
529,-0.00840750604612146,-0.00420375302306073,2.6110146064824393,0.02311966246753039,0.02875752,0.0038293906556679047,0.00661546,0.0,0.0,8.52583846421283e-09,3.1912479325768572e-09,test,test_ood_short_range
530,-0.02941600703474068,-0.01470800351737034,2.6777442892174306,0.10211868756135187,0.11683586,0.03202866875872874,0.04319224,0.0,0.0,7.867420969853122e-09,3.027696315882622e-09,test,train
531,-0.03523642816073919,-0.017618214080369596,2.66014579232103,0.1275413899255796,0.18623063,0.05320487949710879,0.08460821,0.0,0.0,9.978237293715066e-09,5.290516136291501e-09,train,valid
532,-0.005416153338557028,-0.002708076669278514,3.0726551879622286,0.014131817550952178,0.01642999,0.0036647068835606307,0.00626141,0.0,0.0,1.2907920911803217e-08,4.787452656529467e-09,train,train
533,-0.022467002817769838,-0.011233501408884919,2.614679198972095,0.07389058809647883,0.10196282,0.026518525329714947,0.043086,0.0,0.0,5.98641945494959e-09,3.7204994640660516e-09,train,test_ood_short_range
534,-0.015735749293835574,-0.007867874646917787,2.90318951348135,0.04889797778155316,0.06686369,0.016897854428136728,0.03564674,0.0,0.0,5.9182351015989775e-09,4.584134960516906e-09,test,train
535,-0.09441544136599672,-0.04720772068299836,2.514313459265432,0.379220501985895,0.42886696,0.11613405160579182,0.18477047,0.0,0.0,1.0673595237129822e-08,5.162756000487434e-09,test,test_ood_short_range
536,-0.019118389908518118,-0.009559194954259059,2.934383728760134,0.06263262700063123,0.07424197,0.0271700076698704,0.03634215,0.0,0.0,6.537267444823756e-09,3.5194203107380417e-09,train,valid
537,-0.025446484159076296,-0.012723242079538148,2.5951254651347986,0.08502680569870598,0.10351472,0.024083020987890686,0.03822962,0.0,0.0,4.5201904790786994e-09,1.2543461824776614e-09,train,test_ood_short_range
538,-0.008985021155907736,-0.004492510577953868,2.699805494813926,0.025094195146028626,0.03184277,0.005611068646213185,0.00981895,0.0,0.0,1.4770913381668032e-08,2.721966096963513e-09,train,valid
539,-0.008988236423802356,-0.004494118211901178,3.0399948148154,0.025421734639341588,0.0289693,0.008390315688621813,0.01671982,0.0,0.0,1.0432296800282068e-08,3.876967857863178e-09,test,valid
540,-0.010695059773150908,-0.005347529886575454,2.9394437876601964,0.03125490087422664,0.03699504,0.004922915422944687,0.00993655,0.0,0.0,1.6398958265972627e-08,2.821370359562536e-09,test,train
541,-0.0032869389113948998,-0.0016434694556974499,3.179363051662202,0.00789615253405944,0.00861003,0.0024041217158940462,0.00389502,0.0,0.0,2.0044172675719964e-08,2.476457483524541e-09,valid,train
542,-0.0034108330204246887,-0.0017054165102123443,3.1648118599046793,0.008238767522981416,0.00925574,0.0013790868595257757,0.00263692,0.0,0.0,1.3685509183137225e-08,2.212087069075608e-09,valid,train
543,-0.009472075948802944,-0.004736037974401472,2.77440520569305,0.02713856450505381,0.03125207,0.0048887516666442235,0.00881081,0.0,0.0,1.315737674016489e-08,4.478606485669445e-09,valid,train
544,-0.00788000872275757,-0.003940004361378785,2.896375974123253,0.02216748613986259,0.0271265,0.00895038235902802,0.01285537,0.0,0.0,1.1474268487580161e-08,3.737621767641031e-09,train,train
545,-0.01413849425640576,-0.00706924712820288,2.9752616628054773,0.04405990545422789,0.052819,0.019450690537127894,0.03040053,0.0,0.0,1.5639000055729195e-08,1.5623857763102933e-10,train,train
546,-0.040010784496293195,-0.020005392248146597,2.5854628546940535,0.14636163405072952,0.18201946,0.053520297446862306,0.07970812,0.0,0.0,4.755094897092942e-09,2.1789940962690935e-09,train,test_ood_short_range
547,-0.004014415423416813,-0.0020072077117084066,3.250272346097249,0.009860442109685886,0.01128444,0.0030625014754663113,0.00446965,0.0,0.0,6.585089321418868e-09,1.1160589119540987e-09,train,train
548,-0.024733495659021113,-0.012366747829510557,2.512016453376298,0.08332059406927618,0.11953235,0.02645465959029272,0.03531593,0.0,0.0,7.866217085819043e-09,3.584662788824744e-09,test,test_ood_short_range
549,-0.007786287194855495,-0.0038931435974277474,3.2625324058192833,0.021359953510556463,0.02619429,0.006877457466084396,0.01162833,0.0,0.0,1.2298463578165887e-08,3.6142900894375884e-09,train,train
550,-0.005106664569432772,-0.002553332284716386,3.001459896075914,0.013165202550853518,0.01443001,0.004185667131820207,0.00733909,0.0,0.0,1.1551945190583247e-08,1.703337249026049e-09,train,train
551,-0.010730861181680363,-0.0053654305908401815,3.052591386331081,0.03122606188781683,0.0359207,0.010584081545327082,0.01523097,0.0,0.0,2.0952103622961542e-08,3.926881264604276e-09,train,train
552,-0.016144719862280048,-0.008072359931140024,2.497389567439161,0.05036175366408719,0.06652249,0.017910623157087992,0.02769787,0.0,0.0,9.766304236640927e-09,4.525836150293117e-09,train,test_ood_short_range
553,-0.009469038961116557,-0.0047345194805582785,2.8644455519382737,0.02715668872804206,0.03004194,0.00971863657117602,0.01692436,0.0,0.0,8.351218532627453e-09,1.6512007317004418e-09,train,valid
554,-0.007256961951880859,-0.0036284809759404295,3.174738178755767,0.020054212406226114,0.0237213,0.007357231241370629,0.01296405,0.0,0.0,1.9901321631775585e-08,2.3480608568604566e-09,train,train
555,-0.02761598274652641,-0.013807991373263205,2.3120111314026826,0.09353444140522232,0.11119936,0.027696292599938655,0.04154167,0.0,0.0,1.5433299118095708e-09,4.286628607630405e-09,valid,test_ood_short_range
556,-0.005554113410388683,-0.0027770567051943417,2.7850088940652737,0.01435636329634354,0.01861477,0.0033372009196480814,0.006482,0.0,0.0,1.7781745747960025e-08,2.2916702979713932e-09,train,train
557,-0.007460352497354499,-0.0037301762486772493,2.9521737034657396,0.02069128531294516,0.02599403,0.00797846796735543,0.01646101,0.0,0.0,7.255172957218083e-09,4.727851110608583e-09,train,train
558,-0.010344439952667452,-0.005172219976333726,3.1012889417168097,0.030535798220327672,0.04091313,0.014737864397126313,0.02598699,0.0,0.0,5.7115250222102785e-09,2.0991666183078905e-09,train,train
559,-0.008920426439680332,-0.004460213219840166,2.9491641508244046,0.025663660031929714,0.03345947,0.010892515222260039,0.02007298,0.0,0.0,1.4537174484994873e-08,1.042404607076719e-09,train,unused
560,-0.019987199990400228,-0.009993599995200114,2.829163456612354,0.06461993005683411,0.0713967,0.02378608491389311,0.03507529,0.0,0.0,1.345829105522153e-08,3.661964065315715e-09,train,train
561,-0.006852449474769104,-0.003426224737384552,3.0847905073130244,0.018350188192694374,0.02039079,0.006048718826433413,0.00791497,0.0,0.0,2.0347477632006073e-08,4.7572263905948375e-09,test,valid
562,-0.010503453003149242,-0.005251726501574621,2.8285478966788964,0.030771861548937858,0.04288124,0.008999295127267838,0.01287305,0.0,0.0,1.7266744572436972e-08,1.1890168849504335e-09,train,train
563,-0.006162715327091844,-0.003081357663545922,2.937745094660556,0.016367389999484748,0.0199002,0.0044842664412718235,0.00649113,0.0,0.0,6.1359988374294785e-09,1.4723187113929725e-09,test,train
564,-0.005078587910854199,-0.0025392939554270996,2.912556509633215,0.013027269004144089,0.01723485,0.004082797010898289,0.00792633,0.0,0.0,1.5054675323130172e-08,3.9102703297544394e-09,train,train
565,-0.027946806545982954,-0.013973403272991477,2.5149607900741113,0.09821081565510083,0.11289866,0.04374948726304458,0.07607438,0.0,0.0,8.754981468120632e-09,4.9879085306514526e-09,train,test_ood_short_range
566,-0.009137583949341952,-0.004568791974670976,2.7197916893445413,0.025695677225472512,0.02892853,0.0027259483362889816,0.00445741,0.0,0.0,8.260437627450941e-09,2.9847930793636124e-09,valid,train
567,-0.011456870461085037,-0.005728435230542519,2.9112508675047137,0.03437774913285724,0.04801739,0.013159928276865723,0.02129979,0.0,0.0,1.191145468149236e-08,5.061322916333211e-09,train,train
568,-0.022748718348556338,-0.011374359174278169,2.6044128326653753,0.0755004354542279,0.09474462,0.021533647999234053,0.02925229,0.0,0.0,4.2876659892013055e-09,5.114151213625462e-09,valid,test_ood_short_range
569,-0.022265652148328558,-0.011132826074164279,2.7641885341412515,0.07354149525524462,0.07821885,0.020631811308751268,0.0303717,0.0,0.0,6.234227061696903e-09,5.856348295196767e-09,train,train
570,-0.04660085965895537,-0.023300429829477685,2.433246447765173,0.16717898073045356,0.17794864,0.029678659297815886,0.04078504,0.0,0.0,1.4245568766463293e-08,5.937090818974866e-10,train,test_ood_short_range
571,-0.0063234156838147095,-0.0031617078419073547,2.944890710994643,0.016889667127512213,0.021584,0.005943357867130613,0.01110492,0.0,0.0,9.566936198256768e-09,1.1963021684380237e-09,test,valid
572,-0.0060407939412716796,-0.0030203969706358398,3.165698376965686,0.015870987229143412,0.01682216,0.002874530656988488,0.00451046,0.0,0.0,8.134194790967293e-09,2.7909199395992346e-09,train,train
573,-0.014445948989579583,-0.007222974494789792,2.6616482321451618,0.044381633063678115,0.04560073,0.014343475042290135,0.02786225,0.0,0.0,5.2218191907952895e-09,3.9109155913763516e-09,train,train
574,-0.012686577010572027,-0.006343288505286013,2.661064241444649,0.037766664001903844,0.03941881,0.007443342476985726,0.01056746,0.0,0.0,1.2873178820795544e-08,2.2913682062863927e-09,train,train
575,-0.004455315924941646,-0.002227657962470823,3.2500111463972776,0.011317939878484954,0.01312631,0.004428897406057554,0.00774127,0.0,0.0,1.1244074979766883e-08,3.503596190945757e-09,train,train
576,-0.0065293315648508815,-0.0032646657824254408,3.0853186158514845,0.01765209010725831,0.02043973,0.00561383654820688,0.00831892,0.0,0.0,1.0984614067280735e-08,3.9654135530753365e-09,train,train
577,-0.008161004606474943,-0.004080502303237471,2.8026520735138427,0.022464600980436605,0.02730399,0.005569358666915787,0.0077518,0.0,0.0,1.4894530653052277e-08,2.7732897089904895e-09,train,train
578,-0.011762379970487206,-0.005881189985243603,2.7261971232124576,0.03500849723327324,0.04494365,0.009655147680392225,0.01764722,0.0,0.0,1.0645261891491583e-08,1.1847121061947519e-09,train,train
579,-0.00807796415865629,-0.004038982079328145,2.9561437399287205,0.022579228865207066,0.03062837,0.00847370418996124,0.01612724,0.0,0.0,2.2675638104593578e-08,3.785207924877909e-09,train,train
580,-0.03634488130829927,-0.018172440654149635,2.563152644894009,0.12940751331297615,0.14925667,0.031602861898823865,0.04678269,0.0,0.0,1.0860213469784923e-08,1.8050707595307358e-09,train,test_ood_short_range
581,-0.005799618686237354,-0.002899809343118677,2.8934822249822507,0.015045548312982812,0.01745138,0.0031680151540067905,0.00546995,0.0,0.0,9.143783068146617e-09,4.485435134427007e-09,valid,train
582,-0.007027800163896229,-0.0035139000819481144,3.0137423530128102,0.019086980094944302,0.02271178,0.00724664326253657,0.01029381,0.0,0.0,9.940641545221158e-09,3.1778967235496225e-09,test,train
583,-0.005589939506305175,-0.0027949697531525876,2.9205275893434037,0.014650353101285079,0.01557852,0.002351901805589114,0.00383926,0.0,0.0,1.0496102511178138e-08,1.174538022397087e-09,train,valid
584,-0.009118684642048097,-0.004559342321024049,2.807037756099364,0.026076500967380574,0.03027897,0.006799010792013546,0.01214598,0.0,0.0,1.1542232698013016e-08,2.6508987227558123e-09,test,train
585,-0.019309525074763592,-0.009654762537381796,2.957433563381045,0.06200561949085825,0.08096762,0.022988961566376448,0.04291327,0.0,0.0,1.3991011526825432e-08,1.299393925791037e-09,train,train
586,-0.03477122330902262,-0.01738561165451131,2.662703173091093,0.12229481331021988,0.14325527,0.037171872455132204,0.05415435,0.0,0.0,5.918106645811997e-09,3.1906135511405864e-09,test,train
587,-0.005563171864950127,-0.0027815859324750634,3.007164146191451,0.0146261721208034,0.01801164,0.005579063469948757,0.01116886,0.0,0.0,1.2490210369573973e-08,3.6060492369927033e-09,train,valid
588,-0.030096674923640706,-0.015048337461820353,2.721350728673646,0.10744520140356602,0.13946597,0.05030954001198729,0.07274745,0.0,0.0,1.3595576866207644e-08,1.3818167721169061e-09,train,valid
589,-0.00988426824100557,-0.004942134120502785,2.9097840040824017,0.028879144797793098,0.04023767,0.011459357173081306,0.01809366,0.0,0.0,2.220483587879098e-09,3.858002139978112e-09,test,valid
590,-0.007667406759477429,-0.0038337033797387144,3.099443817057838,0.021272659086237117,0.02746073,0.007910827873565656,0.01287584,0.0,0.0,1.2719712716822394e-08,3.726585928731652e-09,train,train
591,-0.05354780071709819,-0.026773900358549096,2.3498125042657674,0.2013790342742947,0.25197789,0.07036220323393673,0.10795275,0.0,0.0,1.1058632997151362e-08,4.463185376835099e-09,train,test_ood_short_range
592,-0.015719169730168025,-0.007859584865084012,2.95047013000059,0.0490047356425822,0.06039258,0.01925093587503172,0.0308187,0.0,0.0,1.7717236718648277e-08,2.7730610030474168e-09,train,train
593,-0.007692585007864944,-0.003846292503932472,2.9526101897988895,0.02128158011103812,0.02289588,0.004690628465859701,0.00864363,0.0,0.0,1.0792743809238634e-08,1.1430438817683353e-09,train,train
594,-0.00522935098717822,-0.00261467549358911,3.084704708715546,0.013564564572744922,0.01640193,0.00418679066987671,0.00658772,0.0,0.0,3.165335417396792e-09,2.8278541730486495e-09,test,train
595,-0.006602633907904522,-0.003301316953952261,3.172906854987513,0.017903118933285524,0.01981951,0.006204498036783475,0.00979502,0.0,0.0,1.2831215230013665e-08,3.776824075707452e-09,train,train
596,-0.004993589596209858,-0.002496794798104929,3.02664163527129,0.01275170520637534,0.01442252,0.004316889667086709,0.00703495,0.0,0.0,1.9365088961387874e-08,5.183601770042401e-09,train,valid
597,-0.011265511948843216,-0.005632755974421608,2.9289768614224667,0.033141067231049856,0.03917954,0.011473011621241098,0.02353232,0.0,0.0,4.791191160475101e-09,5.224980337281693e-09,test,train
598,-0.02094843600479738,-0.01047421800239869,2.5221052866707914,0.06790976296592535,0.09918958,0.020049561965432894,0.03082513,0.0,0.0,1.3484537868627054e-08,4.449097756875631e-09,train,test_ood_short_range
599,-0.014658864128051457,-0.007329432064025729,2.976066585554088,0.04548445761966389,0.05156728,0.01750514788505132,0.02761651,0.0,0.0,3.2360290583402377e-09,1.8036246940411615e-09,test,train
600,-0.011682135373903344,-0.005841067686951672,2.762121575338267,0.034552645832625226,0.04451154,0.009513132652469603,0.01691178,0.0,0.0,6.383865859244242e-09,3.3219402784112617e-09,valid,train
601,-0.10121250289418883,-0.050606251447094415,2.2951761157020116,0.413072185084288,0.48531343,0.11736859224348245,0.21198669,0.0,0.0,2.1621883152117422e-08,1.846432118313146e-09,valid,test_ood_short_range
602,-0.0066381624730903225,-0.0033190812365451613,3.052589366273509,0.018045734403313526,0.02417706,0.006517301432251952,0.01372538,0.0,0.0,1.7267566504146764e-08,3.1476989903467256e-09,valid,train
603,-0.006550884544689024,-0.003275442272344512,3.1356054692055038,0.017721079124824762,0.0206005,0.007416300725141432,0.01153158,0.0,0.0,2.1761433899015006e-08,4.015889842889919e-09,train,train
604,-0.0023141784322287836,-0.0011570892161143918,3.222719243572042,0.005140976161839305,0.00537263,0.0008896453469594874,0.00157807,0.0,0.0,2.1421731901044984e-08,2.862510561918441e-09,train,valid
605,-0.009637365261853402,-0.004818682630926701,2.574219208256891,0.02716860802883112,0.03275448,0.004560413585343257,0.00821085,0.0,0.0,5.093990226726708e-09,2.468719006998299e-09,train,test_ood_short_range
606,-0.011283049326245617,-0.005641524663122809,3.139298639948121,0.0332709691484919,0.03856651,0.01093473655479256,0.02063859,0.0,0.0,1.0011131230514871e-08,5.8857405615952985e-09,test,valid
607,-0.012091387765035117,-0.006045693882517559,2.7387527030134673,0.03627876631784953,0.04581611,0.013099854549537946,0.01934689,0.0,0.0,5.334948828680869e-09,4.197220793145107e-09,valid,train
608,-0.015340205962514914,-0.007670102981257457,3.043891243418814,0.047288695611094694,0.05177573,0.013651363264187817,0.01911976,0.0,0.0,1.354730970508702e-08,2.672758903088379e-09,train,train
609,-0.0065335690470485356,-0.0032667845235242678,2.8948500430707917,0.017533837356644627,0.02049487,0.0051849931789540475,0.0090021,0.0,0.0,2.021235535519433e-08,3.770229684008086e-09,test,train
610,-0.047677215738785306,-0.023838607869392653,2.4238228164415605,0.17886908145674021,0.21890539,0.06745572305972353,0.11224197,0.0,0.0,1.3079616672459479e-08,2.1697907914841608e-09,train,test_ood_short_range
611,-0.013795015219131655,-0.006897507609565827,3.1312421608402166,0.042091730031426605,0.05563509,0.015564314257180323,0.02773891,0.0,0.0,2.0909117717966596e-08,5.260982538501935e-09,train,train
612,-0.008194375915604749,-0.004097187957802374,3.11555641229087,0.0227617637311911,0.02621013,0.006223508190636264,0.01036632,0.0,0.0,1.3156712342196504e-08,1.7392001172567007e-09,train,train
613,-0.009048508705315532,-0.004524254352657766,2.8989176001273123,0.02562806058645419,0.02919692,0.007366050460418618,0.01061855,0.0,0.0,1.2689795026864595e-08,3.39097872004146e-09,train,train
614,-0.017741227575855927,-0.008870613787927964,2.4574131537581376,0.05600391026756198,0.06077857,0.016973830943580966,0.02627757,0.0,0.0,1.101551293590528e-08,3.973229301124093e-09,train,test_ood_short_range
615,-0.025056889771104672,-0.012528444885552336,2.7995023021858216,0.0838107950474285,0.10023665,0.03301135084772938,0.0556849,0.0,0.0,1.046253909526099e-08,2.039662438946266e-09,train,train
616,-0.012903633891432802,-0.006451816945716401,2.8997859919841447,0.03870185124036919,0.05030567,0.012604497517818789,0.01892604,0.0,0.0,9.771516535004923e-09,3.7511693751213215e-09,train,train
617,-0.004532573122482835,-0.0022662865612414177,2.9648073422901944,0.011345269110032898,0.01434606,0.0028503133977161176,0.00418419,0.0,0.0,1.634084524622164e-08,4.515616325306837e-09,train,train
618,-0.010854956120256042,-0.005427478060128021,3.102656845607881,0.032196974011538204,0.03680555,0.013112291628801962,0.01918339,0.0,0.0,1.4138503818873672e-08,1.5744505699188949e-09,train,train
619,-0.008722076080251153,-0.004361038040125577,2.8511103625591616,0.024715994737355133,0.02784003,0.007300016434563692,0.01229325,0.0,0.0,7.339860744030662e-09,2.7868308771772377e-09,train,train
620,-0.015940273492180284,-0.007970136746090142,2.7631271726615387,0.049882697234817475,0.06031643,0.007444920771747675,0.01212948,0.0,0.0,1.7278855917783233e-08,3.08507308588446e-09,train,valid
621,-0.0028719362836888353,-0.0014359681418444176,3.194241965803692,0.006685824252064962,0.00748035,0.0016891899440165594,0.00296204,0.0,0.0,1.6960809827983978e-08,4.852299007040983e-09,train,train
622,-0.007592740972648502,-0.003796370486324251,3.008143897865584,0.021243796186372465,0.02697912,0.007941000036226546,0.01204523,0.0,0.0,7.670202787979436e-09,4.0234475751077525e-09,train,train
623,-0.03229475803862542,-0.01614737901931271,2.533110941863479,0.1155463402195343,0.18311457,0.048801744091618623,0.08773696,0.0,0.0,1.422803683583403e-08,3.224821076841522e-09,valid,test_ood_short_range
624,-0.016758080105939117,-0.008379040052969558,2.8487216978222643,0.05341004022237954,0.07548835,0.01930887029255337,0.02962123,0.0,0.0,1.0584200887879908e-08,3.2382838632827315e-09,train,train
625,-0.018160822086517356,-0.009080411043258678,2.7853973964644734,0.05886594010596904,0.06911931,0.025021817898005196,0.040386,0.0,0.0,8.432977815715814e-09,3.511188895188866e-09,train,train
626,-0.012351623424336412,-0.006175811712168206,2.671931871951118,0.03732147519011943,0.04921822,0.013651037757726213,0.02323155,0.0,0.0,6.128398408690008e-09,4.156044619563204e-09,train,valid
627,-0.03761682505950707,-0.018808412529753536,2.7225591388125805,0.13150667515156053,0.15450982,0.02957545142251115,0.04242411,0.0,0.0,1.785074450480091e-08,2.3523313297246773e-09,train,valid
628,-0.013141030731693178,-0.006570515365846589,2.594032339345333,0.03958676331428558,0.04986255,0.012390862136715912,0.01787197,0.0,0.0,1.2209631589082058e-08,2.6497617433562937e-09,train,test_ood_short_range
629,-0.006502274096438501,-0.0032511370482192505,2.9140641103083276,0.017491993497019333,0.02280766,0.007042542162213159,0.0119285,0.0,0.0,1.49577016714938e-08,5.108142575593888e-09,train,train
630,-0.014919742113508397,-0.007459871056754198,2.8826694134969575,0.04594608837664856,0.04914528,0.012483191634651504,0.0234453,0.0,0.0,1.4715083475000825e-08,4.510033901894417e-09,valid,train
631,-0.0062645653873214064,-0.0031322826936607032,3.050526256462338,0.01671405319348661,0.018967,0.005775582138634742,0.00877594,0.0,0.0,1.1257321931094083e-08,2.3546933292095673e-09,train,train
632,-0.01181833101882744,-0.00590916550941372,2.6132279800547735,0.03492760203253104,0.04259419,0.013088849115052094,0.02077689,0.0,0.0,9.987440174714928e-09,1.9447116139659215e-09,valid,test_ood_short_range
633,-0.025930787195948775,-0.012965393597974387,2.662491969410482,0.0901394813787658,0.11028776,0.03985844209382332,0.05539822,0.0,0.0,1.9352972925349867e-08,3.4127030090758126e-09,train,train
634,-0.007641113786879155,-0.0038205568934395777,3.013711382774301,0.021165049688506916,0.02535448,0.007820314009489432,0.0132182,0.0,0.0,4.453360447271328e-09,5.045772022427286e-09,train,train
635,-0.006576890699015373,-0.0032884453495076863,2.919614076965268,0.01783041259170129,0.0205862,0.006835347487043605,0.01049467,0.0,0.0,1.549265961427693e-08,4.1342289591739245e-09,train,train
636,-0.04176171161687859,-0.020880855808439295,2.634167573881207,0.15051834822301777,0.16811823,0.03199411451430117,0.06301943,0.0,0.0,1.2401856156466394e-08,1.2442895602760018e-09,valid,valid
637,-0.00584057794027089,-0.002920288970135445,2.9330909565436163,0.015411799229990421,0.01720191,0.006182314562409724,0.01070562,0.0,0.0,2.0280251873960807e-08,3.8489187392798385e-09,train,valid
638,-0.02093824099759582,-0.01046912049879791,2.5523547091323637,0.06878308558132684,0.09012634,0.0227471173558098,0.03935265,0.0,0.0,1.7607575613290514e-08,4.8150486930964576e-09,valid,test_ood_short_range
639,-0.013405546771328923,-0.006702773385664462,3.035001303973544,0.04064639159456552,0.05189087,0.0136580918192257,0.0192529,0.0,0.0,1.3106333416753227e-08,1.1132728072738018e-09,train,train
640,-0.004262861164990144,-0.002131430582495072,3.140070111377559,0.010647699873928954,0.01191545,0.0035601823160876654,0.00596864,0.0,0.0,1.754480981496311e-08,2.3792663395028057e-09,test,train
641,-0.003540818490939421,-0.0017704092454697104,3.0140929369068554,0.008447510290874665,0.00934827,0.0016222399120352081,0.00219891,0.0,0.0,7.273199160596454e-09,3.5747307336464473e-09,train,valid
642,-0.02844402834761427,-0.014222014173807135,2.523763684271794,0.09694585489723083,0.1259611,0.02856309335944638,0.03558115,0.0,0.0,6.325153209593451e-09,3.716176921741976e-09,train,test_ood_short_range
643,-0.01747138445863734,-0.00873569222931867,2.835181717856061,0.056207312591240594,0.06507603,0.026168312913431198,0.04027861,0.0,0.0,6.3813486351364715e-09,3.3998407422686228e-09,train,valid
644,-0.01553755723556761,-0.007768778617783805,2.8726386373717174,0.048575889718383614,0.06459972,0.02063493714140818,0.02542026,0.0,0.0,1.022979336130128e-08,3.919323088297233e-09,train,train
645,-0.003814557044989089,-0.0019072785224945445,3.142624547556504,0.009319497325376513,0.00964331,0.0015556306829010971,0.00260202,0.0,0.0,1.723507953046786e-08,2.9043801808015246e-09,train,train
646,-0.004472955869130221,-0.0022364779345651104,3.061637122973475,0.011297868806749942,0.01320444,0.0021700299884679012,0.00314807,0.0,0.0,1.0261506594130546e-08,3.6271927683628746e-09,train,train
647,-0.009910623264171315,-0.004955311632085658,2.7314823389794047,0.028613925505858735,0.03178125,0.010771374227802442,0.01941436,0.0,0.0,9.960683805916496e-09,3.84934439878748e-09,test,train
648,-0.0039643201638585816,-0.0019821600819292908,3.0434905799544474,0.009764377505393435,0.01122315,0.0027227274401660797,0.0049087,0.0,0.0,7.369352815961312e-09,3.5008533849634205e-09,train,train
649,-0.004663981827247295,-0.0023319909136236476,2.9008411188525933,0.011708921951238722,0.01503151,0.0027737220870489776,0.0050017,0.0,0.0,1.1741459815361565e-08,3.661547176569968e-09,test,train
650,-0.09569237235554974,-0.04784618617777487,2.400025401306598,0.39259818164967214,0.45802246,0.12584567335193125,0.15573827,0.0,0.0,1.5519262359750224e-08,4.875608694554501e-09,test,test_ood_short_range
651,-0.002106270548929153,-0.0010531352744645765,3.3985723125212774,0.004662834931787742,0.00529202,0.001580714584852897,0.0026488,0.0,0.0,1.3805007077883069e-08,3.26523375004939e-09,test,train
652,-0.01766237793459868,-0.00883118896729934,2.765298667976081,0.056264147180028125,0.06039894,0.02151555925411887,0.03480135,0.0,0.0,1.9883581060425894e-08,4.940619469095964e-09,train,train
653,-0.007660096289005169,-0.0038300481445025843,2.736630206513858,0.021043982249854706,0.02316929,0.004560823762713632,0.00772507,0.0,0.0,1.0283952415116983e-08,5.645273137844242e-09,train,train
654,-0.018804504650156467,-0.009402252325078233,2.9984850487639676,0.06036531867289887,0.06679697,0.021236081534655036,0.03280535,0.0,0.0,1.0091995269708448e-08,6.013607944943544e-09,train,train
655,-0.003755770157912004,-0.001877885078956002,3.0190779524439604,0.00913869909150823,0.01068035,0.0020746210188971864,0.00376327,0.0,0.0,1.4282981930975775e-08,4.5641388446426845e-09,train,valid
656,-0.00653715381811038,-0.00326857690905519,3.1097129670544503,0.017626872491656974,0.02165733,0.004373496130117185,0.0091817,0.0,0.0,2.0007497158540783e-08,2.8991302691849796e-09,train,valid
657,-0.006236991055193372,-0.003118495527596686,2.929807886167786,0.016744523218036596,0.02248978,0.006004133807257297,0.00976702,0.0,0.0,1.4337972611631664e-08,3.408433313367709e-09,train,train
658,-0.011183680690480492,-0.005591840345240246,2.7814838180523034,0.033019519812733496,0.03771818,0.009659994727282895,0.01609385,0.0,0.0,1.256479924357006e-08,5.374585221318284e-10,train,train
659,-0.010243184432639864,-0.005121592216319932,2.6965366019110384,0.029708675536762544,0.03648789,0.007778703443917673,0.01178775,0.0,0.0,1.703389265085768e-08,3.765422640356064e-09,train,train
660,-0.014951595976858465,-0.007475797988429233,2.8801162379062424,0.04745866601088467,0.06729373,0.022277951233483074,0.03156281,0.0,0.0,2.2099570622894346e-08,2.2695278989459666e-09,test,train
661,-0.00588392424043749,-0.002941962120218745,3.1304705300004514,0.01575224410845007,0.01989386,0.007439128236011036,0.01326007,0.0,0.0,7.805000019860947e-09,5.717730400256471e-09,train,valid
662,-0.0036652102087110835,-0.0018326051043555417,3.3484039898656603,0.009019940586923693,0.01009782,0.0023714349350762295,0.00346829,0.0,0.0,1.1603950680701704e-08,2.8312668876040448e-09,train,train
663,-0.011075825658781659,-0.005537912829390829,3.0605689658926702,0.03255082268435162,0.03410695,0.007140530380987115,0.01218264,0.0,0.0,4.466017895546767e-09,1.2692624729027102e-09,valid,valid
664,-0.020522699364885575,-0.010261349682442788,2.670213560919001,0.06754231677494119,0.07827615,0.02549063730578151,0.05139784,0.0,0.0,9.714203990254475e-09,4.829903255121337e-09,train,train
665,-0.028898940691207256,-0.014449470345603628,2.844838271450886,0.10172257957283116,0.15528082,0.0445790435463638,0.06228289,0.0,0.0,1.1820649709445934e-08,2.514508823381334e-09,test,train
666,-0.023912647397995947,-0.011956323698997974,2.84266813941992,0.07897403085885575,0.09036976,0.026643273073365066,0.03701589,0.0,0.0,1.1631693989393016e-08,2.298082391050116e-09,test,train
667,-0.013622056481890786,-0.006811028240945393,2.693311331772083,0.041625826957333835,0.05721295,0.01649740353471014,0.03355151,0.0,0.0,1.004254887326791e-08,2.44764275514342e-09,train,train
668,-0.01772635771133462,-0.00886317885566731,2.584721225651194,0.056485668840713335,0.0659268,0.01786356340592259,0.02357246,0.0,0.0,1.6605163417092216e-08,1.6867445218338162e-09,valid,test_ood_short_range
669,-0.006423664998824705,-0.0032118324994123526,3.2380894671798597,0.017254924030240374,0.02014329,0.0060746808112402085,0.00783371,0.0,0.0,1.4616337692405008e-08,3.0968397846109497e-09,train,valid
670,-0.015379968394619388,-0.007689984197309694,2.609126575790099,0.04755416703175618,0.05829579,0.013830438827381195,0.02279763,0.0,0.0,1.7386276673665277e-08,4.6312389478941896e-09,train,test_ood_short_range
671,-0.00398170977540967,-0.001990854887704835,2.9624217561468345,0.009687033975008379,0.01065558,0.0021802484159303198,0.00429615,0.0,0.0,1.5268275588847584e-08,4.623771587830561e-09,train,train
672,-0.024152421449021952,-0.012076210724510976,2.4191598552169444,0.08045769235155809,0.10155269,0.01931575785377231,0.03536019,0.0,0.0,1.4471803738199053e-08,3.0771547532282284e-09,train,test_ood_short_range
673,-0.00526540750015735,-0.002632703750078675,3.3692526401337584,0.013777943661602773,0.01735117,0.005322204217942349,0.00800717,0.0,0.0,1.1983081522304826e-08,4.5427728245783783e-10,test,train
674,-0.0021838828120359192,-0.0010919414060179596,3.357559916252563,0.004888298599775454,0.00556099,0.0016010839302901434,0.00291102,0.0,0.0,1.0829022581775356e-08,1.5871290948155092e-09,train,train
675,-0.03887652357400826,-0.01943826178700413,2.7478405891055013,0.14215657041734253,0.20854831,0.05493891938505434,0.0789975,0.0,0.0,1.6365975750985838e-08,2.2764655716045468e-09,train,valid
676,-0.009944448449952993,-0.0049722242249764965,2.743570416431778,0.02842497775179194,0.03500512,0.007906702951903108,0.01260554,0.0,0.0,8.020538672114431e-09,2.353689909639911e-09,valid,valid
677,-0.012966763401607679,-0.006483381700803839,2.6106142668319126,0.039055082124144436,0.05468778,0.009899008787108435,0.01696203,0.0,0.0,1.5442706005113e-09,5.034342165366468e-09,train,test_ood_short_range
678,-0.004982249525092475,-0.0024911247625462375,3.0293626491758423,0.012857706843064979,0.01489601,0.0049762029869436265,0.0086556,0.0,0.0,7.036324704707543e-09,5.609198439060492e-09,train,train
679,-0.007697624666277452,-0.003848812333138726,2.87956607645568,0.021355240959761296,0.02399018,0.004712746194000549,0.00625624,0.0,0.0,1.8978668544254182e-08,5.080148746117175e-09,train,train
680,-0.02612689059568943,-0.013063445297844716,2.7468211168345276,0.08969384346596908,0.11733584,0.03794984867292073,0.06594726,0.0,0.0,5.982341532559582e-09,2.8256100792489747e-09,test,train
681,-0.00961120660958505,-0.004805603304792525,2.5787663368297404,0.027203660760441783,0.03463576,0.005878466929873525,0.00795093,0.0,0.0,7.981027688831216e-09,8.208311808033386e-10,test,test_ood_short_range
682,-0.016520540986244447,-0.008260270493122224,2.9432343354126447,0.050808588543849224,0.06374207,0.011333930072035177,0.0170513,0.0,0.0,6.116736453554167e-09,2.6208906156455214e-09,train,train
683,-0.010538721011199001,-0.0052693605055995005,2.719357008031721,0.030553078745541615,0.03813484,0.004736330081935801,0.00779244,0.0,0.0,1.4965280559215306e-08,3.46627593295068e-09,train,train
684,-0.014797592549611495,-0.007398796274805748,2.8750077322418752,0.045823240932200186,0.05247717,0.009689319105866005,0.0171611,0.0,0.0,9.360877871538653e-09,4.07906330934793e-09,train,train
685,-0.004497231640224368,-0.002248615820112184,3.1635664756436954,0.011359326181019718,0.01372802,0.003984656954651178,0.00748746,0.0,0.0,2.0528351436124512e-08,4.34700520024478e-09,train,train
686,-0.011460682465066197,-0.005730341232533099,2.9587979318697335,0.03434337838583007,0.04377689,0.015773527576472338,0.0238381,0.0,0.0,1.9866126117142027e-08,4.581833801253765e-09,train,train
687,-0.02065641546403638,-0.01032820773201819,2.826528221330168,0.06779813827313501,0.08224578,0.02483995447835704,0.0367823,0.0,0.0,1.000856779532047e-08,4.657360497262175e-09,train,valid
688,-0.014575426665909356,-0.007287713332954678,2.9030072426670284,0.04544540833171378,0.05055418,0.015154164586568824,0.02285695,0.0,0.0,9.777865347279495e-09,5.14859554989755e-09,valid,train
689,-0.006043516430114601,-0.0030217582150573003,3.008759943897084,0.016084244686627346,0.01874701,0.006585022555353677,0.0097741,0.0,0.0,2.415451348029375e-08,4.629893246566041e-09,train,train
690,-0.032223828826736745,-0.016111914413368372,2.707444997667529,0.11391927665031791,0.14191497,0.03905743115539474,0.05060689,0.0,0.0,4.6642100937365615e-09,2.2213054728936754e-09,train,train
691,-0.02426043566296659,-0.012130217831483296,2.8859150564501284,0.079770932256857,0.08930863,0.010384113295638197,0.02019149,0.0,0.0,1.672258409720024e-08,3.0648584781189925e-09,valid,train
692,-0.004341527596844593,-0.0021707637984222966,3.110437101983553,0.01077978667256299,0.01251193,0.0027250414845221473,0.004574,0.0,0.0,1.1841375835322618e-08,2.0645851694922612e-09,train,train
693,-0.025637634749426437,-0.012818817374713218,2.556223816690066,0.08731739977280453,0.13562927,0.030269754735994584,0.06138102,0.0,0.0,1.1961151742758138e-08,1.3192770209613514e-09,train,test_ood_short_range
694,-0.004086203889834524,-0.002043101944917262,3.2559357702796112,0.01025769585241247,0.01210808,0.0027339677518855264,0.00420947,0.0,0.0,1.3872763923201639e-08,4.539974063355601e-09,test,valid
695,-0.003510306130608311,-0.0017551530653041555,3.2114857350528707,0.008554293041972161,0.00957663,0.0028255787416710462,0.0045538,0.0,0.0,1.637945104274788e-08,3.3645877195453977e-09,valid,train
696,-0.008544294202620909,-0.004272147101310454,2.852662317730887,0.023923759238443275,0.02775595,0.0062822581018545124,0.01159798,0.0,0.0,2.3551451992515477e-08,3.56226126374537e-09,train,train
697,-0.015094115606189357,-0.007547057803094679,2.999933304598082,0.04582868247076533,0.04984935,0.01029243605891239,0.01581787,0.0,0.0,2.1140230540016895e-08,2.404084598062184e-09,train,train
698,-0.005576021975434075,-0.0027880109877170376,3.06713567857484,0.014675662654827549,0.01886782,0.00570797037221638,0.01005784,0.0,0.0,1.2223820432748337e-08,2.0290031876868397e-09,train,train
699,-0.025247929180925804,-0.012623964590462902,2.8685824262627273,0.08466459420810567,0.10171916,0.019858135876553218,0.03366049,0.0,0.0,4.081234238847594e-09,2.145603472669677e-09,test,train
700,-0.0034434412964704643,-0.0017217206482352321,3.0892398952149143,0.008282874206507867,0.01047336,0.002371642975755415,0.00422487,0.0,0.0,1.0605256754455143e-08,2.0121222465974142e-09,train,train
701,-0.00853987349149911,-0.004269936745749555,2.7818301794466556,0.02400259039591283,0.02945527,0.007522164140291232,0.00920401,0.0,0.0,1.9018209677288526e-08,5.061782992754615e-09,train,train
702,-0.011338436878178296,-0.005669218439089148,2.845280474077557,0.033820297247494246,0.04036429,0.01440793722628318,0.02294852,0.0,0.0,9.85744227209193e-09,1.702272434123131e-09,train,valid
703,-0.004635696605044802,-0.002317848302522401,3.0183481467309927,0.01173732364439043,0.01293625,0.0020460905658311736,0.00390421,0.0,0.0,4.663314775508411e-09,5.138897307688239e-09,train,train
704,-0.005453293317339518,-0.002726646658669759,3.2913367284676758,0.014056199517694436,0.01509786,0.003175803620303581,0.00629923,0.0,0.0,1.6834137974301144e-08,1.2014158556894472e-09,train,train
705,-0.011365897460753163,-0.005682948730376581,2.7449072032042205,0.03398418830687393,0.03608656,0.011665982875138153,0.01767729,0.0,0.0,2.2449628380893944e-08,5.061654650972969e-09,valid,train
706,-0.022316169872326635,-0.011158084936163317,2.9225672666246414,0.07293705383816149,0.08719721,0.024838730107730952,0.0349504,0.0,0.0,1.3213630564410817e-08,5.14376830018648e-09,train,train
707,-0.0070987434037780035,-0.0035493717018890017,3.020964182674318,0.019230353047761068,0.02128449,0.0056659933149154585,0.00789376,0.0,0.0,1.2261498424968554e-08,4.991424940037348e-09,train,train
708,-0.02210044799435066,-0.01105022399717533,2.845548359169526,0.07242106760010147,0.07838983,0.0077773157582088255,0.01204859,0.0,0.0,1.8253853204473176e-08,3.614829546805254e-09,train,train
709,-0.004575375932043621,-0.0022876879660218103,3.1947675004476843,0.01169474102731936,0.01503407,0.004500971905174111,0.00771049,0.0,0.0,1.1144372029392505e-08,9.250133992111387e-10,test,train
710,-0.0049324702252402895,-0.0024662351126201448,3.109065775304661,0.012713875859740806,0.01338153,0.005207085416991928,0.00772653,0.0,0.0,2.0449908877152717e-09,2.683440136763693e-10,valid,train
711,-0.0171940593251073,-0.00859702966255365,2.5647490807007856,0.054210333981919295,0.06188034,0.016571140579097646,0.02043798,0.0,0.0,1.191965114926242e-08,1.9755637126195325e-09,test,test_ood_short_range
712,-0.013290757149031485,-0.006645378574515743,2.5961545214718114,0.040285869824987025,0.05114879,0.008638761137790534,0.01122659,0.0,0.0,2.004619078541552e-08,9.852704208057617e-10,valid,test_ood_short_range
713,-0.006851856263300978,-0.003425928131650489,2.999168799820611,0.01867248304116247,0.02134313,0.00487048035697199,0.00669511,0.0,0.0,7.236641740050792e-09,3.1876586925605466e-09,train,valid
714,-0.03472758531952362,-0.01736379265976181,2.646504177466346,0.12324148316509259,0.16595393,0.03410393554146794,0.05832542,0.0,0.0,4.935241676089644e-09,2.8515481087509897e-09,valid,valid
715,-0.014586069653535233,-0.0072930348267676165,2.541336414094745,0.04428481592194289,0.04912257,0.010299284581995652,0.01870582,0.0,0.0,1.1986526537191476e-08,1.8025778647512425e-09,train,test_ood_short_range
716,-0.04365254605497976,-0.02182627302748988,2.651146535028702,0.1591994396106207,0.19762233,0.05917611249510495,0.08976416,0.0,0.0,9.590769560250027e-09,5.317569939933264e-09,train,train
717,-0.007203083279216768,-0.003601541639608384,2.9178240127573782,0.019526859417558676,0.02213969,0.006380827623609391,0.0092275,0.0,0.0,5.859183264013123e-09,5.135863734295754e-09,valid,valid
718,-0.02772840912967876,-0.01386420456483938,2.766896333308001,0.09421138238239953,0.10569224,0.022603232623227814,0.03167499,0.0,0.0,1.4119303699413841e-08,3.1539015843407014e-09,test,train
719,-0.010404904445342044,-0.005202452222671022,2.7776768550821904,0.03035447004495274,0.03499983,0.012109830706464618,0.01997789,0.0,0.0,4.953136168331708e-09,1.7828629683691588e-09,valid,train
720,-0.01053295672501985,-0.005266478362509925,2.873225365414932,0.030850500281036503,0.03866089,0.010296368389260685,0.01443448,0.0,0.0,7.76588921884346e-09,1.835723684173729e-09,test,train
721,-0.025942915895102357,-0.012971457947551179,2.7264203288544238,0.08788350683345027,0.10508585,0.026125325893640697,0.05001865,0.0,0.0,1.8795377002129833e-08,2.737495785609667e-09,train,train
722,-0.008555515336390117,-0.004277757668195058,2.7253813154817466,0.023687838964586167,0.02636776,0.004427428751724865,0.00701995,0.0,0.0,7.921299294417902e-09,2.4523835184808718e-09,train,train
723,-0.05117489962870115,-0.025587449814350575,2.5063356011381295,0.1908330471547079,0.21187032,0.07064278216151043,0.09606322,0.0,0.0,7.3655987493176785e-09,4.4222996375964385e-09,test,test_ood_short_range
724,-0.013141121471034196,-0.006570560735517098,3.027931532591974,0.040152370371238776,0.05060619,0.013499179635502546,0.0191534,0.0,0.0,1.1337908205513252e-08,7.37534477934787e-10,train,valid
725,-0.007286242715862949,-0.0036431213579314744,2.938884731737173,0.020016987087165077,0.02457996,0.0048689063851632365,0.00941094,0.0,0.0,2.7316267557718554e-08,4.762714111983257e-09,train,train
726,-0.006121733069730205,-0.0030608665348651025,3.0114006745294435,0.016304609451548765,0.02134809,0.004581969127975074,0.00924098,0.0,0.0,1.58595456349775e-08,5.0924289229925535e-09,valid,train
727,-0.007812723464236575,-0.0039063617321182876,3.0676824828362825,0.021737843822499967,0.02426454,0.008506039770682556,0.01169176,0.0,0.0,8.44424994824571e-09,2.534575660462224e-09,valid,train
728,-0.007633864955253691,-0.0038169324776268455,2.8030677954722956,0.021090065847049096,0.02412059,0.006810196591785487,0.01095056,0.0,0.0,1.2995832066154088e-08,2.2997337367769433e-09,valid,valid
729,-0.011748777398809852,-0.005874388699404926,2.5686895436756356,0.034576853258553863,0.04640163,0.0109191375952377,0.01892321,0.0,0.0,1.2422141688861326e-08,1.1936560628811321e-09,train,test_ood_short_range
730,-0.007772901930462164,-0.003886450965231082,2.8692890391209196,0.02156634903559169,0.02441729,0.005447768686300231,0.00932761,0.0,0.0,1.5635351807765608e-08,3.5482923266272337e-09,train,valid
731,-0.006850088194323054,-0.003425044097161527,3.03148508028321,0.01873277864044556,0.02396497,0.006808824131342357,0.01202049,0.0,0.0,5.656576617705737e-09,6.975182653690126e-10,train,train
732,-0.028996148133353605,-0.014498074066676803,2.798361972213077,0.09916071679508205,0.1160322,0.02317434320525539,0.0389078,0.0,0.0,1.3309102974935992e-08,1.2319473219335464e-09,train,train
733,-0.00520203339470615,-0.002601016697353075,2.936003524677101,0.013408582202413,0.01680549,0.003409096294630979,0.00453187,0.0,0.0,1.798227119043115e-08,4.2074008721471046e-09,train,train
734,-0.031991912018505236,-0.015995956009252618,2.570972009483037,0.1118555412370499,0.14050144,0.022578144865030802,0.0306164,0.0,0.0,7.911294117954182e-09,3.304725160191424e-09,train,test_ood_short_range
735,-0.03445551603809711,-0.017227758019048554,2.61326325243994,0.12279461382267559,0.15060828,0.03307531448448853,0.05192295,0.0,0.0,6.685550284309587e-09,1.4632439704342914e-09,test,test_ood_short_range
736,-0.0045917221616534375,-0.0022958610808267188,3.2000905077267903,0.011739267311811529,0.01376132,0.0026885010956510073,0.00535791,0.0,0.0,1.2801978085125467e-08,3.153736827243847e-09,train,train
737,-0.0036789313711117254,-0.0018394656855558627,3.256115595010283,0.009037945045654276,0.00989234,0.002495615644288332,0.0034869,0.0,0.0,1.7156072162084623e-08,4.902487749092188e-09,train,train
738,-0.011850198011061082,-0.005925099005530541,2.4570640103673353,0.03434544608260266,0.0503166,0.0048989139231449385,0.00974569,0.0,0.0,6.89933690422624e-09,1.7363428472805253e-09,train,test_ood_short_range
739,-0.016814922894246635,-0.008407461447123317,2.940646927340869,0.052885793438259956,0.06094657,0.00879265451420673,0.01467769,0.0,0.0,1.0928042095175094e-08,1.581154207563884e-09,train,valid
740,-0.002083016068186811,-0.0010415080340934054,3.2504863821347154,0.004562617701407822,0.00503364,0.0006881521973735171,0.00102044,0.0,0.0,9.174345504497283e-09,1.7419559128484252e-09,test,train
741,-0.008225694932101365,-0.004112847466050683,2.8753712350396885,0.022846313599362882,0.0257595,0.006457411011440008,0.01056696,0.0,0.0,1.2690150658288345e-08,2.2915501718401288e-09,train,train
742,-0.011262716457315159,-0.005631358228657579,2.926159504605255,0.033324384566374717,0.04420391,0.009264951567026674,0.01757074,0.0,0.0,9.62313892812087e-09,4.185454982597037e-09,train,valid
743,-0.021868266414293753,-0.010934133207146876,2.5963463826468973,0.07173897581043771,0.073407,0.024004796223509168,0.04386137,0.0,0.0,1.5400678847037096e-08,3.4668286019723382e-09,train,test_ood_short_range
744,-0.00942703899502547,-0.004713519497512735,2.8934677974352807,0.027232192280910228,0.03123335,0.00836015722498387,0.01506867,0.0,0.0,1.565728296397484e-08,3.210586463353593e-09,train,train
745,-0.012182611350535544,-0.006091305675267772,2.962989408840176,0.03738147179554287,0.04998675,0.018792964389273893,0.02995647,0.0,0.0,1.0989413364495091e-08,4.315584223313351e-09,train,valid
746,-0.02488040900602115,-0.012440204503010576,2.843090022270331,0.0845063304397203,0.12013852,0.03257049579437373,0.04737624,0.0,0.0,9.30916638804168e-09,2.838795309934028e-09,test,train
747,-0.008185737984179636,-0.004092868992089818,2.7859904682091408,0.02283235074916875,0.03080928,0.008283313547478046,0.01506917,0.0,0.0,1.0569757969957459e-08,2.6627235971687924e-09,train,valid
748,-0.04303931940448946,-0.02151965970224473,2.843058280254627,0.15721316582048359,0.21172739,0.05534757733359354,0.07551881,0.0,0.0,1.3041838792016672e-08,1.4157502947753642e-09,train,train
749,-0.012729987768089968,-0.006364993884044984,2.9457131536632164,0.03834441373970095,0.045058,0.008959472409827862,0.01693874,0.0,0.0,1.702795883454135e-08,3.5085567784420846e-09,train,train
750,-0.009590657152686585,-0.004795328576343292,2.8290458774117786,0.027625014334737758,0.03492777,0.008652497856885029,0.01229189,0.0,0.0,1.125916640969937e-08,3.5451557245380627e-09,train,train
751,-0.00730518330466562,-0.00365259165233281,2.871834586772662,0.019829693955401833,0.02207971,0.003152868493483355,0.00522095,0.0,0.0,1.564209715251371e-08,1.508999369903563e-09,test,train
752,-0.0071701082169396205,-0.0035850541084698102,3.0529325949280053,0.01967232096376107,0.02619179,0.00620316347935202,0.01057173,0.0,0.0,8.874464732846975e-09,2.971834889287095e-09,valid,train
753,-0.024251463245017497,-0.012125731622508748,2.5651076388036826,0.08043995794503997,0.08779157,0.02182091969593552,0.03569403,0.0,0.0,1.728984733853788e-08,1.6891438248123336e-09,train,test_ood_short_range
754,-0.009387031605232552,-0.004693515802616276,2.6305731120381766,0.026591311083556977,0.03482305,0.004836645172704939,0.00655793,0.0,0.0,1.2546298369655803e-08,5.222729360099265e-09,valid,train
755,-0.021670535753364552,-0.010835267876682276,2.758762932855537,0.07320487026881271,0.08370463,0.03197761700551549,0.04186331,0.0,0.0,6.4900158828453286e-09,2.796386011638674e-09,train,train
756,-0.017387879004825836,-0.008693939502412918,2.7207344075025865,0.055280656735322585,0.06836007,0.021418146939140185,0.03769366,0.0,0.0,7.498922018459554e-09,3.068691301066906e-09,train,valid
757,-0.01239083340103378,-0.00619541670051689,2.7533385091342018,0.037605510110612785,0.04787811,0.01222972625207054,0.01819944,0.0,0.0,7.186447133393948e-09,4.231343719851566e-09,train,train
758,-0.005959201822284213,-0.0029796009111421064,2.938129083362818,0.01578353273535005,0.01778406,0.003484584086487224,0.00550568,0.0,0.0,1.5643259367227987e-08,5.082529952460391e-09,valid,train
759,-0.057158439610571855,-0.028579219805285928,2.5804964885700676,0.2250287085409543,0.29501654,0.09975620696344747,0.14179049,0.0,0.0,7.726370166039276e-09,3.9986350897081024e-09,train,test_ood_short_range
760,-0.0037042365253018242,-0.0018521182626509121,3.1685821056130274,0.009082733045636648,0.01006118,0.003493314365083681,0.00572115,0.0,0.0,8.495374027075591e-09,5.924147172819971e-09,valid,train
761,-0.005731501512268859,-0.0028657507561344296,2.9067931298818865,0.014968129470340196,0.01875475,0.004558796884032745,0.00851021,0.0,0.0,1.4533341740602264e-08,1.5654453289215553e-09,train,unused
762,-0.010303029915638195,-0.005151514957819098,2.889669636613798,0.03009199664703114,0.03706776,0.010236084571210158,0.01542178,0.0,0.0,1.1194468661756186e-08,1.3454763969633632e-09,test,train
763,-0.009054770220978434,-0.004527385110489217,3.15044460603657,0.025885807973660007,0.02861438,0.009232494519801605,0.01767016,0.0,0.0,1.1593150138199991e-08,2.2723012360614803e-09,train,train
764,-0.005804859263031181,-0.0029024296315155905,3.099542705622576,0.015481701142318524,0.01871959,0.0063786875039919715,0.01090593,0.0,0.0,8.028133500541582e-09,1.1165013358294118e-09,train,train
765,-0.10010819452008647,-0.050054097260043236,2.4249449405573094,0.4045122735093377,0.52483022,0.08852564784462108,0.13618539,0.0,0.0,9.467881469391812e-09,5.352920551260354e-09,train,test_ood_short_range
766,-0.018869820765587995,-0.009434910382793997,2.8426130960873084,0.060784620225221166,0.06779077,0.02662126350376174,0.03750705,0.0,0.0,1.7985062051989346e-08,3.362689349195591e-09,valid,train
767,-0.02067945859842376,-0.01033972929921188,2.41323225465073,0.0667902939629447,0.09870251,0.017371173884725425,0.02933224,0.0,0.0,2.2052983501799123e-09,1.5789870522198157e-09,test,test_ood_short_range
768,-0.00796625034005409,-0.003983125170027045,2.797519798186505,0.022202492806257138,0.02867599,0.004868792181515178,0.00872244,0.0,0.0,9.028786654130498e-09,5.015208914826985e-09,train,train
769,-0.02362152151199673,-0.011810760755998365,2.4886953410371393,0.07875353140754557,0.09291575,0.013946431440455178,0.02280524,0.0,0.0,9.867321524770327e-09,5.877038855572891e-09,train,test_ood_short_range
770,-0.0067366329304152485,-0.0033683164652076243,2.9759614888497268,0.01832897983627476,0.0208839,0.005104809427752095,0.00729957,0.0,0.0,8.818387469136658e-09,4.245282125836525e-09,train,valid
771,-0.005595993413772636,-0.002797996706886318,2.9955794551488455,0.014710262296170428,0.01752918,0.0033241588960517517,0.00649471,0.0,0.0,9.169837139286753e-09,5.543469239199794e-09,train,train
772,-0.008274405358785647,-0.004137202679392824,2.7832383199061455,0.023189782194193487,0.03196086,0.008204289098117113,0.01695385,0.0,0.0,1.599255482290849e-08,2.203294213742879e-09,test,valid
773,-0.015199546544144937,-0.0075997732720724685,2.811833373610362,0.04734057325513813,0.06068014,0.014830228556252935,0.02885599,0.0,0.0,1.180797772852002e-08,4.485060878245406e-09,train,unused
774,-0.004395431043049083,-0.0021977155215245417,3.11349781454054,0.011048011178636028,0.01360116,0.003808069713997719,0.00557617,0.0,0.0,3.424797875585079e-09,3.817923754922958e-09,train,train
775,-0.021005185438656544,-0.010502592719328272,2.689153013186648,0.06909638346031409,0.08394121,0.019520673683406355,0.0288867,0.0,0.0,1.1662963638851246e-08,2.6598369062824645e-09,train,train
776,-0.01139733018309196,-0.00569866509154598,2.606109653804795,0.033065856990824136,0.03905952,0.005687057903553178,0.01063435,0.0,0.0,7.971174013464272e-09,3.2940230543232474e-09,train,test_ood_short_range
777,-0.007588116063526276,-0.003794058031763138,3.037782615899501,0.020739765099298178,0.02170925,0.0067041312372770065,0.00881863,0.0,0.0,2.8953266121368833e-08,4.948593423925729e-09,train,train
778,-0.0042463499244199945,-0.0021231749622099973,3.0477255815805138,0.01060250073712015,0.01238277,0.0030805355481853046,0.00458832,0.0,0.0,1.5247678384218385e-08,5.003845560125342e-09,train,valid
779,-0.004453755646742611,-0.0022268778233713055,3.322110672422956,0.011274303018087932,0.01233633,0.004299688366850944,0.00607291,0.0,0.0,4.331205474033141e-09,4.610795745207952e-09,train,train
780,-0.004447005708315973,-0.0022235028541579866,3.2291588086616656,0.01104650251121141,0.01179664,0.002752495875310261,0.00407704,0.0,0.0,6.64342450464097e-09,3.1675084777305074e-09,train,train
781,-0.018487835459306413,-0.009243917729653207,2.4715673542248737,0.058926549519483146,0.07213789,0.014812357970266473,0.01932067,0.0,0.0,8.094233434222008e-09,3.5299881906425412e-09,valid,test_ood_short_range
782,-0.0036459014155680357,-0.0018229507077840179,3.10585308517637,0.00886595212059596,0.01112762,0.002770658833547838,0.00514867,0.0,0.0,2.0045052908834425e-08,1.5987990931165541e-09,train,train
783,-0.0075990057723370075,-0.0037995028861685038,2.924726734057664,0.02100724522274319,0.02191346,0.007900201695690012,0.01339905,0.0,0.0,7.013876784460607e-09,6.10682304724719e-09,valid,train
784,-0.010618099105174113,-0.0053090495525870566,2.845659067135818,0.03093908894972938,0.03769396,0.011827921485454097,0.01997646,0.0,0.0,7.592473869049358e-09,4.318295498961788e-09,test,train
785,-0.009354827770549629,-0.0046774138852748144,2.7572448049850573,0.026623154938318887,0.02952602,0.01009966501917019,0.01543489,0.0,0.0,1.92568873511264e-08,3.80663411903015e-09,train,train
786,-0.019052124243547346,-0.009526062121773673,2.57163836272872,0.06162752897532238,0.0705293,0.028510671370716615,0.03871357,0.0,0.0,1.4794404284782307e-08,2.0950610135628267e-09,test,test_ood_short_range
787,-0.008795181425935841,-0.004397590712967921,3.1971471510079272,0.024979812581141733,0.02852572,0.009192425651335634,0.01520193,0.0,0.0,1.5358284208673405e-08,1.0820818685530753e-09,train,train
788,-0.010118532412579583,-0.0050592662062897914,2.937071959793361,0.02865283699655702,0.03453372,0.005035167712794348,0.00725033,0.0,0.0,1.5204210307561325e-08,2.6483322201897863e-09,test,train
789,-0.01582641847245547,-0.007913209236227734,2.799324502902588,0.04986582541772037,0.05810916,0.014725475369121931,0.02489493,0.0,0.0,1.1076122344880245e-08,3.582529273238322e-09,test,train
790,-0.006441946371110796,-0.003220973185555398,3.158269106191072,0.017563517474247576,0.02319311,0.006204922279967199,0.01139396,0.0,0.0,9.186659449179428e-09,2.6322219959240556e-09,train,train
791,-0.012518114619600682,-0.006259057309800341,2.7109113304720616,0.03788510761463401,0.0531989,0.014795627288483467,0.02554936,0.0,0.0,1.7506427954112032e-08,9.182125060291924e-10,train,train
792,-0.05897420272062535,-0.029487101360312674,2.513151440842562,0.23426388324454311,0.29261124,0.1091423194764252,0.15877419,0.0,0.0,1.2769513350568676e-08,4.3278824968240315e-10,train,test_ood_short_range
793,-0.0100804644436617,-0.00504023222183085,2.914810271998479,0.029196734542521478,0.03460368,0.00885684487099667,0.01277919,0.0,0.0,1.484742336638173e-08,4.341740078572798e-09,train,train
794,-0.004557685448536745,-0.0022788427242683724,3.022367601775482,0.011446065514951708,0.01202042,0.0027685148922481887,0.00355243,0.0,0.0,4.144596284294012e-09,5.604047559337744e-09,train,train
795,-0.028403010040774487,-0.014201505020387244,2.7833081870240326,0.0977678703810219,0.12749552,0.04270025767994127,0.0661157,0.0,0.0,1.1180647620882622e-08,3.3182544489918087e-09,valid,train
796,-0.00556256709609493,-0.002781283548047465,3.032514622542594,0.01447098829938255,0.01636271,0.004013371476030678,0.00559894,0.0,0.0,1.802134729681133e-08,2.9862265993330084e-09,valid,valid
797,-0.050601688871717634,-0.025300844435858817,2.67078241844745,0.18641650139282062,0.21984688,0.05226163627186773,0.08949715,0.0,0.0,7.676324633860956e-09,1.7063568336084245e-09,valid,train
798,-0.03183188695565412,-0.01591594347782706,2.7556665608521356,0.10881591141281943,0.13729724,0.015418873494101312,0.02904922,0.0,0.0,1.2478908710404805e-08,3.834140560599053e-09,train,train
799,-0.008768419122346887,-0.004384209561173444,2.8137103654397713,0.02462696451009002,0.03060738,0.004927891048684011,0.0087688,0.0,0.0,1.4191730856964053e-08,2.744162119761029e-09,train,train
800,-0.004868865584783294,-0.002434432792391647,2.9463085919015835,0.012274077822872613,0.01490901,0.0028182734296758123,0.0052634,0.0,0.0,1.7826773882461267e-08,5.1266584311093766e-09,test,train
801,-0.027718628602197152,-0.013859314301098576,2.6299937475780775,0.0943714489479387,0.10494604,0.0340365729331553,0.04985603,0.0,0.0,9.314701722795649e-09,2.6918783868623564e-09,train,train
802,-0.014794803532875425,-0.007397401766437712,2.7552422684031788,0.04543768395791501,0.05063377,0.016239685188845256,0.02783311,0.0,0.0,1.5893991503960536e-08,3.9142804553193855e-09,train,train
803,-0.009198503443617051,-0.004599251721808526,2.8041694196764904,0.025877239166217737,0.03358518,0.00497122238621951,0.01075797,0.0,0.0,2.4758054357802407e-08,2.2557293810621104e-09,train,train
804,-0.004388274390071731,-0.0021941371950358656,3.031433280779936,0.010922014301818751,0.01264553,0.0026688529948494105,0.00390432,0.0,0.0,1.0793677939006405e-08,2.9719084970736276e-09,train,train
805,-0.0031589892408430244,-0.0015794946204215122,3.071228678972137,0.007382902542482868,0.00902387,0.0014173177552452142,0.00237311,0.0,0.0,1.4323926595972305e-08,3.1628550889450935e-09,test,train
806,-0.007086849855446941,-0.0035434249277234704,2.6902672090113264,0.019015131892860134,0.0212883,0.004700022562725985,0.00841001,0.0,0.0,8.698365035535454e-09,5.274565229029804e-09,train,train
807,-0.013490290329298958,-0.006745145164649479,2.636001982216984,0.040362317527770045,0.04731896,0.010787544725780593,0.01580364,0.0,0.0,8.948094838105414e-09,1.5792296359506963e-09,train,train
808,-0.006588192209725895,-0.0032940961048629476,2.969919539057886,0.01782031059296947,0.02189542,0.007078354239687359,0.01321324,0.0,0.0,1.6696081801336223e-08,2.3801638437959127e-09,train,train
809,-0.06238288932402838,-0.03119144466201419,2.2539424325023445,0.2418967659733346,0.33813583,0.09307311036502282,0.16701372,0.0,0.0,9.506567484796098e-09,3.37293348806611e-09,train,test_ood_short_range
810,-0.011474166793690094,-0.005737083396845047,2.8869030912842195,0.03408523323926556,0.03970357,0.010471571611818034,0.01570986,0.0,0.0,1.5033931452595884e-08,4.7418160509238305e-09,train,train
811,-0.0035484540450229714,-0.0017742270225114857,3.190748502495856,0.008595153205956637,0.01092254,0.0030061309971927924,0.00488387,0.0,0.0,7.3348133503897295e-09,2.0466408567898497e-09,train,valid
812,-0.0057349213084439575,-0.0028674606542219787,2.8868994891292754,0.015077058785282581,0.0177353,0.003592374990383567,0.00710133,0.0,0.0,7.031741102396842e-09,4.793136332281733e-09,test,valid
813,-0.00952474504848168,-0.00476237252424084,2.922521469291518,0.027826423370761588,0.03552235,0.012020161870402717,0.02075006,0.0,0.0,1.9046062954947486e-08,4.35281799493481e-09,test,train
814,-0.006507855127913808,-0.003253927563956904,2.844213688527815,0.017466403358105335,0.02108124,0.005933247720294791,0.01009435,0.0,0.0,2.3497996642909834e-08,2.7888149567445453e-09,train,valid
815,-0.011895742756886044,-0.005947871378443022,2.8982150185405344,0.03577689087176898,0.04296549,0.01390445069490521,0.02055427,0.0,0.0,9.665931519657489e-09,1.8399468615371006e-09,test,train
816,-0.01790335522644196,-0.00895167761322098,2.8327522319116074,0.05719108031693229,0.06331522,0.014966033837541928,0.0273334,0.0,0.0,1.4038447275201292e-08,3.741743137553044e-09,train,train
817,-0.017797033083609946,-0.008898516541804973,2.9343039125802344,0.055619090783970024,0.06613585,0.010802506787730646,0.01460934,0.0,0.0,2.1189352525634943e-08,3.3044861291742222e-09,valid,train
818,-0.01362278480337919,-0.006811392401689595,2.6467535150351362,0.04137699650474604,0.05137294,0.012168720971407938,0.0205856,0.0,0.0,8.430841600730996e-09,1.5452281676431312e-09,train,train
819,-0.046155747546073655,-0.023077873773036828,2.665328137642855,0.16648474763780274,0.18814499,0.031789130641643064,0.05401727,0.0,0.0,1.782806335253922e-08,5.203603103964838e-09,train,train
820,-0.018280678456732,-0.009140339228366,2.491869538765814,0.057441301944407275,0.06394263,0.010126226382517823,0.01564791,0.0,0.0,2.036648766745674e-08,4.041539103383229e-09,train,test_ood_short_range
821,-0.012706798052667027,-0.0063533990263335135,2.677564203897423,0.03816634221318831,0.04090691,0.007946640710775214,0.01444998,0.0,0.0,1.4590430437217907e-08,4.447316181988015e-09,test,train
822,-0.004730725490846302,-0.002365362745423151,2.9864243547987894,0.0119032952333405,0.01308145,0.0019398324077137866,0.00357607,0.0,0.0,8.357014629281664e-09,3.875976428702188e-09,train,train
823,-0.006989776102227477,-0.0034948880511137385,3.050539520942468,0.019334479924584647,0.02473484,0.00885587395194662,0.01285294,0.0,0.0,1.5051618950391076e-08,2.057338521765928e-09,valid,unused
824,-0.01304578998754747,-0.006522894993773735,3.146697852103251,0.039185528326360915,0.04029084,0.014411142618815254,0.01854791,0.0,0.0,1.434141650310392e-08,2.9125556411102593e-09,train,train
825,-0.006159742511939955,-0.0030798712559699775,2.9106165113137816,0.016439799742277883,0.01774516,0.005833051661914771,0.00995729,0.0,0.0,6.439059487939921e-09,1.8262983347838713e-09,train,valid
826,-0.02539600055886316,-0.01269800027943158,2.8012182540079587,0.08756392192866307,0.12148111,0.04064077946108031,0.06324188,0.0,0.0,6.591646084452434e-09,4.6482577786832735e-09,train,train
827,-0.008121522906809526,-0.004060761453404763,2.886693324479579,0.0225715663588721,0.03011412,0.004323173915743694,0.00703995,0.0,0.0,1.1944070648798634e-08,1.9644090798465186e-09,test,train
828,-0.008625604686972639,-0.004312802343486319,2.9631100417992715,0.024246277827123623,0.02602321,0.006317555555033397,0.01067825,0.0,0.0,1.5977145504139198e-08,3.5391121144812132e-09,train,train
829,-0.003220756332850244,-0.001610378166425122,2.9792173598621594,0.007557303495270872,0.0085779,0.0007856651343925096,0.00113367,0.0,0.0,1.5306876845941224e-08,5.197528851752509e-09,train,train
830,-0.020756830237123793,-0.010378415118561897,2.8430273716422723,0.06709057879677742,0.07811051,0.015802141929961582,0.02557761,0.0,0.0,8.605325447103426e-09,3.848245277993101e-09,train,valid
831,-0.030248200562925168,-0.015124100281462584,2.5897595389748616,0.10394924004599376,0.12913771,0.02843476580803653,0.04056437,0.0,0.0,9.864500675841977e-09,3.083647226453934e-09,train,test_ood_short_range
832,-0.009629234476549417,-0.004814617238274708,2.971217480813224,0.027829964738965565,0.03426155,0.006686075992797769,0.01023481,0.0,0.0,3.9535738200157525e-09,4.026683431135325e-09,train,train
833,-0.01937409011092284,-0.00968704505546142,3.022774599244198,0.06196258358356867,0.07923668,0.019370359160993462,0.03725598,0.0,0.0,2.0810836106577998e-08,3.5982057333683315e-09,test,train
834,-0.008225953790189063,-0.0041129768950945314,2.8260322089037375,0.023192870888918287,0.03096296,0.0080300316779481,0.01480746,0.0,0.0,9.496080154454228e-09,4.297861622148957e-09,train,train
835,-0.003047828752196899,-0.0015239143760984496,3.2136514701213303,0.007217634086273239,0.00756162,0.001995362860054114,0.00279157,0.0,0.0,1.526025382883585e-08,3.637297130154593e-09,valid,train
836,-0.011315100520410628,-0.005657550260205314,2.9458450426752587,0.033624619959201026,0.03663761,0.009437415446632269,0.01758931,0.0,0.0,1.34392808108297e-08,5.211361786550128e-09,train,train
837,-0.007675005910214243,-0.0038375029551071214,2.7168747061731904,0.02108904442140042,0.02591887,0.0053694159251185475,0.00786092,0.0,0.0,1.1045447254462506e-08,1.8960151226821154e-09,valid,train
838,-0.0038287496651099886,-0.0019143748325549943,3.2155063330263123,0.009339105603125673,0.01083165,0.0026674179117484884,0.00350671,0.0,0.0,1.3324978437909947e-08,3.6786633739183117e-09,train,train
839,-0.007897340855768016,-0.003948670427884008,2.8014055838276293,0.02186435658694915,0.02470966,0.005688410284956598,0.00991912,0.0,0.0,1.120453174436348e-08,4.293639888075518e-09,train,train
840,-0.005995478054829662,-0.002997739027414831,2.792426626372102,0.01577876485763593,0.01661782,0.0030909213672813914,0.00569313,0.0,0.0,1.694000004182475e-08,3.7753070669666045e-09,train,train
841,-0.0044911398523475535,-0.0022455699261737768,2.984489411648706,0.011183287438399617,0.01302656,0.002533901461623294,0.0036238,0.0,0.0,8.555695180018117e-09,1.3943579624253744e-09,train,train
842,-0.010333226826239595,-0.0051666134131197975,2.9478588634669274,0.03028081065895088,0.03918534,0.009175093422735087,0.01934956,0.0,0.0,1.558909641561475e-08,3.7203676805930286e-09,train,train
843,-0.004921545004710706,-0.002460772502355353,3.1032184600651065,0.012731111614357691,0.01737399,0.00563672596022431,0.00940385,0.0,0.0,1.7630135477642693e-08,2.6957881482658763e-09,train,train
844,-0.005761178734201323,-0.0028805893671006613,3.0228909989347974,0.015187068809810973,0.0172412,0.003408269981033877,0.00647648,0.0,0.0,1.3754779699905093e-08,3.073918231066841e-09,test,train
845,-0.01098260127970259,-0.005491300639851295,2.8499644944041878,0.03219699019811945,0.04338679,0.009525309008629763,0.0194581,0.0,0.0,1.2709984602809924e-08,4.9374391242196225e-09,train,train
846,-0.008983717912971425,-0.004491858956485712,2.6322420188060844,0.025191481564191494,0.02999683,0.006755794238944078,0.0107396,0.0,0.0,1.749778143148148e-08,3.1711593351246847e-09,train,train
847,-0.013214081982147675,-0.006607040991073837,3.1312729398399015,0.04014197713862925,0.04670427,0.014084897369224955,0.02680242,0.0,0.0,1.336606256709708e-08,2.738527182799544e-09,train,valid
848,-0.007658897723050118,-0.003829448861525059,3.1063774862536704,0.021460950339058458,0.02787447,0.006653382321315979,0.01065339,0.0,0.0,8.510751651813547e-09,5.492943211393708e-09,train,train
849,-0.011494326383398543,-0.0057471631916992715,2.903640976955557,0.03412976014259549,0.0387064,0.012450863292023837,0.01824788,0.0,0.0,1.6880914187182906e-08,1.3602208248642e-09,test,train
850,-0.006883220524488821,-0.0034416102622444105,2.709214324225783,0.018288339018994224,0.02086164,0.003448167248904361,0.00641388,0.0,0.0,1.063270861242834e-08,2.428014012068047e-09,train,train
851,-0.009669330725206577,-0.004834665362603289,2.9599465515365098,0.0277750456795934,0.0325685,0.006996833783286076,0.00989495,0.0,0.0,5.74425519083571e-09,5.5652272790140955e-09,train,train
852,-0.006970998754169068,-0.003485499377084534,2.8627376394828143,0.018817131587959945,0.02113173,0.005854977685035756,0.00811369,0.0,0.0,1.236139140383081e-08,4.595787972405674e-09,train,train
853,-0.009641773745937393,-0.004820886872968696,2.5610165786785677,0.027063737777018163,0.03114112,0.0052802123008186585,0.0080316,0.0,0.0,1.0029723895890232e-08,5.719377083046595e-09,train,test_ood_short_range
854,-0.04511037863012126,-0.02255518931506063,2.5478548898435998,0.1697516686334746,0.2255228,0.06962143274398935,0.12380123,0.0,0.0,1.0689399657442076e-08,2.8721593992031558e-09,test,test_ood_short_range
855,-0.021558440247162358,-0.010779220123581179,2.8628314023942423,0.07055774472752371,0.07719674,0.028333972955674313,0.04246154,0.0,0.0,1.6772424612904225e-08,2.5067292686031806e-09,test,train
856,-0.0034174408195943597,-0.0017087204097971799,3.024918182489747,0.008144756324185928,0.00965285,0.0018980753895678994,0.00334909,0.0,0.0,1.4588955192259626e-08,3.957795424724964e-09,train,train
857,-0.005460723378409901,-0.0027303616892049506,2.9928275502427333,0.014280777154964876,0.01605548,0.005518836375991471,0.00958518,0.0,0.0,2.049652352304311e-08,6.894466220153106e-09,test,valid
858,-0.01269586628646262,-0.00634793314323131,2.855481910297438,0.03766760625397062,0.04647857,0.007065976734842348,0.01289479,0.0,0.0,5.885642078411105e-09,6.013191389264705e-09,test,valid
859,-0.007713925099583994,-0.003856962549791997,3.085062150845584,0.021552566085616502,0.02736431,0.00731953910600137,0.01172897,0.0,0.0,9.536835220182587e-09,1.1721690285071418e-09,train,valid
860,-0.004411855966098583,-0.0022059279830492916,2.8855518420902593,0.010963044783772434,0.01389053,0.0022321684945847318,0.00330643,0.0,0.0,1.246216065072877e-08,4.284372301377459e-09,test,train
861,-0.0059931771279574005,-0.0029965885639787002,3.2920222436175313,0.015866809782551335,0.01775815,0.004028062583252649,0.00628651,0.0,0.0,9.454409980484933e-09,2.2232310437075853e-09,train,train
862,-0.005431752706113924,-0.002715876353056962,2.876007199809196,0.014087320093989962,0.01721526,0.004276554676366245,0.00855456,0.0,0.0,1.162327452288433e-08,5.432316374509583e-09,train,train
863,-0.011815714842598444,-0.005907857421299222,2.642502256070581,0.03504080869188333,0.05042529,0.008723518976130943,0.01292957,0.0,0.0,5.140294435364027e-09,3.066890297276359e-09,train,train
864,-0.004662863273463216,-0.002331431636731608,2.830563561524784,0.011634564672993428,0.01398586,0.0014189635052389473,0.00207084,0.0,0.0,1.2502514002074511e-08,9.175824544627176e-10,test,unused
865,-0.008857486356782632,-0.004428743178391316,2.654728909288506,0.02490397793129443,0.02800006,0.006454976763155955,0.00890088,0.0,0.0,1.991177111819679e-08,5.589883667056483e-09,train,train
866,-0.004620286877129054,-0.002310143438564527,2.84356288711378,0.011460197592707553,0.01270888,0.0013868396872145435,0.00233916,0.0,0.0,1.0561163423672629e-08,5.030391658777944e-10,valid,train
867,-0.011283861006325958,-0.005641930503162979,2.9007692076314315,0.03315698183338013,0.04010266,0.009936288455993012,0.01784914,0.0,0.0,1.9457676211452214e-08,1.1090373064348569e-09,valid,train
868,-0.0192625678735241,-0.00963128393676205,2.7393775826901474,0.06366874009806382,0.09376678,0.026356231681570426,0.04641408,0.0,0.0,1.1773483139289626e-08,3.341434240411445e-09,test,valid
869,-0.006762974311494822,-0.003381487155747411,3.2485299472888967,0.0181682842582828,0.02017095,0.006215380448882433,0.01036716,0.0,0.0,2.4658095484189638e-08,3.089222433416694e-09,test,train
870,-0.021126367442945618,-0.010563183721472809,2.5176602853815084,0.0694579957514511,0.07767871,0.020593270699779172,0.03686553,0.0,0.0,1.355270033549143e-08,4.299974820654029e-09,train,test_ood_short_range
871,-0.02278345560794288,-0.01139172780397144,2.522392998234452,0.07700229801699038,0.09696611,0.03178460194912362,0.04827429,0.0,0.0,1.0683979275777457e-08,4.999354374923826e-09,train,test_ood_short_range
872,-0.013075761580764556,-0.006537880790382278,2.737292866199265,0.0394900998196147,0.04884467,0.014224155531132593,0.02545787,0.0,0.0,1.176877897769507e-08,2.845994884204117e-09,train,valid
873,-0.014434193056668664,-0.007217096528334332,2.8252493162632377,0.04514659540749593,0.05224368,0.019453557295105867,0.02989917,0.0,0.0,2.515043878936567e-09,4.388611030137213e-09,train,train
874,-0.023637121990280795,-0.011818560995140398,2.7523107982511292,0.08052518121207676,0.10138183,0.03677233438747056,0.06629728,0.0,0.0,6.9516017487598515e-09,8.644234217314306e-10,valid,train
875,-0.01615177792471711,-0.008075888962358556,2.822987506318109,0.050598554295366985,0.05674946,0.019585952606502192,0.03330847,0.0,0.0,8.311854228897987e-09,2.1986610310165133e-09,train,train
876,-0.011341007196588895,-0.005670503598294447,2.913981246737174,0.03310769908925969,0.03780982,0.007516786715340316,0.01540093,0.0,0.0,4.563594454222382e-09,3.1727807048298473e-09,test,valid
877,-0.01687708998025179,-0.008438544990125895,2.966713652158662,0.05318683667178217,0.06043525,0.014165405382786734,0.02276588,0.0,0.0,1.886056981732072e-08,7.290938963677718e-10,test,train
878,-0.004359035487433179,-0.0021795177437165894,3.0518869311282484,0.010970233722194193,0.01317947,0.0015935283157823084,0.00260448,0.0,0.0,2.1164680660230874e-08,1.899591595133643e-09,train,train
879,-0.008919741616375952,-0.004459870808187976,2.714853685020762,0.025253990706408495,0.03066584,0.005125681939233386,0.00813529,0.0,0.0,1.5779393377819054e-08,4.512272555601271e-09,test,train
880,-0.0162929332266665,-0.00814646661333325,2.6743442885153903,0.05211664573623735,0.08013053,0.022503602148205813,0.03677401,0.0,0.0,1.3579077756052659e-08,4.745005277584369e-09,train,train
881,-0.0066211307280665535,-0.0033105653640332767,2.950479843239426,0.01791119691837204,0.01835508,0.00604398987450343,0.00969342,0.0,0.0,1.2477162546434568e-08,3.471666509824445e-09,train,train
882,-0.024707724591370193,-0.012353862295685096,2.6387179223541275,0.08249376657668889,0.09005028,0.02577009147745599,0.04284572,0.0,0.0,1.546573045920079e-08,5.8250317902519555e-09,train,train
883,-0.01203850842439007,-0.006019254212195035,2.642374973660233,0.03574965425289733,0.04448761,0.006605053266644915,0.01032866,0.0,0.0,1.6349278928571815e-08,6.893348114545006e-10,test,train
884,-0.004875293953314138,-0.002437646976657069,3.1047885410391762,0.012524167266148542,0.01618105,0.0033003199293149344,0.00547605,0.0,0.0,9.456059104169168e-09,3.557149352850786e-09,train,train
885,-0.013694391886431552,-0.006847195943215776,2.8395456888017527,0.04166784137264533,0.04901874,0.010462733799454615,0.01655521,0.0,0.0,9.852328278553002e-09,2.9334554785265254e-09,train,train
886,-0.0049968558618288805,-0.0024984279309144403,3.0522461282292777,0.012917361688409908,0.01753566,0.00465424202724604,0.00896992,0.0,0.0,9.419663544194994e-09,4.580124279840447e-09,train,train
887,-0.052165170588351746,-0.026082585294175873,2.3675975720764515,0.19135040777946768,0.2324471,0.038726005030224844,0.05728144,0.0,0.0,1.3648118647573563e-08,3.336431131373274e-09,train,test_ood_short_range
888,-0.010684549631404472,-0.005342274815702236,2.6653774203175487,0.03109636759932956,0.03756267,0.008390121412179723,0.01276007,0.0,0.0,1.2107430468909448e-08,3.0001470197049684e-09,train,train
889,-0.034279799598832816,-0.017139899799416408,2.895426841915457,0.11910067877784773,0.15134291,0.02477371940711736,0.03570526,0.0,0.0,1.4822719533912418e-08,4.938992104186468e-09,train,train
890,-0.012294450481622369,-0.0061472252408111844,2.6507730534638685,0.03637754678486809,0.04541251,0.008687485474891454,0.01584223,0.0,0.0,1.2880973637230386e-08,5.4466205989811556e-09,train,train
891,-0.003782144224060409,-0.0018910721120302045,3.016022047280267,0.009157978106774807,0.01113224,0.0020368672065044727,0.00303682,0.0,0.0,4.542086426748793e-09,1.3501513240754548e-09,valid,train
892,-0.019216746332316875,-0.009608373166158438,2.4584020419681787,0.06149536805868363,0.07605928,0.020728512193666962,0.02757405,0.0,0.0,7.663068341164237e-09,3.830405326255004e-09,valid,test_ood_short_range
893,-0.004163675411504517,-0.0020818377057522583,3.074705884587661,0.01031730947884024,0.01313785,0.0034628172491123466,0.00568466,0.0,0.0,1.2841453451581413e-08,2.2663622090135505e-09,test,train
894,-0.015000317340813571,-0.0075001586704067855,2.8956822632842587,0.046303522774828555,0.06057896,0.0181049467860527,0.03537606,0.0,0.0,2.25786165285419e-08,5.354881427166447e-09,train,train
895,-0.005021914238135261,-0.0025109571190676306,3.017352527155799,0.012932967694428582,0.014949,0.004319076299353061,0.00684597,0.0,0.0,1.6315694901240267e-08,1.6139846126250745e-09,train,train
896,-0.014050025037329234,-0.007025012518664617,2.7534252192068966,0.04310773693506461,0.04926696,0.015713098406601206,0.02561857,0.0,0.0,8.232193832861817e-09,1.127231419317809e-09,train,train
897,-0.019856956803509324,-0.009928478401754662,2.6535515908477287,0.06445681128678256,0.08033462,0.016619990888049548,0.03078989,0.0,0.0,1.5264781167769557e-08,1.914888470011533e-09,train,train
898,-0.0069005654139601665,-0.0034502827069800832,2.7863692811882146,0.018557635332830887,0.02167282,0.0050650517896990285,0.00686138,0.0,0.0,2.5423142201428218e-08,3.562161898784666e-09,train,train
899,-0.037574289086618404,-0.018787144543309202,2.7397659402744625,0.13269650807347683,0.1504275,0.02974995767733628,0.04029528,0.0,0.0,9.741894119450915e-09,3.2287108542305987e-09,train,train
900,-0.026811954878357736,-0.013405977439178868,2.7095287028563853,0.09367710664995264,0.10668871,0.04305802974486989,0.06200236,0.0,0.0,9.24467084437831e-09,2.0754955531998576e-09,train,train
901,-0.028049171900129195,-0.014024585950064597,2.6495493721995804,0.09692351872506315,0.1157399,0.0345459235769748,0.04934667,0.0,0.0,5.371254808229685e-09,2.2434489821421266e-09,train,train
902,-0.0264931475913945,-0.01324657379569725,2.819898703027564,0.09013746932862826,0.10691735,0.024866758706998116,0.03918907,0.0,0.0,1.3675008663929808e-08,1.022749662737965e-09,train,valid
903,-0.011394732797281927,-0.005697366398640964,2.8026196094646108,0.03428235861346231,0.04957326,0.014102737544986907,0.02779548,0.0,0.0,1.2251697874609801e-08,1.5203373004979426e-09,train,train
904,-0.005603038598160487,-0.0028015192990802434,2.995845671782755,0.014487625325857697,0.01806867,0.0032928509707040596,0.00462729,0.0,0.0,1.977401304034644e-08,1.6337138308841759e-09,train,train
905,-0.007280955062446687,-0.0036404775312233436,2.9521779713688017,0.020154307018410894,0.02292359,0.00861375382599828,0.01425913,0.0,0.0,1.162066177943457e-08,3.727549491294724e-09,train,train
906,-0.007282973046029088,-0.003641486523014544,3.249674785618736,0.01993032682473705,0.02257816,0.006564697863278502,0.01052124,0.0,0.0,1.7238192662775333e-08,4.6018433508265844e-10,train,valid
907,-0.02180066802790522,-0.01090033401395261,2.617827125952407,0.07231187085889955,0.07923202,0.02144843580862017,0.03965475,0.0,0.0,1.218115448916772e-08,1.2272579619221347e-09,train,test_ood_short_range
908,-0.005296432814031284,-0.002648216407015642,3.0389132362883897,0.013858907281746038,0.01659657,0.005220397205176697,0.01003523,0.0,0.0,1.3297831842963649e-08,2.750717653654533e-09,train,valid
909,-0.013009077409034394,-0.006504538704517197,2.7632949880453253,0.03962758263831604,0.05070514,0.015392042807499054,0.02964591,0.0,0.0,8.261253196951474e-09,1.6144841019638534e-09,train,train
910,-0.03419269894638005,-0.017096349473190026,2.4926420876811086,0.12227923751075227,0.15562137,0.0505362046486086,0.09488814,0.0,0.0,7.353806602348026e-09,2.512026142653667e-09,test,test_ood_short_range
911,-0.012945387975512979,-0.006472693987756489,2.6844024927219228,0.039730223893706756,0.05281793,0.01584674277158243,0.02664152,0.0,0.0,1.6260929303109946e-08,2.329594628314169e-09,train,train
912,-0.008176552388890356,-0.004088276194445178,3.051627415172865,0.02288116714809365,0.02711525,0.00804252835391852,0.01565332,0.0,0.0,1.4448945744875782e-08,4.863407565558475e-09,test,valid
913,-0.017374472012457804,-0.008687236006228902,2.5651517427833164,0.05494055214255071,0.06641999,0.01729998097040572,0.03257595,0.0,0.0,1.890901023168406e-08,5.10507103257396e-09,valid,test_ood_short_range
914,-0.021192616250697016,-0.010596308125348508,2.4006562054122615,0.06931370294107267,0.08239511,0.027150887337545712,0.04072344,0.0,0.0,1.9962201567686446e-08,2.944146260119851e-09,test,test_ood_short_range
915,-0.009281649184844493,-0.004640824592422247,3.033459480635786,0.02649953715056485,0.03109742,0.009011018244922897,0.01861868,0.0,0.0,1.3734969148664204e-08,5.033382599606284e-10,valid,train
916,-0.013315966222344862,-0.006657983111172431,2.6909910844958747,0.04031856533251359,0.05069488,0.009687873151134188,0.01743053,0.0,0.0,5.734667117516821e-09,2.5882513909891713e-09,train,train
917,-0.008941311070712185,-0.004470655535356092,3.252065356547351,0.025525249442901302,0.02969311,0.010689963994301697,0.01338671,0.0,0.0,7.57151105414373e-09,4.4576431434961705e-09,train,valid
918,-0.012657730908399238,-0.006328865454199619,2.805311929864625,0.03808751587528999,0.04349707,0.012643966214619922,0.02526776,0.0,0.0,2.232413861127903e-08,4.2214343132229715e-09,train,train
919,-0.004304424717187527,-0.0021522123585937633,3.0874980590426984,0.010809582266103842,0.01220233,0.002963082152708561,0.00398347,0.0,0.0,1.529177676862878e-08,2.8982041211378373e-09,train,valid
920,-0.005525206492047838,-0.002762603246023919,3.1871066688349177,0.014534521941071884,0.01718789,0.0051984031634483676,0.00868103,0.0,0.0,1.3036773994234929e-08,4.3434529306551894e-09,valid,train
921,-0.002333486905136595,-0.0011667434525682975,3.315618069700827,0.00525681306579059,0.00560232,0.001463855539890008,0.00234337,0.0,0.0,1.6323033960367118e-08,1.739477228923647e-09,train,train
922,-0.03319243091665196,-0.01659621545832598,2.2915573877083486,0.11590806023564969,0.1585706,0.02953876807295118,0.05424047,0.0,0.0,8.083154025440853e-09,1.1655949538891264e-09,train,test_ood_short_range
923,-0.0038986944345324485,-0.0019493472172662243,2.9661999697566563,0.009530648091438132,0.01033098,0.0018428692151868328,0.00322463,0.0,0.0,7.248520627999312e-09,9.014691215725179e-10,valid,train
924,-0.00620989906518937,-0.003104949532594685,3.3024778355883146,0.016482365018630266,0.01863234,0.005867616727861776,0.01121861,0.0,0.0,2.4946212527879822e-08,5.267136282682827e-09,train,train
925,-0.04669522724346762,-0.02334761362173381,2.4541158873700177,0.17150772754731308,0.18703601,0.045656428052220636,0.07705485,0.0,0.0,1.6361072798822545e-08,3.502595768978267e-09,test,test_ood_short_range
926,-0.004987960553756368,-0.002493980276878184,2.8720966934894,0.012692344873879689,0.01631228,0.0027052158207956966,0.00387022,0.0,0.0,7.98192318362546e-09,2.37817998627321e-09,train,train
927,-0.028047283118567547,-0.014023641559283774,2.7684107306868815,0.0957057836183758,0.12124724,0.03349418063217624,0.04706344,0.0,0.0,9.415756526864672e-09,4.453299062845417e-09,valid,train
928,-0.01589745366220439,-0.007948726831102195,2.9207218005818727,0.04968095128310414,0.05669575,0.014776302181031289,0.02254324,0.0,0.0,1.4350508501167519e-08,3.954024885288732e-09,test,valid
929,-0.013456503932476615,-0.0067282519662383074,2.5762508529196815,0.040236201224123615,0.04689412,0.010609761364819507,0.01587001,0.0,0.0,1.0517975475488497e-08,5.365184074790363e-09,train,test_ood_short_range
930,-0.014747525524493718,-0.007373762762246859,2.550532681491722,0.04506856055363687,0.05361649,0.00576632514268114,0.00950743,0.0,0.0,8.520934950173909e-09,3.2384412929076234e-09,test,test_ood_short_range
931,-0.01694772770646605,-0.008473863853233026,2.6898403746894424,0.053496819632824905,0.06961419,0.018670070536273647,0.0348662,0.0,0.0,3.95817877993813e-09,5.37388622490198e-09,train,train
932,-0.00644510209880096,-0.00322255104940048,3.117349800204341,0.017308993931435375,0.02004117,0.0040990037887516035,0.006674,0.0,0.0,1.4767027929032377e-08,2.350084682412046e-09,train,valid
933,-0.006736039573971179,-0.0033680197869855894,3.02736221368014,0.018172930006779314,0.02081557,0.006299606988537725,0.01164777,0.0,0.0,1.563725864194249e-08,3.359050260165475e-09,valid,train
934,-0.010353153509705415,-0.005176576754852708,2.7492475172417805,0.030095981226990535,0.03394821,0.0058543569011634405,0.01060804,0.0,0.0,1.835901624474179e-08,2.1686890061545228e-09,train,train
935,-0.020017353891456036,-0.010008676945728018,2.7612847058030563,0.0646556104320909,0.08099137,0.022414245651777277,0.04478249,0.0,0.0,9.191800326839825e-09,4.144080412160633e-09,train,train
936,-0.015489182510043735,-0.007744591255021868,2.7791925355346088,0.04832282839899654,0.05611734,0.017706265925028723,0.02933154,0.0,0.0,1.185898641202909e-08,4.77100625673188e-09,test,train
937,-0.008486946713866747,-0.004243473356933374,3.033022026784422,0.024354481253247146,0.03485513,0.011458397688186309,0.02110736,0.0,0.0,1.8195145729054153e-08,2.418589328812004e-09,train,train
938,-0.0072911997541576885,-0.0036455998770788442,3.3099062781244455,0.020199166899119048,0.02523517,0.00927717621038859,0.01400799,0.0,0.0,1.545657421969058e-08,6.726353918296013e-10,train,train
939,-0.012163642379944871,-0.006081821189972436,2.8150718006037625,0.03663513392145715,0.05066307,0.011287277979704259,0.02056933,0.0,0.0,1.2189007284188735e-08,1.5401334652054288e-09,train,train
940,-0.0346152297253177,-0.01730761486265885,2.462882044490869,0.12204834497260188,0.14536794,0.025724770074763547,0.03967215,0.0,0.0,1.1277272879557007e-08,3.930608505342548e-09,train,test_ood_short_range
941,-0.007986475358613649,-0.0039932376793068245,2.842738823109,0.022241599586948928,0.0249428,0.0072106985856757785,0.01026286,0.0,0.0,1.224865493943927e-08,4.015529020406916e-09,train,train
942,-0.006869605575533851,-0.0034348027877669253,3.0272944207995183,0.01855898415058863,0.02098871,0.005823642398828531,0.00903646,0.0,0.0,4.517600501967022e-09,3.252655700336504e-09,test,train
943,-0.011127351175625542,-0.005563675587812771,2.7486141617222173,0.03295189399092208,0.03670836,0.010298402455161027,0.01753273,0.0,0.0,4.618733265450743e-09,2.716372238253939e-09,valid,train
944,-0.0023786404489481825,-0.0011893202244740912,3.216244841884399,0.00530420248173402,0.00599886,0.0009018061549006341,0.00172869,0.0,0.0,1.2116502131221067e-08,1.017871564812367e-09,train,train
945,-0.00962046833667854,-0.00481023416833927,2.677548115398544,0.027505368853572326,0.03022222,0.004667584020804196,0.00918641,0.0,0.0,1.3848402298011393e-08,2.802673648716336e-09,train,train
946,-0.008837787944475128,-0.004418893972237564,2.7684992069214784,0.025025086929232963,0.03237039,0.008740913505339893,0.01573447,0.0,0.0,2.4700543353553578e-08,3.961224681603426e-09,train,train
947,-0.007620818736400923,-0.0038104093682004613,2.7474572631188425,0.02096110011457573,0.0243601,0.006265734193280944,0.0125549,0.0,0.0,1.432843046297699e-08,4.866919089963062e-09,test,train
948,-0.004065376117010588,-0.002032688058505294,3.1189265759050557,0.010137617254407797,0.01136143,0.002335743641373485,0.00367344,0.0,0.0,8.532707310631515e-09,4.9420625369833715e-09,train,train
949,-0.015607454779818225,-0.007803727389909113,2.5159410527371273,0.048263448905716426,0.06176236,0.01869647505358831,0.03191174,0.0,0.0,9.559459348435991e-09,4.8338743008358165e-09,train,test_ood_short_range
950,-0.03160776796427152,-0.01580388398213576,2.5638011418418944,0.10991749115014439,0.12806186,0.04120268683121486,0.08764877,0.0,0.0,1.3049032195224442e-08,2.8069390145546436e-09,train,test_ood_short_range
951,-0.016401964937803007,-0.008200982468901503,2.8206952110203254,0.051266008223101074,0.06001346,0.010456310863288097,0.01549125,0.0,0.0,1.971988637605695e-08,1.3764499540158681e-09,train,train
952,-0.014293832586287247,-0.007146916293143624,2.858188136099623,0.043059443025112,0.04838821,0.012597515370579364,0.01819975,0.0,0.0,9.142937140750675e-09,4.8995615342661836e-09,test,valid
953,-0.00207404685874841,-0.001037023429374205,3.3368757945816507,0.004544168352625153,0.00510765,0.0011393520784858384,0.00204566,0.0,0.0,2.086272091446454e-08,1.7460286549919601e-09,train,train
954,-0.012448671254153386,-0.006224335627076693,2.888216431391206,0.038111152324326714,0.04505913,0.016232241473961115,0.02773753,0.0,0.0,4.183531700460901e-09,9.641538678550887e-10,train,train
955,-0.019381845523461682,-0.009690922761730841,2.9296529384876524,0.06211884804870151,0.06832807,0.02277626531211091,0.03748368,0.0,0.0,1.3578606488754469e-08,2.5050150842531593e-09,train,train
956,-0.007490021267596443,-0.0037450106337982214,3.095469022922697,0.020788726479722932,0.02231394,0.0038279903757280614,0.00549005,0.0,0.0,5.672731646440496e-09,4.897034111550624e-09,train,train
957,-0.0027579607740369715,-0.0013789803870184858,3.1651525330662444,0.006361535149267562,0.00694916,0.0017342176153720347,0.00349563,0.0,0.0,1.8091489976726407e-08,1.7632054705174482e-09,valid,train
958,-0.013631069703894926,-0.006815534851947463,2.768217019942951,0.04168765335334392,0.05104348,0.01990388818586794,0.03102617,0.0,0.0,4.9134870282142204e-09,4.82244588706493e-09,train,train
959,-0.0046515224392465835,-0.0023257612196232917,3.069141753949531,0.011804610949192693,0.01350861,0.004092721805266026,0.00615905,0.0,0.0,1.3201852808890804e-08,2.1800006244632186e-09,train,train
960,-0.014642328399141867,-0.007321164199570933,2.7942916749130595,0.04504652786227554,0.04977181,0.012712714994196428,0.0204828,0.0,0.0,1.4056175572559893e-08,8.782030658238682e-10,train,valid
961,-0.019913271324651927,-0.009956635662325963,2.9406910570469886,0.06546147601382486,0.08641424,0.02824894369068308,0.04424905,0.0,0.0,1.8167262089150245e-08,2.141525179411019e-09,train,train
962,-0.011323681173805368,-0.005661840586902684,2.7424623853170647,0.03316483743482948,0.04387436,0.0066825640696604365,0.01179624,0.0,0.0,1.905216700319914e-08,3.896488243171348e-09,train,valid
963,-0.008243618678531133,-0.004121809339265567,2.783012268013211,0.023100999900538936,0.02770036,0.008276704554635056,0.01630177,0.0,0.0,1.6184263424365752e-08,1.0784932946705794e-09,test,train
964,-0.014875872233347,-0.0074379361166735,2.95458478182709,0.04676203153296985,0.06665732,0.023201167233962965,0.03265038,0.0,0.0,1.546069982334809e-08,4.47402426217991e-09,test,train
965,-0.01271554512360697,-0.006357772561803485,2.704265889277046,0.03782215276577383,0.04206699,0.00678402365792111,0.01451245,0.0,0.0,1.4455210201173073e-08,2.6303258460202983e-09,test,valid
966,-0.005336262316213113,-0.0026681311581065563,2.8715385701210923,0.013696974663226426,0.01660478,0.0030928422061242203,0.00540555,0.0,0.0,1.819934122169836e-08,4.17356171844574e-09,train,train
967,-0.0024849580339804467,-0.0012424790169902234,3.2329890562866432,0.005665571885641083,0.00596771,0.001281654991927755,0.00183501,0.0,0.0,2.221061363696172e-08,3.2429917640186545e-09,valid,train
968,-0.034507589762136186,-0.017253794881068093,2.5684729318570225,0.12333565544158186,0.15908419,0.04437815843432761,0.07743253,0.0,0.0,1.3524439979724629e-08,4.317442403589666e-09,train,test_ood_short_range
969,-0.015512861034406328,-0.007756430517203164,2.851281343626426,0.048502403810509916,0.05528222,0.013509035692206779,0.01955265,0.0,0.0,6.6465804775367964e-09,5.668337355047015e-09,valid,train
970,-0.0034379112984139013,-0.0017189556492069507,3.2119984209545205,0.008268492786122914,0.00940386,0.0016972782402030217,0.00349776,0.0,0.0,9.793912753847102e-09,1.7648176253715064e-09,train,train
971,-0.0048871744905526005,-0.0024435872452763002,2.921278544634232,0.01237169087236125,0.01364117,0.003400430728851371,0.00565659,0.0,0.0,7.258379574195396e-09,2.947104782435872e-09,train,train
972,-0.015567413276619183,-0.007783706638309591,2.5708386669839522,0.04854540172439301,0.06441976,0.014885472223989626,0.02644438,0.0,0.0,1.0156056782503092e-08,5.155563531644702e-09,train,test_ood_short_range
973,-0.014386278586707317,-0.0071931392933536585,2.91395029475536,0.04427997308392964,0.05918029,0.014452439982926758,0.02317265,0.0,0.0,1.3196348118357253e-08,2.2074189143239664e-09,train,train
974,-0.004179917529464905,-0.0020899587647324525,2.999639562914865,0.010336720109080379,0.0123566,0.002500131677428878,0.00414385,0.0,0.0,7.846857735733842e-09,1.438699270828181e-09,train,train
975,-0.012906237969651575,-0.006453118984825788,2.842073032756069,0.038612828431060314,0.05168027,0.012249172965005297,0.02515291,0.0,0.0,1.3763241570279819e-08,3.627046218923624e-09,valid,train
976,-0.007032611858457848,-0.003516305929228924,2.8318071046860096,0.01890560221764085,0.02339235,0.005063687015479267,0.00665371,0.0,0.0,1.893551795746345e-08,2.5887363364063276e-09,valid,train
977,-0.009536618290650443,-0.0047683091453252216,3.201756640382448,0.02725392150918469,0.02999472,0.009466192896653331,0.01311898,0.0,0.0,2.9384812630404812e-09,3.368203049802787e-09,train,train
978,-0.042639595194085764,-0.021319797597042882,2.500258906692071,0.15487916280531755,0.17439811,0.044776674940183045,0.06381466,0.0,0.0,1.0668158156533688e-08,2.4184543256922097e-09,train,test_ood_short_range
979,-0.005876051926138486,-0.002938025963069243,2.9434593998036327,0.015535190712773156,0.02022597,0.005739290665840162,0.00882945,0.0,0.0,1.557396019649407e-08,2.4610157245419373e-09,train,valid
980,-0.0239652453357258,-0.0119826226678629,2.763129943490832,0.08015081649769763,0.10642934,0.02243610641958515,0.03514094,0.0,0.0,1.4282252049203452e-08,3.6643559297999673e-09,train,train
981,-0.03236565643421646,-0.01618282821710823,2.7410586815872606,0.11339029899867757,0.14726171,0.044965289353602333,0.06576739,0.0,0.0,1.0214835693039095e-08,2.9673318246992153e-09,train,unused
982,-0.02270839118087236,-0.01135419559043618,2.4833101987440735,0.075121837922867,0.09601528,0.025026790102426904,0.04887406,0.0,0.0,7.48535696979711e-09,5.557307725112537e-09,train,test_ood_short_range
983,-0.012368155594936672,-0.006184077797468336,2.7943589720434554,0.03692912423222445,0.04549482,0.011253558151081965,0.01494118,0.0,0.0,4.446298817173903e-09,4.007308040954172e-09,train,train
984,-0.005752602928124263,-0.0028763014640621315,2.8380329254731165,0.015025440664510753,0.01761899,0.003058399976262098,0.00663973,0.0,0.0,3.844903065517139e-09,3.364772904745905e-09,valid,train
985,-0.01802205908318867,-0.009011029541594336,2.6990924102140514,0.056120915870565585,0.07512012,0.013913668927821784,0.02486174,0.0,0.0,9.323690139702567e-09,4.399773101404492e-09,train,train
986,-0.010893031850273347,-0.005446515925136674,2.786356807005681,0.031866640618013586,0.03764949,0.006915167504566803,0.01244547,0.0,0.0,8.264841610547596e-09,2.7798252588695505e-09,train,train
987,-0.007750878455507434,-0.003875439227753717,3.0540803902697564,0.02180458833455243,0.02592473,0.00937194936525214,0.01381726,0.0,0.0,1.4544216128830458e-08,4.788844876202347e-09,train,train
988,-0.00553470181853409,-0.002767350909267045,3.0807919461177686,0.014461100329058644,0.01556452,0.004604356518534015,0.0074631,0.0,0.0,1.9313341150137505e-08,5.2111448489711165e-09,train,train
989,-0.012018827696013675,-0.006009413848006837,2.938653805999111,0.03589736393783161,0.04324344,0.010412392634288399,0.01915819,0.0,0.0,1.6957976934036205e-08,5.202385744418336e-09,train,train
990,-0.020279277572153146,-0.010139638786076573,2.592834400720647,0.06558973939040313,0.08647829,0.023660399013794832,0.03704719,0.0,0.0,1.0745671623894886e-08,4.6080772531098546e-10,train,test_ood_short_range
991,-0.09743156697497014,-0.04871578348748507,2.517362982669222,0.3946745966781033,0.46093906,0.11703835133701987,0.22585805,0.0,0.0,1.4581850046877816e-08,5.069988873174225e-09,train,test_ood_short_range
992,-0.009068990225859906,-0.004534495112929953,2.889087919990445,0.02563522001037895,0.02813184,0.009194508068308132,0.015392,0.0,0.0,1.6385429333497976e-08,1.9216674917998944e-09,valid,train
993,-0.012175281603129594,-0.006087640801564797,2.939669534240706,0.03673428639859044,0.04645764,0.012782753195437462,0.02299126,0.0,0.0,1.0694217126632659e-08,3.622763644628435e-09,train,train
994,-0.02117309576622951,-0.010586547883114755,2.7281303753839916,0.07044268052550078,0.09564528,0.025139031161465167,0.0416931,0.0,0.0,2.2741673023812612e-08,2.9282415381359783e-09,train,train
995,-0.0072450831903648665,-0.0036225415951824332,2.8781680538648056,0.019666653720708735,0.02195074,0.004611797068099738,0.00766982,0.0,0.0,4.266733744110495e-09,3.5741876125428007e-09,train,train
996,-0.003929613293168158,-0.001964806646584079,3.1245921189518597,0.009722558435962213,0.01103706,0.0014478974195593645,0.00215693,0.0,0.0,6.164900658902814e-09,3.859589425836418e-09,test,train
997,-0.007397465060279017,-0.0036987325301395084,2.8456358778876503,0.02030762766900818,0.02472116,0.007475461290701955,0.01185201,0.0,0.0,8.099119609346977e-09,1.0947590611820601e-09,test,train
998,-0.009409144042410849,-0.004704572021205424,2.693199483544716,0.02667503858855878,0.03369374,0.008801079453239434,0.01146839,0.0,0.0,8.14940446779296e-09,4.8366112226361224e-09,valid,train
999,-0.01326886924830868,-0.00663443462415434,2.731978436946414,0.040825808650007164,0.05920065,0.01583769489765214,0.02506532,0.0,0.0,1.1162282491673238e-08,5.050405205153652e-09,train,train
1000,-0.009676989381651785,-0.004838494690825893,2.772774793669632,0.027895436004602377,0.03100634,0.005095474173829818,0.00930261,0.0,0.0,7.934945428973082e-09,3.55603368973334e-09,test,train
1001,-0.003501172776948283,-0.0017505863884741415,3.0451412729458696,0.008419402608093205,0.00959451,0.002572260503399685,0.00384016,0.0,0.0,1.1510180159974244e-08,2.211194893853019e-09,test,train
1002,-0.019661512155136566,-0.009830756077568283,2.71958614589252,0.06389432611084493,0.07341828,0.021095939299540564,0.04372426,0.0,0.0,9.065608237226048e-09,3.2724508658432683e-09,valid,train
1003,-0.004140437983261571,-0.0020702189916307857,2.92668624379822,0.010151355135473293,0.01201907,0.002263424407374808,0.0033956,0.0,0.0,1.3043768294822015e-08,2.866127446488065e-09,train,train
1004,-0.005867209035620629,-0.0029336045178103144,3.0103534232686395,0.01561998442113393,0.01825459,0.0063121062210617675,0.01224012,0.0,0.0,1.1069424491466506e-08,4.2748833362082905e-09,train,train
1005,-0.012918939814407686,-0.006459469907203843,2.7165380230471605,0.03927385121617266,0.05223407,0.015016567924584721,0.02738379,0.0,0.0,1.1890283416175069e-08,4.660510422027642e-09,train,train
1006,-0.006585036958489547,-0.0032925184792447736,2.9428794073120637,0.017805550245203507,0.02086748,0.006878475548598444,0.01006081,0.0,0.0,1.8420572260532054e-08,3.056509489951509e-09,train,train
1007,-0.01195425508941005,-0.005977127544705025,2.6042957492687075,0.0352559093407266,0.04710462,0.009510674536529116,0.01606817,0.0,0.0,7.116705432112204e-09,2.645753172103582e-09,train,test_ood_short_range
1008,-0.005872543075928328,-0.002936271537964164,3.0927973226046985,0.015616497719757783,0.02003774,0.0067873744674382995,0.01263772,0.0,0.0,1.9405373904685832e-08,1.2976453245272523e-09,train,train
1009,-0.008746251798577718,-0.004373125899288859,2.8100006385516605,0.024707131590612996,0.02770456,0.007639435990091153,0.01232408,0.0,0.0,4.545034992684208e-09,1.5727699143042173e-09,valid,train
1010,-0.022172448020934325,-0.011086224010467162,2.65647620267368,0.0730057219941903,0.09039265,0.02000892400909196,0.03321024,0.0,0.0,5.599354094342996e-09,3.941675319474314e-09,test,train
1011,-0.010427284725189473,-0.0052136423625947365,2.9248125990530873,0.029852919153227433,0.03801729,0.007352738335832213,0.01405772,0.0,0.0,9.301287150011471e-09,4.225849226102696e-09,train,train
1012,-0.011613889898142306,-0.005806944949071153,2.564179490849332,0.03389105345458641,0.04132338,0.008801179168086891,0.01432606,0.0,0.0,1.8626813394886557e-08,3.480977950331976e-09,train,test_ood_short_range
1013,-0.007995092682392766,-0.003997546341196383,3.0363414103488147,0.02247215125061684,0.02761213,0.00788902455257725,0.01556355,0.0,0.0,1.5033224976000677e-08,3.0322677702088185e-09,train,train
1014,-0.0251273724627959,-0.01256368623139795,2.5610697583136557,0.08274914153091742,0.09225692,0.020535999347712542,0.03403122,0.0,0.0,1.2408284545946683e-08,1.654436032616502e-09,train,test_ood_short_range
1015,-0.0029996033700176936,-0.0014998016850088468,3.0823939213360356,0.006956749918970783,0.00840572,0.0015420518636760135,0.00274412,0.0,0.0,7.296261665581767e-09,5.064902941498417e-09,train,valid
1016,-0.00876595975171441,-0.004382979875857205,2.995763360837669,0.024975520070929454,0.03250979,0.008025789175550484,0.0134947,0.0,0.0,1.496415715673074e-08,4.5474957133251337e-10,train,train
1017,-0.00915805148161698,-0.00457902574080849,2.8817938862960526,0.026257287462270355,0.03243729,0.010917547546330326,0.01505427,0.0,0.0,1.706121724993235e-08,1.0253791149494873e-09,test,train
1018,-0.0246495017435801,-0.01232475087179005,2.547275328777599,0.08260043213654474,0.09982222,0.019286137315122662,0.03070274,0.0,0.0,1.0311285639485346e-08,2.032656376549369e-09,train,test_ood_short_range
1019,-0.04132061751292666,-0.02066030875646333,2.6455833939621733,0.1475652350306397,0.16773153,0.031046064020010117,0.0471141,0.0,0.0,1.719539952837697e-08,4.542622056291634e-09,train,train
1020,-0.030672701971743817,-0.015336350985871909,2.77925307029025,0.10881923679928501,0.15124781,0.04995150636222312,0.0726343,0.0,0.0,8.691076757780969e-09,5.315966111751891e-09,valid,train
1021,-0.002611633099798391,-0.0013058165498991954,3.2351807868006053,0.00601651861151724,0.00650649,0.0014320950653966145,0.00227377,0.0,0.0,1.5819070787790156e-08,3.302006446048722e-09,train,train
1022,-0.02238630202851022,-0.01119315101425511,2.971202325517905,0.07328419881764622,0.08818762,0.022663095003027132,0.03622573,0.0,0.0,1.990006100647213e-08,2.7846285277632887e-09,test,valid
1023,-0.007000360029962774,-0.003500180014981387,2.841280425797745,0.018997140856947398,0.02303504,0.004927206580600885,0.00783024,0.0,0.0,1.708760797005953e-08,2.7961467585768673e-09,test,train
1024,-0.0024312110957822684,-0.0012156055478911342,3.1461503389827605,0.0054240712508655965,0.00565672,0.0005916872214269968,0.00106095,0.0,0.0,1.544096525666295e-08,1.6791019685769015e-09,train,unused
1025,-0.022195331697463884,-0.011097665848731942,2.8799610007088328,0.071534200594144,0.07688482,0.008005223504353268,0.01733123,0.0,0.0,8.63766353397538e-09,3.1622163776390266e-09,test,train
1026,-0.008413544017931294,-0.004206772008965647,2.9588651024437977,0.023470199634564256,0.02490373,0.00673578761841677,0.01034368,0.0,0.0,1.7882188902855424e-08,6.393187312880855e-09,train,train
1027,-0.013918243607717146,-0.006959121803858573,2.68595761816867,0.042657319401216094,0.05424379,0.009751557723710095,0.01332353,0.0,0.0,1.655444476410292e-08,5.02862007589755e-09,train,train
1028,-0.008209064789233582,-0.004104532394616791,3.135786806174119,0.023023913509651946,0.02741505,0.006669578672983525,0.01030181,0.0,0.0,1.1515273733552603e-08,3.0126550143450004e-09,test,train
1029,-0.029455696507933678,-0.014727848253966839,2.5067352995442542,0.10308959058372236,0.13539974,0.03115571603992088,0.05193381,0.0,0.0,8.64739390466262e-09,5.19984988400779e-09,train,test_ood_short_range
1030,-0.013282490293829174,-0.006641245146914587,2.690373811699693,0.04034480707818748,0.04525417,0.010844126498552108,0.01286571,0.0,0.0,7.366675469865115e-09,1.832796137080095e-09,train,train
1031,-0.025552654106329568,-0.012776327053164784,2.629176793188003,0.08659376139130136,0.11239172,0.022221099774449735,0.02975566,0.0,0.0,1.948228308287855e-08,3.920584967787022e-09,valid,train
1032,-0.008070601578178878,-0.004035300789089439,3.01178857937611,0.022625110810277446,0.02506572,0.009605269110827487,0.01523481,0.0,0.0,1.748742160529493e-08,3.111701230018582e-09,train,valid
1033,-0.020948093801625794,-0.010474046900812897,2.8197408237538317,0.0700677238863563,0.0929035,0.035723499825458034,0.06021458,0.0,0.0,1.1131266068378082e-08,2.7743309871652855e-09,valid,train
1034,-0.00385259053528436,-0.00192629526764218,3.217591787777598,0.009533080442064185,0.01106594,0.0036369093458388535,0.0066047,0.0,0.0,1.6676181813840222e-08,2.510830654500751e-09,train,train
1035,-0.009087902642551287,-0.004543951321275643,2.7765920583716173,0.025584755436635832,0.03042054,0.006264307619105509,0.01034476,0.0,0.0,1.764502935590393e-08,3.302277229444428e-09,train,train
1036,-0.004958275053859371,-0.0024791375269296854,2.916800941912467,0.012673308736083879,0.01434667,0.0025803339537677416,0.00361937,0.0,0.0,2.080536634205943e-08,6.962436183144405e-10,train,train
1037,-0.006807873780115471,-0.0034039368900577356,2.9269286071426452,0.01851297220440215,0.02269682,0.006845864520797697,0.01301277,0.0,0.0,1.7695002777907007e-08,1.9867096856529542e-09,train,train
1038,-0.04034187876875219,-0.020170939384376096,2.367350979257899,0.14602003037852376,0.18236318,0.04681345918490838,0.07869264,0.0,0.0,1.2690880016302197e-09,2.6937336805588075e-09,train,test_ood_short_range
1039,-0.012418376207755724,-0.006209188103877862,2.77013304635531,0.037079864869060675,0.04375231,0.008921071648623088,0.01507259,0.0,0.0,7.49731043618382e-09,3.0923860139253634e-09,train,train
1040,-0.0063825013877051445,-0.0031912506938525723,2.786606371651701,0.016805202482337623,0.01915763,0.003234581856013231,0.00576722,0.0,0.0,1.3887711123340346e-08,2.500272988648078e-09,train,valid
1041,-0.03241302177678767,-0.016206510888393835,2.823214085378685,0.11198896288062528,0.13053803,0.0367454153509473,0.05284728,0.0,0.0,9.913614212438887e-09,4.778711204522779e-09,valid,train
1042,-0.0034628357215158107,-0.0017314178607579053,2.96495444066516,0.008195085709468409,0.00993857,0.0008639602338360256,0.00121265,0.0,0.0,5.453711086836339e-09,8.8943785669926e-10,train,train
1043,-0.01069411100302247,-0.005347055501511235,2.6230650965513678,0.0311292033111996,0.03549206,0.011194399150875256,0.01987871,0.0,0.0,4.73340706873798e-09,4.693856858750678e-09,test,test_ood_short_range
1044,-0.005547340364251974,-0.002773670182125987,3.0299091451462883,0.014616741671787413,0.01752292,0.005359669257398258,0.00805945,0.0,0.0,6.709518433876979e-09,5.421513238346165e-09,train,train
1045,-0.021006747881385693,-0.010503373940692846,2.807299635990681,0.07020388691585246,0.09054871,0.02754447153256288,0.03818698,0.0,0.0,1.3553242678717914e-08,1.5032542988180353e-09,test,train
1046,-0.020330160482898797,-0.010165080241449399,2.679670761958978,0.06600498041463386,0.0765487,0.022996277087414967,0.03077549,0.0,0.0,1.0318404539710614e-08,3.866434505894745e-09,valid,train
1047,-0.011963510190605679,-0.0059817550953028395,2.9633368811020087,0.036102284419176296,0.04653556,0.011581467974695609,0.01905154,0.0,0.0,1.0447592026171448e-08,6.544532693553151e-10,train,valid
1048,-0.00962238964171054,-0.00481119482085527,2.8860423647022304,0.027951845395913784,0.03718592,0.010860786688372686,0.01903929,0.0,0.0,1.4636174724860983e-08,1.5303274203404271e-09,train,train
1049,-0.006934466344377413,-0.0034672331721887066,2.890662339158566,0.01877808732192126,0.02050293,0.003244914870909559,0.00653854,0.0,0.0,7.49428898059294e-09,1.0706050490583152e-09,test,train
1050,-0.014035114381524138,-0.007017557190762069,2.7264875457144027,0.04287240509500138,0.04973849,0.013108577648630812,0.02177568,0.0,0.0,1.6148395021605342e-08,1.7884294045700244e-09,test,train
1051,-0.00823532228682266,-0.00411766114341133,2.947131896227515,0.022758192708339856,0.02587389,0.006087653002166215,0.01055842,0.0,0.0,6.891215258690018e-09,5.539311231927968e-09,test,train
1052,-0.011098275238362664,-0.005549137619181332,3.1511433595659564,0.03287357867700341,0.03818907,0.013497381197915765,0.01961152,0.0,0.0,1.7895368734353766e-08,1.997241372286851e-09,test,train
1053,-0.04986591929825738,-0.02493295964912869,2.5119970897571564,0.1858137264158843,0.24543311,0.059467101966973024,0.09511566,0.0,0.0,1.7777449111686094e-08,1.2650862579732802e-09,valid,test_ood_short_range
1054,-0.033734406118634534,-0.016867203059317267,2.6392410106522664,0.1189588992459453,0.17590809,0.04785710486406103,0.08434471,0.0,0.0,1.4191649509377667e-08,1.4779046875190716e-09,train,train
1055,-0.006314303875440603,-0.0031571519377203015,3.1110627243873483,0.016826954147428665,0.0218617,0.005699777523564699,0.00995881,0.0,0.0,1.8432939610586692e-08,2.371676299794956e-09,train,train
1056,-0.009697330129156119,-0.004848665064578059,2.730407426181015,0.027894215866744964,0.03262854,0.008308206065683894,0.01191945,0.0,0.0,6.0143895767719654e-09,4.234865680352584e-09,train,unused
1057,-0.015659211230347886,-0.007829605615173943,2.5831885757207265,0.0484902936016694,0.05695213,0.017592985709456766,0.02859597,0.0,0.0,6.918296483570229e-09,2.3257524794928486e-09,train,test_ood_short_range
1058,-0.004633301498901393,-0.0023166507494506963,2.8738278403420705,0.011562189124615057,0.01346164,0.0019732924544527096,0.00322072,0.0,0.0,1.3020605533631797e-08,5.8862912322155125e-09,train,train
1059,-0.019870837614589278,-0.009935418807294639,2.6971413846628107,0.06461988712690286,0.07282972,0.011915964114317397,0.01753683,0.0,0.0,1.0302211764095095e-08,5.333850250366368e-09,train,train
1060,-0.014680775995420666,-0.007340387997710333,2.66239907737519,0.04495825792186273,0.05417463,0.00802114131695941,0.01624172,0.0,0.0,8.53138500390451e-09,1.2344807398534385e-09,test,train
1061,-0.006110357671358658,-0.003055178835679329,3.148494778672399,0.01664731744854708,0.01989028,0.008222571693951148,0.01238662,0.0,0.0,1.8773761690580125e-08,5.232368094354456e-09,train,train
1062,-0.010449712251178456,-0.005224856125589228,2.790176273586147,0.030511037866818518,0.03474723,0.009973661203750605,0.01734703,0.0,0.0,1.721488761769397e-08,3.6988874185794884e-09,train,train
1063,-0.009801512670815953,-0.004900756335407977,2.746970197857165,0.027917199225158673,0.02948526,0.0043552864961216966,0.00909969,0.0,0.0,2.127458940028122e-08,2.7088247200879323e-09,train,train
1064,-0.014358291293356803,-0.007179145646678401,2.7523624008361574,0.044310259035265566,0.04503349,0.013035504397468988,0.02188035,0.0,0.0,1.250332435908e-08,5.011352888217857e-09,train,train
1065,-0.027616175957359886,-0.013808087978679943,2.5937564797728507,0.09352022818882215,0.10752761,0.02372726673613503,0.03674483,0.0,0.0,2.0077632291498e-08,5.728953644812407e-09,train,test_ood_short_range
1066,-0.032443352770149654,-0.016221676385074827,2.65845333650912,0.11111547540793434,0.14437724,0.02312353158712534,0.04534225,0.0,0.0,9.639476376847617e-09,4.137673093040917e-09,train,train
1067,-0.008881823271436044,-0.004440911635718022,3.0435456201633144,0.025154131805775633,0.02903853,0.006297121430804713,0.00926006,0.0,0.0,1.4024914536220036e-08,3.4469742615783616e-09,test,train
1068,-0.012759467702678842,-0.006379733851339421,2.8907470619613336,0.038095275970191717,0.04851302,0.01144813696858285,0.0226115,0.0,0.0,8.44574301118327e-09,3.1786991927518216e-09,train,train
1069,-0.008634907099590552,-0.004317453549795276,2.9436739050962735,0.02443977840735195,0.03082883,0.008042865328402352,0.01213122,0.0,0.0,1.5435953871159683e-08,2.5109365697773e-09,train,valid
1070,-0.040017040131418206,-0.020008520065709103,2.4499837064082852,0.14450273560036006,0.16421107,0.03736502557490382,0.0584882,0.0,0.0,1.3658987909424704e-08,4.875180703578508e-09,train,test_ood_short_range
1071,-0.04405632526389034,-0.02202816263194517,2.458664959912758,0.16125783191097467,0.21624422,0.03795416086372239,0.06830077,0.0,0.0,5.69360654710055e-09,3.359295841498522e-09,test,test_ood_short_range
1072,-0.01909518605876347,-0.009547593029381735,2.875287235863984,0.060610822752810135,0.07426273,0.01771533202209177,0.02425898,0.0,0.0,6.808910241989186e-09,2.7977598016093452e-09,train,train
1073,-0.008322411637251463,-0.004161205818625732,3.2577379247918596,0.02308579465063671,0.02496256,0.00727311374934537,0.01185796,0.0,0.0,8.880976200257671e-09,3.0623152902364836e-09,train,train
1074,-0.00839661716221304,-0.00419830858110652,2.8589003695871074,0.023433032344018844,0.02840541,0.005946245212880142,0.00961552,0.0,0.0,2.838566776986424e-08,3.1473765815803745e-09,valid,valid
1075,-0.003788732522842124,-0.001894366261421062,3.1195546692186453,0.009168662986448278,0.01030704,0.0009906972659277234,0.0017676,0.0,0.0,6.228026434591791e-09,3.0664842887162536e-09,test,train
1076,-0.01645133489584716,-0.00822566744792358,2.7675650563576086,0.05108840136251248,0.06362393,0.013423459060591152,0.02173416,0.0,0.0,9.338948485468415e-09,5.369973465896294e-09,test,train
1077,-0.013973344000333324,-0.006986672000166662,2.908070876068219,0.04361662628052059,0.05745643,0.017915155495589946,0.02973871,0.0,0.0,1.7135626959493682e-08,3.792138381086829e-09,train,train
1078,-0.012893430801752372,-0.006446715400876186,2.8537518390451515,0.039598600606823645,0.05562099,0.01974676856151659,0.03212852,0.0,0.0,1.5150132341820856e-08,3.502925505216581e-09,train,train
1079,-0.00722088037012205,-0.003610440185061025,2.935762164702894,0.01967381893808622,0.02173393,0.004521797895520468,0.00863406,0.0,0.0,1.1545368686866283e-08,4.692897181968192e-10,train,train
1080,-0.014026191301572335,-0.007013095650786168,2.7118310046429803,0.04395727939806443,0.06452393,0.020271044799474034,0.03074119,0.0,0.0,1.773519874846904e-08,3.891144295664617e-09,valid,train
1081,-0.02426518933759859,-0.012132594668799295,2.782433802244548,0.08140757809517203,0.08507589,0.025656514069759166,0.04612655,0.0,0.0,1.105675320967682e-08,4.7876521636069924e-09,valid,unused
1082,-0.01278961743729678,-0.00639480871864839,2.7085149643943587,0.03851352278948395,0.04050781,0.013941158563865845,0.02426522,0.0,0.0,2.127792716350829e-09,4.949903709139392e-09,train,train
1083,-0.012100930562643724,-0.006050465281321862,2.9384966551475458,0.037269699608327045,0.0485026,0.01999929161156131,0.02783551,0.0,0.0,1.0978491056760207e-08,2.618321115477329e-09,test,train
1084,-0.008974520802382122,-0.004487260401191061,2.7788347473309627,0.025477435249560212,0.02795319,0.007725115131452735,0.01098096,0.0,0.0,2.2064946207267138e-08,5.5555675615437394e-09,train,train
1085,-0.012569228250042062,-0.006284614125021031,2.9227373059578055,0.03846538572343798,0.05005319,0.017471090519267346,0.02465516,0.0,0.0,5.096732783728525e-09,2.7482938147471714e-09,train,unused
1086,-0.021018463178202162,-0.010509231589101081,2.473453630314095,0.0685193027048938,0.08084684,0.014699625580696494,0.02360784,0.0,0.0,8.78587755576278e-09,4.805799314056003e-09,train,test_ood_short_range
1087,-0.009864343438905803,-0.004932171719452902,3.0999745508493146,0.028744030788058705,0.03163128,0.008739738121948126,0.01253095,0.0,0.0,1.2600566603219983e-08,2.5331144959395147e-09,train,train
1088,-0.015626898872281105,-0.007813449436140553,2.5146274732138703,0.04855471935276117,0.06137647,0.018475691788703518,0.02864181,0.0,0.0,3.277758855288605e-09,2.1936752414575267e-09,train,test_ood_short_range
1089,-0.004792221413974664,-0.002396110706987332,3.0839472864422817,0.0122902355113209,0.01293984,0.0023818548430127586,0.00403427,0.0,0.0,1.9607088109236363e-08,6.697678633926785e-09,train,train
1090,-0.012741926917881693,-0.006370963458940847,2.998657324380482,0.038276526902363196,0.04325482,0.012975629617046848,0.02104069,0.0,0.0,1.3516454191823319e-08,4.081236570918634e-09,test,train
1091,-0.008325582661054261,-0.004162791330527131,2.8347457118997927,0.023259274635770568,0.02730869,0.005788618111090936,0.00819933,0.0,0.0,8.07364057713388e-09,2.9999425166238325e-09,train,valid
1092,-0.011927161627003014,-0.005963580813501507,2.9775580739219545,0.035080788680925734,0.04132232,0.010806285386452183,0.01831591,0.0,0.0,1.503491119311001e-08,6.0895590792142684e-09,train,train
1093,-0.009339119113629646,-0.004669559556814823,2.873799495916315,0.026737988015235303,0.03556763,0.010176858043685847,0.01939073,0.0,0.0,4.328504497208627e-09,1.531299309576184e-09,train,valid
1094,-0.010978839178425164,-0.005489419589212582,2.791619103443242,0.03236355197605891,0.04385158,0.011930297315860013,0.02285151,0.0,0.0,7.451265190306198e-09,2.644724106382057e-09,train,train
1095,-0.009522081923441367,-0.004761040961720683,2.8110308394193066,0.027356862898807795,0.03477072,0.010722070378846305,0.01807574,0.0,0.0,1.3464123013830778e-08,2.443651170302985e-09,train,train
1096,-0.007879379835489085,-0.003939689917744542,2.9111950361297456,0.02187290358901092,0.0248584,0.004685560529934848,0.00704943,0.0,0.0,9.236937294422123e-09,5.667826208366478e-10,train,train
1097,-0.005529720543921668,-0.002764860271960834,2.8922131806249176,0.014336980829660988,0.01619129,0.0031990938012610172,0.00463531,0.0,0.0,1.679814665450672e-08,2.8153992470691946e-09,test,train
1098,-0.005962779292959211,-0.0029813896464796056,3.2197972687784366,0.016015698280992932,0.01921355,0.00549632424757977,0.00793203,0.0,0.0,2.185547061723443e-08,2.239905150247523e-09,test,train
1099,-0.008732633316642067,-0.004366316658321033,2.735810992324618,0.02459115905321734,0.02809353,0.007744588140480207,0.01473391,0.0,0.0,8.946378206798729e-09,5.238368072646438e-09,train,train
1100,-0.008393052116869621,-0.004196526058434811,2.8322174627134484,0.023412526132191858,0.03078949,0.005911262527114378,0.00855822,0.0,0.0,6.9430167439749935e-09,4.992737556719362e-09,train,train
1101,-0.00774461379330813,-0.003872306896654065,2.8833074255075233,0.02127788233760822,0.02279063,0.005531362336750023,0.00981905,0.0,0.0,3.450138033153284e-09,3.28903182467144e-09,train,train
1102,-0.0068979501454156066,-0.0034489750727078033,2.879508887087842,0.018724171936905516,0.02410622,0.006788437481089936,0.01187434,0.0,0.0,1.8915955547371925e-08,6.810693342629293e-09,train,train
1103,-0.008214465052437748,-0.004107232526218874,2.9897499018612903,0.02300437824789446,0.02647494,0.006593284686846154,0.01053734,0.0,0.0,1.1626951453942683e-08,3.980212048837473e-09,train,train
1104,-0.018097135623260232,-0.009048567811630116,2.8340076978124262,0.05740141703686794,0.06486117,0.020568366746914223,0.03063878,0.0,0.0,1.6206734244643377e-08,3.0891483815409515e-09,train,train
1105,-0.01066446039291737,-0.005332230196458685,2.992780623579955,0.03123341176022135,0.03296077,0.007725749261331658,0.01362482,0.0,0.0,1.4702950460921629e-08,4.355834359870414e-09,valid,train
1106,-0.009093398620173544,-0.004546699310086772,2.869733172531284,0.025985088735016856,0.02805412,0.0060137217467887555,0.01057957,0.0,0.0,7.671273652297795e-09,3.4648577340590236e-09,train,valid
1107,-0.01001493342029646,-0.00500746671014823,2.8210215747851013,0.028577558441624552,0.03187923,0.005558364460861366,0.0086599,0.0,0.0,1.1687947451670775e-08,4.293095767771149e-09,test,train
1108,-0.008264433117972618,-0.004132216558986309,2.6682775227990487,0.022916106994451887,0.02638183,0.004310839403555878,0.0076599,0.0,0.0,1.6625789072969485e-08,2.387092634670296e-09,train,train
1109,-0.005853158963410551,-0.0029265794817052754,2.756314002127019,0.01525074685477403,0.01629894,0.002317168573374266,0.00401495,0.0,0.0,9.130633799731095e-09,3.3110649777512435e-09,train,train
1110,-0.014737806450307044,-0.007368903225153522,2.7360267503470586,0.045861654831439155,0.05798369,0.01160245378135878,0.01616406,0.0,0.0,1.0503541196523299e-08,2.7699007532078213e-09,train,train
1111,-0.0033235271207248986,-0.0016617635603624493,3.4011266290562787,0.008043323920569157,0.00958756,0.002114095461073916,0.00286185,0.0,0.0,1.6376424249017082e-08,3.1173108538951055e-09,train,valid
1112,-0.02348542959649418,-0.01174271479824709,2.6439893303596573,0.0790669769367431,0.09403898,0.02619333068506625,0.04529844,0.0,0.0,5.3981649264288484e-09,3.6197385089309364e-09,test,valid
1113,-0.005291817029419642,-0.002645908514709821,3.042207925935992,0.013838325668030315,0.01745975,0.004624024398504691,0.0075188,0.0,0.0,1.3684292577003445e-08,4.8596702217906795e-09,train,train
1114,-0.012637021641169944,-0.006318510820584972,3.0480521098157882,0.03806070875246063,0.04492206,0.010114066193919403,0.01758959,0.0,0.0,1.2802995033805838e-08,3.3021521073095528e-09,valid,train
1115,-0.011571464494654618,-0.005785732247327309,3.1104702603968697,0.03455194443092458,0.04555411,0.014761449316158514,0.02598886,0.0,0.0,1.3296154968072041e-08,3.1989482174310524e-09,train,train
1116,-0.01209650075751968,-0.00604825037875984,2.620731956375866,0.03561938930393576,0.04471938,0.008806468391083339,0.01221392,0.0,0.0,2.0093643316434178e-08,1.0619549684065532e-09,train,test_ood_short_range
1117,-0.011858480254060066,-0.005929240127030033,3.0455168138624957,0.03484046798698797,0.04025997,0.010596704140293655,0.01525183,0.0,0.0,7.0007435705641545e-09,3.3078095817984376e-09,test,unused
1118,-0.007051187056484006,-0.003525593528242003,3.1209863521108665,0.01946116487659119,0.02619998,0.006851692592027899,0.01287965,0.0,0.0,1.6192366713334158e-08,4.751032012251244e-09,train,valid
1119,-0.0047885450243225006,-0.0023942725121612503,3.30442999055697,0.012196983780287649,0.0130102,0.003021627168993554,0.00447303,0.0,0.0,6.283357934778587e-09,3.0050333332809487e-09,train,train
1120,-0.007091421968986767,-0.0035457109844933836,3.0635105535520837,0.019301790105844242,0.02298618,0.00677877633678208,0.00989485,0.0,0.0,1.3949542888346066e-08,4.628060379374688e-09,train,train
1121,-0.011576869135660521,-0.0057884345678302605,2.5815989304098492,0.03393082364804702,0.03974926,0.006483880364438413,0.01241281,0.0,0.0,1.053279746721461e-08,8.523141081795416e-10,train,test_ood_short_range
1122,-0.04222146436658933,-0.021110732183294664,2.679389047642997,0.1533362418185543,0.17531873,0.05980734305090304,0.0971165,0.0,0.0,1.3900125072367753e-08,1.816537031906762e-09,train,train
1123,-0.010447802297020239,-0.0052239011485101195,2.9524380835556743,0.03065394229718205,0.03890973,0.013363652278056325,0.02235549,0.0,0.0,1.1172909928777133e-08,3.875831766642079e-09,train,train
1124,-0.005802781895443914,-0.002901390947721957,3.274444322620841,0.015304009233703,0.01639046,0.005836050022790815,0.00852168,0.0,0.0,1.7469554998505944e-08,2.53707499453526e-09,train,train
1125,-0.0048957532911666135,-0.0024478766455833067,3.054125111808,0.012512151011558057,0.01433219,0.003709179379615748,0.00519915,0.0,0.0,1.1052688495782925e-08,1.8878322238791156e-09,test,train
1126,-0.015595576230729212,-0.007797788115364606,2.569813788311839,0.04868657476565006,0.05922276,0.01678348108381373,0.02847026,0.0,0.0,1.3269493578018357e-08,2.108560437363849e-09,valid,test_ood_short_range
1127,-0.009316323422501039,-0.0046581617112505195,2.91727147943298,0.02671428258151745,0.02867941,0.009899383275214672,0.01560406,0.0,0.0,1.7199419209783646e-08,2.6796533880713014e-09,train,train
1128,-0.03838836049124821,-0.019194180245624106,2.3533563135717186,0.1381657170355489,0.16176873,0.03528863231689633,0.06950335,0.0,0.0,8.410360279641116e-09,4.375405815437716e-09,train,test_ood_short_range
1129,-0.009509556947727146,-0.004754778473863573,2.8884281707113386,0.0275131270958198,0.03936723,0.011264238810064648,0.01964094,0.0,0.0,1.7710246721115786e-08,3.6637983757970005e-09,train,valid
1130,-0.026961815157053003,-0.013480907578526501,2.7264428504595903,0.0913630551154134,0.12344479,0.0280080428344562,0.04266151,0.0,0.0,1.327009810824991e-08,2.3679407323839996e-09,train,train
1131,-0.019477247131922497,-0.009738623565961248,2.7128069913162576,0.06316667935137059,0.07928266,0.017152949888793668,0.02188409,0.0,0.0,1.2066360250585618e-08,2.0552346491342632e-09,train,train
1132,-0.010503974537805385,-0.005251987268902692,3.041124894110011,0.030702387866217075,0.03155468,0.009236622242002215,0.01730156,0.0,0.0,1.7601208736983168e-08,7.035572124891587e-11,valid,train
1133,-0.09731434321697698,-0.04865717160848849,2.5689958015179366,0.3886631307995565,0.46393685,0.10828781732286902,0.18999313,0.0,0.0,1.4655114952910454e-08,1.9725793221070376e-09,train,test_ood_short_range
1134,-0.0073372655634438635,-0.0036686327817219318,3.247693297988902,0.02053014901209195,0.02420456,0.010382983484339492,0.01399713,0.0,0.0,1.617680119775634e-09,5.682958881259026e-09,valid,train
1135,-0.017982085598634782,-0.008991042799317391,2.679769339206277,0.0564881188162626,0.07408649,0.008736553285654666,0.01438963,0.0,0.0,1.0193180746983624e-08,5.061958630037111e-09,train,train
1136,-0.01669537727343914,-0.00834768863671957,2.9263765840804057,0.052230982956378486,0.05808976,0.010198068181480908,0.01348812,0.0,0.0,2.2413569459534763e-08,4.553341148572088e-09,train,train
1137,-0.019789726286071306,-0.009894863143035653,2.8940862807605865,0.06500718203247237,0.0923908,0.024460082503073587,0.04110358,0.0,0.0,1.3796232816630835e-08,4.121189167705097e-09,train,train
1138,-0.016665567758402795,-0.008332783879201397,2.894474371404017,0.05230133618808224,0.05809526,0.009669105486755225,0.01767915,0.0,0.0,1.204042167287153e-08,4.068273051771598e-09,test,train
1139,-0.005784258724235722,-0.002892129362117861,2.835000756704058,0.01499172267903748,0.01858345,0.0027061675803123006,0.00462742,0.0,0.0,2.0545820861028982e-08,3.198678766302976e-09,train,train
1140,-0.006373946927127059,-0.0031869734635635296,3.075466252586247,0.017191585237084254,0.01982707,0.00678285785298375,0.01045339,0.0,0.0,1.0941979579356376e-08,1.9303015852401018e-09,test,unused
1141,-0.007305168505087443,-0.0036525842525437216,2.9108163175910104,0.01993412257622258,0.02387888,0.00421864224471966,0.00564666,0.0,0.0,5.699949810165041e-09,2.248453645492532e-09,valid,train
1142,-0.23405081853799434,-0.11702540926899717,1.8375944491561813,0.9918084150743263,1.19126456,0.3079466717000745,0.60198089,0.0,0.0,1.0299256010321789e-08,8.821767760736066e-10,train,test_ood_short_range
1143,-0.015410326894541783,-0.0077051634472708914,2.6707399118038944,0.04844139790503091,0.06083859,0.020671715090370465,0.026118,0.0,0.0,1.2751057093549862e-08,4.844841305917669e-09,valid,train
1144,-0.012902548529799537,-0.006451274264899769,3.2069055734597334,0.03868724685122174,0.04491485,0.012816760808466129,0.02501243,0.0,0.0,2.03183772846333e-08,9.902934028360733e-10,train,train
1145,-0.008072555479684237,-0.0040362777398421186,3.113131482545938,0.022725819686100802,0.03026169,0.010247584076216046,0.01720175,0.0,0.0,1.5781342868423633e-08,1.6708079364491368e-09,train,train
1146,-0.010769257007245504,-0.005384628503622752,2.738782397853052,0.0316189052980017,0.04095026,0.013105155143562143,0.02094542,0.0,0.0,1.5241516993817186e-08,2.8679332242376177e-09,train,train
1147,-0.02764134594874688,-0.01382067297437344,2.869776568782416,0.09323400701704466,0.12368941,0.026250092561288237,0.04006443,0.0,0.0,2.6201057009952613e-08,3.972826401188456e-09,valid,train
1148,-0.014900209787118849,-0.007450104893559424,2.882999528707711,0.04646619135196579,0.0613121,0.017087234614833087,0.02586771,0.0,0.0,7.081014765199211e-09,1.8448865768405653e-09,valid,valid
1149,-0.019610102439072928,-0.009805051219536464,2.6902605029512956,0.061835893500946246,0.07396119,0.015666873491013877,0.02178553,0.0,0.0,1.1644950183963157e-08,7.002053381555129e-10,train,train
1150,-0.005983275985268331,-0.0029916379926341655,3.002915694835166,0.01599294530543806,0.01985031,0.005849388827058487,0.01034185,0.0,0.0,3.387088922347078e-09,5.803579838925543e-10,train,train
1151,-0.007346937794719731,-0.0036734688973598657,2.7045751764548447,0.01998364389423928,0.022661,0.0055026995215954385,0.00822577,0.0,0.0,1.210048754657388e-08,2.7306416017225388e-09,train,valid
1152,-0.012327370557107937,-0.006163685278553968,2.848048725158044,0.03700759954918224,0.03895191,0.012497450392441385,0.02345103,0.0,0.0,8.475422648043325e-09,1.2631669044083083e-09,test,valid
1153,-0.003110509058703118,-0.001555254529351559,3.3387014702619235,0.007398818726492764,0.00862511,0.0018509562101564334,0.00334301,0.0,0.0,1.89789814090833e-08,5.862888730057136e-09,train,train
1154,-0.033491074212319984,-0.016745537106159992,2.408612877085294,0.11970239542568797,0.16249376,0.05056953915997505,0.06808825,0.0,0.0,1.2430322401310745e-08,3.0706732712104667e-09,train,test_ood_short_range
1155,-0.008818805725300343,-0.0044094028626501715,2.755661239181073,0.025038968155226896,0.03046847,0.008153749854660943,0.01261186,0.0,0.0,1.2862641841544331e-08,2.2977176827865264e-09,train,train
1156,-0.00954913877158189,-0.004774569385790945,3.2098415071940005,0.026968114087347055,0.02817688,0.0042576450501969594,0.00586155,0.0,0.0,1.2719120284856237e-08,3.1720195359241643e-09,valid,train
1157,-0.03190175479128489,-0.015950877395642445,2.7682447216764983,0.10876917254771179,0.12483496,0.0076578421039742,0.01288171,0.0,0.0,6.942921311273239e-09,4.410541931676448e-09,valid,train
1158,-0.008301950779090359,-0.004150975389545179,2.839421745570541,0.023217407495453347,0.02858711,0.005877899173385277,0.00908444,0.0,0.0,1.1497202184620276e-08,2.2830748402924428e-09,train,unused
1159,-0.017451000482407594,-0.008725500241203797,2.9284023942578625,0.055064406732701056,0.06190521,0.012108628674472871,0.01713486,0.0,0.0,2.229252308909199e-08,1.2787169101358131e-09,train,train
1160,-0.01536578794761397,-0.007682893973806985,2.973119653144206,0.04766721871353379,0.05253016,0.013117055454679352,0.02042883,0.0,0.0,1.1276699289185493e-08,2.2356090312314336e-09,valid,train
1161,-0.010343759814855523,-0.005171879907427761,2.7360684987266146,0.03021324015947203,0.03754455,0.009421242711741907,0.01808088,0.0,0.0,1.3155545934388833e-08,4.9056054773899405e-09,train,train
1162,-0.0027627345093676294,-0.0013813672546838147,3.197523959534349,0.006362466830648314,0.00667996,0.0018799481150774703,0.0026228,0.0,0.0,1.7832716971533285e-08,4.034654832452134e-09,train,train
1163,-0.010902165322288894,-0.005451082661144447,2.888192226470027,0.03152212528554507,0.04034896,0.008390027071848457,0.01281181,0.0,0.0,1.2737908501878491e-08,4.319057111956681e-09,train,train
1164,-0.006775713709490572,-0.003387856854745286,2.8003875662388333,0.018249988553095953,0.02231838,0.005950613790419719,0.01232267,0.0,0.0,6.113910170934532e-09,1.1779847097770357e-09,train,train
1165,-0.029838710147502164,-0.014919355073751082,2.538023842673049,0.10295744347008558,0.13260022,0.036953616529726833,0.06223171,0.0,0.0,9.861674926446132e-09,4.690034804966103e-09,train,test_ood_short_range
1166,-0.014148227173504302,-0.007074113586752151,2.7606719010504737,0.043435128246742484,0.04532384,0.016765418242127652,0.02599393,0.0,0.0,8.91104201859817e-09,9.431722070019077e-10,train,train
1167,-0.018219808901778923,-0.009109904450889461,2.5051167566549553,0.0582776738565602,0.08238566,0.021460003591317656,0.03579394,0.0,0.0,1.563048171585041e-08,3.482796939735522e-09,train,test_ood_short_range
1168,-0.015252168172230742,-0.007626084086115371,2.8473426322742927,0.04749306832738366,0.05341819,0.009776168925519853,0.01380089,0.0,0.0,9.032801795370537e-09,1.7573502653078776e-09,train,valid
1169,-0.0027767968030458063,-0.0013883984015229031,3.1847925622118005,0.00643535756863595,0.00707945,0.001965606104381886,0.00259537,0.0,0.0,4.356858713340774e-09,3.6954039828174245e-10,valid,train
1170,-0.0026571868007232405,-0.0013285934003616203,3.2898082194883407,0.006076209383936117,0.00669975,0.0015780760488909695,0.00233557,0.0,0.0,2.580691538571888e-08,3.1904274777616592e-09,train,train
1171,-0.010855095096335013,-0.005427547548167507,2.7351376387366817,0.03154118396095492,0.03388802,0.00835637354328519,0.01254772,0.0,0.0,1.712933504768912e-08,2.619651384705435e-09,train,train
1172,-0.017010504415732205,-0.008505252207866102,2.563219343159941,0.0532262237371918,0.06349268,0.014580715991161636,0.02772904,0.0,0.0,6.362194837666567e-09,2.827370337854518e-09,train,test_ood_short_range
1173,-0.013041048381493357,-0.006520524190746679,2.665233207274689,0.03930795604479539,0.04732101,0.013394342516276539,0.02022121,0.0,0.0,1.6998673632457403e-08,2.0174534265393618e-09,train,train
1174,-0.009841959486445078,-0.004920979743222539,3.0526079914996678,0.02890084551211204,0.03578072,0.011611495778874343,0.01600775,0.0,0.0,1.3201993683119956e-08,5.184465967644769e-09,train,valid
1175,-0.018271651929415385,-0.009135825964707692,2.71867573254012,0.05785872103576003,0.06685661,0.016650005788479475,0.02428125,0.0,0.0,3.457490104424657e-09,2.815676358736141e-09,train,train
1176,-0.0035230573139410446,-0.0017615286569705223,3.177768263709039,0.00858251283890097,0.00942676,0.0031351969007650327,0.00488941,0.0,0.0,4.92996177805757e-09,2.2818987810424574e-09,train,train
1177,-0.006930753499367247,-0.0034653767496836234,2.9808101432077323,0.018928724672161622,0.02580191,0.0071501984046353564,0.01237386,0.0,0.0,1.0462644934779337e-08,3.4511230539990834e-09,test,train
1178,-0.008018408560558044,-0.004009204280279022,2.8149240005440817,0.02244530203942316,0.02509182,0.007766595071089176,0.01240769,0.0,0.0,2.144617236186727e-08,3.586472896444093e-09,train,valid
1179,-0.0043779753016586305,-0.0021889876508293152,3.0779131337568026,0.011039114009366875,0.01240768,0.0042636263297377896,0.00762957,0.0,0.0,1.2914659470704973e-08,5.249038981247622e-10,valid,valid
1180,-0.022479243077623123,-0.011239621538811561,2.8530809857432553,0.07554296244515633,0.10953557,0.030107742923474023,0.05187556,0.0,0.0,9.073470598213787e-09,5.024455740354483e-09,train,train
1181,-0.004761796196777628,-0.002380898098388814,3.265411025406328,0.012261591988782152,0.01425159,0.005256550682351815,0.00702297,0.0,0.0,9.573053976506403e-09,2.33549224404328e-09,train,train
1182,-0.028541286539382517,-0.014270643269691258,2.9277733569366515,0.0966531624218037,0.12129201,0.024523029548019753,0.03736498,0.0,0.0,1.6063580073111403e-08,3.4541547400124273e-09,test,train
1183,-0.046601299307040385,-0.023300649653520192,2.471680223960813,0.18108775755986573,0.23332741,0.0868342797152511,0.13398879,0.0,0.0,1.0131231588130644e-08,4.901522743239184e-09,valid,test_ood_short_range
1184,-0.003077195233694372,-0.001538597616847186,3.0397611478218787,0.007191180951440915,0.00866007,0.0013525329209055628,0.00250708,0.0,0.0,2.2182863418069767e-08,4.844472489828888e-09,valid,train
1185,-0.010044316889048195,-0.005022158444524098,2.683033675011004,0.028645205958030166,0.03833857,0.00605545493972721,0.00988765,0.0,0.0,1.671755390645303e-08,4.027495448255536e-09,train,unused
1186,-0.01625310336753156,-0.00812655168376578,2.6547600156749978,0.05020237182004418,0.05239857,0.015701563759767688,0.02571377,0.0,0.0,2.3509376042947905e-08,5.3257649401672325e-09,train,train
1187,-0.005226160075534752,-0.002613080037767376,2.9882911298288346,0.013380141417326899,0.01419818,0.002543520159650794,0.00445545,0.0,0.0,8.31733430157226e-09,4.345356074964002e-09,train,train
1188,-0.012505434902285227,-0.006252717451142613,2.9947584335164708,0.03763592057680933,0.04240909,0.010169896598120684,0.01541819,0.0,0.0,1.92841114598664e-08,3.5494363004318075e-09,train,train
1189,-0.01276861755094633,-0.006384308775473165,2.961134934886896,0.038728562487225976,0.04114111,0.01619356284587078,0.02739382,0.0,0.0,1.4612043187286703e-08,4.2677248401901124e-09,train,train
1190,-0.02468151375489033,-0.012340756877445165,2.703958647741851,0.08317639216159635,0.09718407,0.03708433612816131,0.05524077,0.0,0.0,1.2878237638254456e-08,3.1117203258546056e-09,test,train
1191,-0.016594570739639238,-0.008297285369819619,2.9810033924316572,0.052154575936884,0.06306819,0.014003658882534355,0.02143045,0.0,0.0,1.2139732587080725e-08,2.070133398035523e-09,train,train
1192,-0.005651823931003636,-0.002825911965501818,2.9432060376634976,0.014880655804362252,0.01627858,0.004995608234472889,0.00811715,0.0,0.0,1.1910467824430014e-08,2.4417587951575115e-09,train,valid
1193,-0.021035555485722113,-0.010517777742861056,2.68315246478349,0.06854151821751665,0.08125021,0.024680499560477565,0.04342898,0.0,0.0,6.685644778726438e-09,2.4424995359595414e-09,train,train
1194,-0.01606220207556387,-0.008031101037781934,2.8094247445317153,0.05214270726800888,0.07625495,0.026785387628773454,0.04762127,0.0,0.0,1.1112983281316853e-08,6.259204710090671e-09,train,valid
1195,-0.027904985181157336,-0.013952492590578668,2.446845183201753,0.09607336513602266,0.11349428,0.022997679359573798,0.0362009,0.0,0.0,1.1060624912892133e-08,4.6163202149784865e-09,train,test_ood_short_range
1196,-0.007051697299797045,-0.0035258486498985224,3.0136743859395674,0.019250158616098897,0.02282352,0.007088220420988378,0.01251048,0.0,0.0,1.0751319194815919e-08,3.1444608028508014e-09,train,valid
1197,-0.006722100517999156,-0.003361050258999578,3.0634592405748493,0.018233579750486922,0.02080836,0.007400104301152338,0.01354264,0.0,0.0,1.4075835539377341e-08,3.919538249519405e-09,train,valid
1198,-0.007594677716424861,-0.0037973388582124303,2.9440655966255447,0.020675435991556905,0.02429346,0.005448987715888154,0.00862518,0.0,0.0,1.2065165668326175e-08,1.6423210569271873e-09,test,train
1199,-0.017071172651804276,-0.008535586325902138,2.9758865459623562,0.05477600729132114,0.07477861,0.02298044272805864,0.03335738,0.0,0.0,7.56460912230454e-09,5.175120332268079e-10,train,valid
1200,-0.004901775120055471,-0.0024508875600277357,2.9735093645091752,0.012565687273106077,0.01642236,0.00392356357634655,0.00632499,0.0,0.0,1.321071735325566e-08,2.580507585392411e-09,train,train
1201,-0.04344302512558155,-0.021721512562790774,2.5029354393896504,0.15866088583607554,0.19344694,0.05157266460723015,0.06917364,0.0,0.0,1.862961927851774e-08,9.57625090336478e-10,train,test_ood_short_range
1202,-0.013190441733622545,-0.006595220866811273,3.1264350140724364,0.03983437090572663,0.05143925,0.015359733393748519,0.02216806,0.0,0.0,2.177104425939774e-08,1.2144767413957425e-09,train,train
1203,-0.032783128391816935,-0.016391564195908467,2.506276433457656,0.11640554753654656,0.16807732,0.0380982946219681,0.06772166,0.0,0.0,1.365827937223044e-08,2.408237831375004e-09,train,test_ood_short_range
1204,-0.0075919410916717375,-0.0037959705458358688,2.828502663634521,0.020925851013576486,0.02424918,0.0037347211746594955,0.00672035,0.0,0.0,1.3701939187165697e-08,4.278327248030678e-09,valid,train
1205,-0.006827715389867352,-0.003413857694933676,3.120318952917535,0.01841788027520449,0.02238722,0.006019857973368918,0.00836831,0.0,0.0,1.7510874881417098e-08,2.915955699123174e-09,train,train
1206,-0.005442867499629545,-0.0027214337498147724,2.9687459730443573,0.013997129186197433,0.01548308,0.002829243118232625,0.00390541,0.0,0.0,7.553167025381973e-09,5.2361903701836354e-09,train,train
1207,-0.005358082792479675,-0.0026790413962398374,3.0129330239013883,0.013931305277340907,0.01678944,0.005613924624491022,0.00811177,0.0,0.0,1.6916251763080654e-08,5.140211589704791e-10,train,train
1208,-0.007544153680151786,-0.003772076840075893,2.85241888204084,0.020761985307677106,0.02444743,0.00458543664385774,0.00731702,0.0,0.0,1.9686908727261526e-08,3.4464159304192776e-09,train,train
1209,-0.008934312640374644,-0.004467156320187322,2.767696019744439,0.025332458205149906,0.03422167,0.006642886994667053,0.01126185,0.0,0.0,9.1356790169601e-09,3.1224505203653052e-09,train,train
1210,-0.012464849616025403,-0.006232424808012701,2.656801327937023,0.03735793347600034,0.04624602,0.00808363046112533,0.01083137,0.0,0.0,1.7834428330561424e-08,5.0010859897753335e-09,valid,train
1211,-0.002316525475881959,-0.0011582627379409796,3.3260239149733306,0.00522243349350026,0.0062634,0.0018381313032125861,0.00279147,0.0,0.0,6.480111343681033e-09,5.012595227782413e-09,test,train
1212,-0.009704973121660238,-0.004852486560830119,2.919318560937101,0.027992361195267778,0.03593694,0.009809834189737866,0.01784688,0.0,0.0,1.560576822527032e-08,4.926198116095293e-09,train,train
1213,-0.01700079068181619,-0.008500395340908094,2.76898474235006,0.05250129432861822,0.06065951,0.013400542515767786,0.01858821,0.0,0.0,1.062241775789609e-08,1.2355354517268324e-09,train,train
1214,-0.010956635805896512,-0.005478317902948256,2.667855580018184,0.032161458755786666,0.04186418,0.012780292542940217,0.02157883,0.0,0.0,9.961604330081091e-09,4.563722399986148e-09,test,train
1215,-0.011984658073940101,-0.0059923290369700505,2.8918138634768797,0.035978752531467796,0.04440495,0.01481182958541359,0.02228481,0.0,0.0,1.6997233760647304e-08,3.199686737787033e-09,train,train
1216,-0.005682281552879014,-0.002841140776439507,2.9213431566755514,0.014921113057702273,0.01621893,0.002603692720970225,0.00424925,0.0,0.0,7.0987154004047095e-09,2.727840175964502e-09,valid,train
1217,-0.005725479496095641,-0.0028627397480478203,2.8841612411050956,0.014849163084064143,0.01833992,0.003342124876826119,0.00527734,0.0,0.0,1.6347237540413353e-08,1.2006704519507139e-09,test,train
1218,-0.010074988422776368,-0.005037494211388184,3.0245528432695945,0.029366404060938975,0.03514842,0.006481318426993333,0.01329086,0.0,0.0,2.2839800961239872e-08,3.9757458436540105e-09,train,train
1219,-0.004112040410105857,-0.0020560202050529286,3.167938813205588,0.010178518605843387,0.01156202,0.0027170611653647646,0.00479389,0.0,0.0,3.7950431610981515e-09,2.1038142339335764e-09,train,valid
1220,-0.00483359366087977,-0.002416796830439885,3.179478490335623,0.012476590823272465,0.01398296,0.005353887169231965,0.00818189,0.0,0.0,1.5574886973584876e-08,4.6060282254956064e-09,train,train
1221,-0.012253132606680052,-0.006126566303340026,2.8110716347151636,0.0365080324275307,0.04358072,0.009677384002672589,0.01668328,0.0,0.0,2.115529163366653e-08,1.7674199881412278e-09,test,train
1222,-0.048250011275448215,-0.024125005637724108,2.3344570441089836,0.1811384332241093,0.25664002,0.06489428242835767,0.1110299,0.0,0.0,2.0106212986119148e-08,2.4207558180222577e-09,test,test_ood_short_range
1223,-0.016887211717866342,-0.008443605858933171,2.7105378079541023,0.05189312764266767,0.06145871,0.009285483271734792,0.01533456,0.0,0.0,1.152548284963117e-08,1.842235031190853e-09,train,valid
1224,-0.0042161427981693275,-0.0021080713990846637,2.9801755349696,0.010390866827637625,0.01228971,0.0025628870615252114,0.00445693,0.0,0.0,9.699863925204693e-09,3.9419916220140294e-09,train,valid
1225,-0.008872893845889704,-0.004436446922944852,3.109661601801306,0.02526206115667656,0.02834641,0.010553312391779339,0.0172658,0.0,0.0,2.0014563699077832e-08,2.2344250893979734e-09,test,train
1226,-0.0062118673543739965,-0.0031059336771869983,2.8906705453070116,0.016566727284926655,0.01954587,0.005622530245158017,0.01004692,0.0,0.0,2.1983289150948532e-08,2.931372033998514e-09,valid,train
1227,-0.026999747713116577,-0.013499873856558289,2.5849012126421993,0.09362999821556586,0.13866495,0.0373100212213457,0.07454725,0.0,0.0,1.0872326638755967e-08,1.1790557419288916e-09,valid,test_ood_short_range
1228,-0.008491979415348532,-0.004245989707674266,2.8360463335307164,0.023678990729653154,0.02911465,0.004863293083803059,0.00931341,0.0,0.0,8.962953407848906e-09,2.2804302890477857e-10,train,train
1229,-0.028060794195726973,-0.014030397097863486,2.5344444412178473,0.09574880682091118,0.10364891,0.035785697045958416,0.05927977,0.0,0.0,3.836384401545669e-09,3.290605787853451e-09,train,test_ood_short_range
1230,-0.017225141558194036,-0.008612570779097018,2.4468464090385806,0.05448475391234567,0.05695327,0.017844238309736936,0.03619968,0.0,0.0,9.522711381641278e-09,3.2366196389688184e-09,train,test_ood_short_range
1231,-0.00846891595607302,-0.00423445797803651,2.7964065745102045,0.023839781939088006,0.02715157,0.004811319144169299,0.00894129,0.0,0.0,1.1806037671187753e-08,4.520418483977551e-09,train,train
1232,-0.015014417738430267,-0.0075072088692151335,2.8098078707040246,0.04644559962413016,0.04719369,0.010687579620096404,0.0200019,0.0,0.0,1.9627030885940764e-08,2.1180829312683613e-09,train,train
1233,-0.011976311792482321,-0.0059881558962411605,2.645506167976022,0.035306179736285075,0.04122106,0.011254638363180164,0.01914452,0.0,0.0,6.908072440422823e-09,2.286890343761172e-09,train,train
1234,-0.012491507050486765,-0.006245753525243382,2.7583368975798295,0.03737172930975231,0.04389692,0.010676087968999538,0.01483575,0.0,0.0,1.2212657666204256e-08,2.862053483099203e-09,train,train
1235,-0.029443296938114413,-0.014721648469057207,2.5628605416083823,0.10131861940312058,0.12663842,0.02506476647668695,0.04485487,0.0,0.0,7.665676468303043e-09,2.223207173912556e-09,valid,test_ood_short_range
1236,-0.01993997303827848,-0.00996998651913924,2.9336230294174075,0.06444733302042839,0.08078022,0.025485212929393982,0.04264318,0.0,0.0,1.4088493617763055e-08,4.413615806164728e-09,train,train
1237,-0.014524361012383006,-0.007262180506191503,2.7033355292035597,0.044410882039327554,0.05814756,0.012851389331949029,0.0243278,0.0,0.0,7.534714786830882e-09,2.1994843724115754e-09,train,valid
1238,-0.003379068889715802,-0.001689534444857901,3.115788465796668,0.008026928763647193,0.0093995,0.0018405020176299725,0.00336212,0.0,0.0,1.0289726756020998e-08,5.2089825786083566e-09,train,valid
1239,-0.015374992720591375,-0.007687496360295688,2.5758709379794533,0.04766571203785414,0.05436504,0.01104356520204715,0.01984661,0.0,0.0,1.0754910305119425e-08,4.3278750583297665e-09,train,test_ood_short_range
1240,-0.00929174768528408,-0.00464587384264204,2.844236957584784,0.026417986839791557,0.03593713,0.007158542094963657,0.01275912,0.0,0.0,9.640593388540046e-09,4.3205905519982934e-09,train,train
1241,-0.01018094889359285,-0.005090474446796425,2.8112908254811995,0.029440861428237798,0.03615154,0.00879765020646896,0.01177165,0.0,0.0,1.4831813934649293e-08,4.737955805467209e-09,valid,valid
1242,-0.02250872769612664,-0.01125436384806332,2.9013379350097708,0.07558971994405632,0.07897299,0.03021141723672774,0.04699785,0.0,0.0,2.465597161039287e-08,3.265582027012215e-09,train,train
1243,-0.024994629045106596,-0.012497314522553298,2.491512267547899,0.0836591650650746,0.11093555,0.027933626799142103,0.04388813,0.0,0.0,6.299686925399701e-09,3.0188236355144227e-09,test,test_ood_short_range
1244,-0.006669554640699873,-0.0033347773203499364,2.9058662674535287,0.017980022938852626,0.02126715,0.0029554111448550327,0.00583975,0.0,0.0,1.4601446395886328e-08,4.165130462752131e-09,test,train
1245,-0.005735247575372075,-0.0028676237876860376,2.7605247842279295,0.014747318711424573,0.01611137,0.0020366599241855112,0.0030597,0.0,0.0,9.09392608260302e-09,5.696237703745055e-09,train,unused
1246,-0.016799992909808763,-0.008399996454904381,2.7951456412082907,0.052842458107001423,0.06429181,0.013736807831054977,0.02586683,0.0,0.0,1.6125419340767583e-08,3.18352366690533e-09,train,train
1247,-0.0055380042331168704,-0.0027690021165584352,3.1846431822447685,0.014657980435283935,0.01922295,0.005746061822449935,0.01100617,0.0,0.0,1.6984045020057184e-08,2.9437565718382075e-09,train,train
1248,-0.015617225494342747,-0.007808612747171374,2.5508347532040436,0.048606898337195927,0.06141789,0.011449267585369816,0.01911458,0.0,0.0,1.501888942896737e-08,2.282840583234247e-09,train,test_ood_short_range
1249,-0.011380043931146699,-0.0056900219655733495,2.7440183837204444,0.034023265588547395,0.0402813,0.012286058518081244,0.01962942,0.0,0.0,1.0562809679597037e-08,3.5466458658817146e-09,train,train
1250,-0.007235244431388649,-0.0036176222156943244,2.981314443750469,0.01997478451901213,0.02285639,0.006237590309656179,0.008986,0.0,0.0,1.7359581521466537e-08,2.6186477430911737e-09,train,train
1251,-0.008132742910401536,-0.004066371455200768,3.019478077767215,0.022437490780079814,0.02425586,0.006595975108493562,0.01096775,0.0,0.0,1.8053576164029692e-08,1.549757211449787e-09,train,train
1252,-0.00431236682743942,-0.00215618341371971,3.076712866140503,0.010837333999334587,0.01317388,0.003690746987142305,0.00655782,0.0,0.0,1.3243148442981179e-08,3.0262559125304733e-09,train,train
1253,-0.005998150890092596,-0.002999075445046298,3.1034047283791883,0.015971048522229213,0.0173131,0.005786573461446477,0.00745895,0.0,0.0,1.7341772555584578e-08,3.3145800548695092e-09,test,train
1254,-0.01346898949300156,-0.00673449474650078,2.4863825560948327,0.04054347820053758,0.05319032,0.009277919860406929,0.01272331,0.0,0.0,1.61134715905544e-08,2.8787691119802616e-09,test,test_ood_short_range
1255,-0.010308240818305753,-0.005154120409152876,2.8149540950204672,0.030129861653108644,0.03555618,0.011644062347267383,0.02003403,0.0,0.0,1.5622559325356077e-08,3.782164137433597e-09,train,train
1256,-0.09440931296001634,-0.04720465648000817,2.4763520972870787,0.38512425501234954,0.51394909,0.12352086102453977,0.18712553,0.0,0.0,1.1786782112545281e-08,5.254334967119689e-09,train,test_ood_short_range
1257,-0.014949516047241427,-0.007474758023620714,2.8266105683596234,0.04650128637179334,0.0551238,0.01739610711457547,0.02842727,0.0,0.0,7.356592298325577e-09,3.1908649056333616e-09,train,train
1258,-0.004459612464067688,-0.002229806232033844,3.0927570478098727,0.011291220403289746,0.01248642,0.0026011451999552043,0.00390706,0.0,0.0,1.0886585040014391e-08,2.078165417529476e-09,train,valid
1259,-0.007149796809470321,-0.0035748984047351607,2.855159638530026,0.019602640488887373,0.02373275,0.006932345468407499,0.01400146,0.0,0.0,2.628001045289363e-08,3.8337755192685563e-10,train,train
1260,-0.0107972337101061,-0.00539861685505305,3.070317651906991,0.03114486130773957,0.03371106,0.010237654100556924,0.01380528,0.0,0.0,1.2507717036229165e-08,4.022750577092893e-09,train,train
1261,-0.02264383394865979,-0.011321916974329896,2.6524522950372496,0.07451332304178518,0.10327377,0.02308154555573276,0.04242382,0.0,0.0,5.733047834758791e-09,4.684964638457245e-09,train,train
1262,-0.006021811505471546,-0.003010905752735773,2.866603347571191,0.015900910781891292,0.02062587,0.004972878963432551,0.01006594,0.0,0.0,2.6260483350716004e-08,1.002859906229503e-09,train,valid
1263,-0.008188864291896468,-0.004094432145948234,3.130537568611919,0.023037183293303603,0.02430455,0.007385268910783367,0.01297304,0.0,0.0,9.397613101965838e-09,3.4185575481515684e-09,train,train
1264,-0.021432929161732676,-0.010716464580866338,2.7542685245329355,0.07028337579436572,0.08754097,0.016623265557484484,0.02356002,0.0,0.0,1.17134459107219e-08,2.1711039632776874e-09,train,train
1265,-0.007075252109094715,-0.0035376260545473574,2.840917172140949,0.019127133400713762,0.02456224,0.004441533991057218,0.00670317,0.0,0.0,1.675897712915042e-08,3.234227330395356e-09,train,train
1266,-0.009275215108942787,-0.0046376075544713935,2.901338429111366,0.026583097416683157,0.03759151,0.008902105116461686,0.0170164,0.0,0.0,1.4318307965898849e-08,1.583830178120138e-09,train,train
1267,-0.013530534724262933,-0.0067652673621314665,3.069546116999518,0.04060696537522719,0.05249767,0.01259571755056588,0.02185534,0.0,0.0,1.5357019576793054e-08,2.1631751945250244e-09,test,train
1268,-0.01573893247420836,-0.00786946623710418,2.8853083357746785,0.048788211446284514,0.06425421,0.019082082587207297,0.03031707,0.0,0.0,5.575902803353749e-09,4.345436566133287e-09,train,train
1269,-0.005767352722565395,-0.0028836763612826977,3.0678137886617765,0.015303830835571857,0.01673563,0.005911209620378049,0.00862812,0.0,0.0,2.2466411481469835e-08,1.3168648393957483e-09,train,train
1270,-0.004045939334183409,-0.0020229696670917047,3.1716367379739157,0.010071652127885144,0.01105092,0.0037265971808004687,0.00667462,0.0,0.0,1.7378880043729774e-08,1.300806351522965e-09,valid,train
1271,-0.021366259975593875,-0.010683129987796938,2.684518088018012,0.07081178778736513,0.09075342,0.027580715071101762,0.04364985,0.0,0.0,1.0406416136291693e-08,4.8842296873630175e-09,test,train
1272,-0.016792123450404615,-0.008396061725202308,2.695627878761228,0.052284156521333176,0.07087417,0.015110049900214868,0.02608799,0.0,0.0,6.577998712254079e-09,1.5338439407486248e-09,train,train
1273,-0.00931962072979456,-0.00465981036489728,2.842712712422851,0.02683071504315654,0.03433508,0.010754804584449688,0.02101635,0.0,0.0,5.3590548866910704e-09,5.061121521876544e-09,test,train
1274,-0.009978000861026733,-0.004989000430513367,2.9744379289010525,0.02882993412881248,0.03329118,0.008829347916048688,0.01603636,0.0,0.0,1.7409544872097812e-08,4.47503145650785e-09,train,train
1275,-0.007931432734607962,-0.003965716367303981,2.8893270925804133,0.022055638456395528,0.02852088,0.006941458008166103,0.01223145,0.0,0.0,7.374124370253313e-09,3.064053233359232e-09,train,train
1276,-0.002854009775017806,-0.001427004887508903,3.2552596292377443,0.006622853568588593,0.00781819,0.0014327359703029724,0.00240231,0.0,0.0,1.926508018803367e-08,3.3541893706967585e-09,train,train
1277,-0.008079444687129511,-0.004039722343564756,2.989321918372321,0.022647093205641202,0.02810134,0.008615582229352426,0.01321813,0.0,0.0,9.993193087205295e-09,4.138571374490141e-09,test,train
1278,-0.019739976735397,-0.0098699883676985,2.8087153615874527,0.0653295120239309,0.07757568,0.02720906351898144,0.04193448,0.0,0.0,1.7823993689933375e-08,3.732334219463951e-09,train,train
1279,-0.009595126806200888,-0.004797563403100444,2.993650927999932,0.027736614275042055,0.03212868,0.011850938830472463,0.01669792,0.0,0.0,5.718730143646565e-09,2.6997457602817576e-09,train,train
1280,-0.018056749534091077,-0.009028374767045539,2.7212586534954624,0.0586516058663921,0.07278023,0.02562310177701625,0.04404104,0.0,0.0,9.174141175090674e-09,1.805526173015437e-09,train,train
1281,-0.0040393543038829095,-0.0020196771519414547,3.0646345389515326,0.010027269884839042,0.01030469,0.0028431283853793867,0.0041908,0.0,0.0,2.0643681482050527e-08,2.496376438898551e-09,train,train
1282,-0.020054398674341608,-0.010027199337170804,2.5784442377862504,0.06543181362901841,0.08915401,0.016902500152766356,0.02950151,0.0,0.0,5.800808809251847e-09,4.171898826399456e-09,train,test_ood_short_range
1283,-0.006368755205776562,-0.003184377602888281,2.9604933175179253,0.017111542564513776,0.02151267,0.006227144279191439,0.00872415,0.0,0.0,2.431481838609153e-08,2.4621118477341497e-09,train,train
1284,-0.007418718829634565,-0.0037093594148172827,2.805574920145857,0.020172308646774502,0.02405757,0.005787809603010452,0.00964884,0.0,0.0,5.997899424822821e-09,4.812108711504948e-09,valid,train
1285,-0.015879622811477187,-0.007939811405738594,2.7945165848897573,0.04944120731355745,0.05323752,0.013360574688517955,0.01674655,0.0,0.0,4.630911992969358e-09,3.957297045609209e-09,train,train
1286,-0.020241715317322016,-0.010120857658661008,2.536525258720419,0.06584228860385245,0.0758561,0.016305960972000905,0.02034856,0.0,0.0,1.2909987702925588e-08,5.269020553200221e-09,train,test_ood_short_range
1287,-0.019510977362371975,-0.009755488681185987,2.532318798475084,0.0633372072693292,0.08825689,0.019753488794153132,0.03637333,0.0,0.0,6.977798131014812e-09,3.37613226264466e-09,test,test_ood_short_range
1288,-0.015158490518250354,-0.007579245259125177,2.9029371593649222,0.04731188903516783,0.06467836,0.017591270564115507,0.03390838,0.0,0.0,1.1970851582528176e-08,7.849823013827972e-10,test,train
1289,-0.012653134109900061,-0.006326567054950031,2.7059808569697537,0.03824312025306251,0.04696891,0.011158321562879278,0.0170228,0.0,0.0,1.7543986656709746e-08,2.345234673128971e-09,train,train
1290,-0.009276405949767136,-0.004638202974883568,3.0608542920446857,0.026180398419614753,0.02803007,0.007357196280302708,0.01310289,0.0,0.0,1.717390519365193e-08,4.906637318669027e-09,train,train
1291,-0.00903279649193693,-0.004516398245968465,2.6479605773609096,0.02550333846616752,0.03645557,0.005412853866082722,0.01018167,0.0,0.0,1.1428449286470707e-08,1.0296199448589505e-09,train,train
1292,-0.023377873031917892,-0.011688936515958946,2.313408035431326,0.07617679205840167,0.08850887,0.015556235108025012,0.02596728,0.0,0.0,1.0869548387810029e-08,2.8568827303843136e-09,train,test_ood_short_range
1293,-0.016005673452675506,-0.008002836726337753,2.60095554070757,0.05016277728710569,0.06259421,0.010518582551631343,0.01481967,0.0,0.0,9.697912719781712e-09,4.234816941561803e-09,train,test_ood_short_range
1294,-0.009067853796873067,-0.004533926898436533,3.0753277766591065,0.02600545564130086,0.03229763,0.009045257383789584,0.01392569,0.0,0.0,1.5628903292858686e-08,4.762414462788911e-09,train,train
1295,-0.011658552681469302,-0.005829276340734651,2.5194733701927494,0.034044356468176926,0.04157488,0.008957487626607884,0.01482894,0.0,0.0,7.897195798169407e-09,4.729324709629168e-09,train,test_ood_short_range
1296,-0.01632551813510003,-0.008162759067550015,2.591618634463493,0.050945913698757034,0.06520846,0.012364498402467984,0.01852695,0.0,0.0,1.0145609123612628e-08,5.2881660161929744e-09,train,test_ood_short_range
1297,-0.0048568122911901365,-0.0024284061455950683,3.013507679823822,0.012467681706313058,0.01277793,0.002673564763837475,0.00351031,0.0,0.0,1.0597275257207183e-08,3.40714212399007e-09,test,valid
1298,-0.008636647027751607,-0.004318323513875804,2.9667832614673957,0.024526473447999,0.0264763,0.006761944888106034,0.01071945,0.0,0.0,9.13146940651426e-09,1.1321412696219113e-09,valid,train
1299,-0.006134582682851105,-0.0030672913414255525,2.981396537102626,0.016421963165067485,0.01904232,0.004265457110658443,0.00812148,0.0,0.0,2.0967241532681967e-08,3.6296596839235917e-09,train,valid
1300,-0.012587338546225927,-0.006293669273112964,2.9525313935931567,0.03783268036163312,0.0476878,0.009524867946310332,0.0147161,0.0,0.0,2.1308911251706257e-08,3.0860954902678372e-09,train,train
1301,-0.016384119846276805,-0.008192059923138402,2.8834803421101625,0.051190887115347986,0.05762564,0.020402328338069244,0.02866884,0.0,0.0,2.4834426792582178e-08,2.471809756876553e-09,train,train
1302,-0.007238820867536967,-0.0036194104337684834,2.842453902130459,0.019616581080308906,0.02594685,0.005121148913858751,0.00714364,0.0,0.0,2.2259475186813888e-08,4.105679130006479e-09,train,train
1303,-0.008296413254748601,-0.004148206627374301,2.773465188173183,0.023122898711950744,0.02561778,0.003148681095366228,0.00547133,0.0,0.0,2.173640922028977e-09,4.743044845767486e-09,train,train
1304,-0.01168535154160048,-0.00584267577080024,3.0303233891523584,0.03383934990807694,0.03944309,0.0084160932685946,0.01223836,0.0,0.0,2.4020101436128683e-09,4.594899682963671e-09,train,train
1305,-0.04331352680272568,-0.02165676340136284,2.6490591876597356,0.1596785089697164,0.18437652,0.06307025094907517,0.094908,0.0,0.0,1.790651163641874e-08,3.371391943396418e-09,train,train
1306,-0.008670759672168396,-0.004335379836084198,2.8595412475001853,0.024381415174956518,0.02472934,0.007658745175600461,0.01278826,0.0,0.0,8.33088212095927e-09,2.4694855049745e-09,valid,train
1307,-0.011449043522735663,-0.005724521761367831,2.795276472887663,0.03386217404776703,0.03985662,0.01347964812011859,0.02680734,0.0,0.0,1.7700034668267154e-08,2.7173397976199e-09,train,train
1308,-0.03828138969170856,-0.01914069484585428,2.447089017918427,0.13786050346468118,0.17534155,0.04064315767188597,0.05565454,0.0,0.0,1.1910109687948505e-08,4.105459305847603e-09,train,test_ood_short_range
1309,-0.009620814859883768,-0.004810407429941884,2.7432709705156535,0.02731286845907499,0.03525372,0.007725482589941118,0.0120737,0.0,0.0,1.3950307868402582e-08,1.0675280659455666e-09,train,train
1310,-0.022982275055987465,-0.011491137527993732,2.8220015922347867,0.07640226576221523,0.08903044,0.022725441775147445,0.03093925,0.0,0.0,1.4833877835128873e-08,3.96589072693132e-09,train,train
1311,-0.014110944673932885,-0.007055472336966443,2.97026929316752,0.04258093303045899,0.04439635,0.00907655480083991,0.01315511,0.0,0.0,1.3767834771231947e-08,4.192305835815091e-09,train,train
1312,-0.0071054577199173435,-0.0035527288599586718,3.122037568534784,0.019566185823141412,0.02512231,0.0072931737916629965,0.01407094,0.0,0.0,1.391087225258127e-08,2.565310186497527e-09,valid,train
1313,-0.01172680272487162,-0.00586340136243581,3.1696829667940856,0.035440145703347026,0.04142436,0.016844150135040453,0.02296049,0.0,0.0,1.6964873508506488e-08,1.7826051745828408e-09,train,train
1314,-0.005032017746004159,-0.0025160088730020796,3.0378276370479163,0.012936546323201311,0.01419944,0.0046580022785381574,0.0076847,0.0,0.0,1.8020090607849402e-08,3.001361270627001e-09,train,train
1315,-0.014157741314554361,-0.007078870657277181,2.5932215116591997,0.04281757472358011,0.04484188,0.008321746532899008,0.01340799,0.0,0.0,1.0197174810199208e-08,7.843543592400692e-10,train,test_ood_short_range
1316,-0.01123000745277558,-0.00561500372638779,2.5985115228295963,0.03302553626371367,0.04374348,0.011241094575205595,0.02351164,0.0,0.0,1.6976736425061904e-08,4.288607025060287e-09,train,test_ood_short_range
1317,-0.022925600246768953,-0.011462800123384477,2.8147601769623707,0.07697801516660802,0.10400358,0.027456173632801603,0.04300097,0.0,0.0,1.962060421590321e-08,7.420379866118765e-10,train,train
1318,-0.02972263560267064,-0.01486131780133532,2.7126928168252995,0.10348294935673107,0.12537111,0.03114706875593004,0.0556499,0.0,0.0,9.196718803025667e-09,2.760775830168427e-09,train,train
1319,-0.036046093147044427,-0.018023046573522213,2.637694159185807,0.1275405663514933,0.15474931,0.04806104287565866,0.07742962,0.0,0.0,1.564060209223505e-08,6.083353154551219e-09,train,train
1320,-0.004615356145277764,-0.002307678072638882,2.9017094089039834,0.01161194302176858,0.01473224,0.003288696348281489,0.00666855,0.0,0.0,2.6156436686287875e-08,2.641115326440513e-09,train,train
1321,-0.02181175800417923,-0.010905879002089615,2.5890385659408133,0.07182682379623669,0.07996608,0.02811777261167481,0.04960987,0.0,0.0,2.0364135811286145e-08,4.975248213412442e-09,test,test_ood_short_range
1322,-0.03387673867867733,-0.016938369339338667,2.540385304312672,0.12090527397278623,0.15115085,0.05545319094022107,0.07808425,0.0,0.0,4.768570831683417e-09,3.2763587398676464e-09,train,test_ood_short_range
1323,-0.011743050817722932,-0.005871525408861466,2.9990704999329574,0.03479279657492051,0.03680043,0.01153075576294257,0.02230616,0.0,0.0,4.15432308305671e-09,2.4811424026438544e-09,test,train
1324,-0.005012295435175512,-0.002506147717587756,3.259870768881701,0.013017286824595976,0.01442647,0.002234703539715429,0.00325568,0.0,0.0,1.5477941143747522e-08,3.0284048602169378e-09,train,train
1325,-0.0035269987543814028,-0.0017634993771907014,3.267687229516073,0.008620053262718277,0.00975919,0.003088622306109959,0.00573853,0.0,0.0,2.9128020645178522e-09,3.0920075388962687e-09,test,train
1326,-0.01006847877751566,-0.00503423938875783,2.8786049995035627,0.028966661348841478,0.03321277,0.01110686490437183,0.0175579,0.0,0.0,6.067917096887811e-09,2.5969029149308653e-09,test,valid
1327,-0.0067073563240863665,-0.0033536781620431833,2.9444916341332235,0.018086667525339394,0.0238623,0.004890777447255531,0.00874585,0.0,0.0,1.6684800209480075e-08,2.3924264791475025e-09,valid,train
1328,-0.020872257407064325,-0.010436128703532162,2.5376324054623858,0.06835018691455154,0.07943708,0.018801080979204805,0.03007384,0.0,0.0,9.209982093093413e-09,1.4817373994446825e-09,train,test_ood_short_range
1329,-0.017613470285917726,-0.008806735142958863,2.7977105554316415,0.054774513047917334,0.06950613,0.010542095637740471,0.02191647,0.0,0.0,2.6564685928846548e-08,1.6384265055791047e-09,test,train
1330,-0.00816632856481278,-0.00408316428240639,2.9780804734914397,0.023225907027171908,0.02996199,0.010420891891266633,0.01603155,0.0,0.0,1.296285948541839e-08,1.9368502357508532e-09,train,valid
1331,-0.007506349333969129,-0.0037531746669845645,2.7908315529882963,0.020433490879547885,0.02329134,0.00491334185699679,0.00661803,0.0,0.0,9.622281541445235e-09,1.8497445797294176e-09,train,train
1332,-0.0057721872290614285,-0.0028860936145307142,2.8539873569970164,0.015035919227036525,0.02041077,0.0038521939071391514,0.00631034,0.0,0.0,1.717806361912601e-08,3.7028075050571374e-09,train,train
1333,-0.00456085250528406,-0.00228042625264203,3.2120297125586608,0.011616236121064919,0.01347924,0.004941698278642003,0.00789514,0.0,0.0,9.569473649079345e-09,4.301789369165476e-09,train,train
1334,-0.010085170919118897,-0.005042585459559448,2.6054555996187516,0.02865381475440341,0.0353509,0.005385880041031672,0.00862723,0.0,0.0,1.0222137672409324e-08,2.045472902167944e-09,train,test_ood_short_range
1335,-0.003988160685860056,-0.001994080342930028,3.150663906531016,0.009917981605034364,0.01100855,0.004242870913671937,0.00617577,0.0,0.0,1.1423124703384976e-08,1.2316760944486305e-09,train,train
1336,-0.00566877270118468,-0.00283438635059234,3.0400981345435993,0.015032501475018497,0.01859224,0.006608743279635949,0.01135041,0.0,0.0,1.7679378787825007e-08,1.3235039730830067e-09,valid,valid
1337,-0.03716495745045384,-0.01858247872522692,2.7059552511339255,0.13572942968805118,0.17519616,0.060888657964606456,0.0869982,0.0,0.0,1.2816365376704782e-08,5.554556370412911e-09,train,train
1338,-0.020954754707945347,-0.010477377353972674,2.698516114991721,0.07086065408602318,0.10943199,0.03443440311836018,0.05368895,0.0,0.0,1.2930522844200841e-08,4.942725895240585e-09,train,train
1339,-0.014880076258262926,-0.007440038129131463,2.6854516404940334,0.04562349673930492,0.05797199,0.012193041863458437,0.02466511,0.0,0.0,1.1970061738204958e-08,2.709506841114262e-09,test,train
1340,-0.02209460847294599,-0.011047304236472995,2.7372024092001097,0.07265172662171883,0.08600298,0.018845918779132702,0.02478343,0.0,0.0,1.7139247128096675e-08,2.832904688609972e-09,train,train
1341,-0.006235329471314146,-0.003117664735657073,2.9583525592208284,0.016647359040766797,0.01847018,0.003574861244829418,0.00568862,0.0,0.0,1.246693771608145e-08,3.5624294625336006e-09,train,train
1342,-0.005062599064147456,-0.002531299532073728,2.9452824358865035,0.012911274851293087,0.01645912,0.0037367955360352984,0.00581914,0.0,0.0,1.542671955749545e-08,3.913583457304526e-09,train,train
1343,-0.005301107716299798,-0.002650553858149899,3.1568682987277614,0.01381987684473587,0.01647665,0.003510172821099174,0.0045912,0.0,0.0,6.865322655797158e-09,2.5691004879035972e-09,train,train
1344,-0.019761477039544784,-0.009880738519772392,2.7434421285392587,0.06386062732306086,0.07627929,0.020027503755164627,0.03256464,0.0,0.0,4.860711114565153e-09,2.7781541511728847e-09,test,train
1345,-0.009977450936979146,-0.004988725468489573,3.025365942549572,0.02868698599467187,0.03377489,0.009188209162286015,0.01224126,0.0,0.0,7.778696837861144e-09,3.842606233206425e-09,train,train
1346,-0.010282541147504829,-0.005141270573752414,3.0645783051383377,0.029834765638305814,0.03336355,0.012975438808446262,0.01795003,0.0,0.0,2.0148511153600373e-08,4.322529889577709e-09,train,unused
1347,-0.004473578922845769,-0.0022367894614228846,3.124442107433568,0.011287003722343677,0.01360273,0.0038632662844088287,0.00598943,0.0,0.0,1.3859513071735523e-08,2.6898332450286944e-09,valid,valid
1348,-0.02356633632652304,-0.01178316816326152,2.942015151109516,0.07859011459014423,0.08889104,0.02623388151996288,0.04954744,0.0,0.0,2.328553234249043e-08,3.6743285081186627e-09,train,train
1349,-0.005683220438476711,-0.0028416102192383554,3.041369958825643,0.014870425790422637,0.01586175,0.004598831006991523,0.00750415,0.0,0.0,7.392054625693759e-09,4.069834469433431e-10,train,train
1350,-0.005868165330172259,-0.0029340826650861296,3.0121942457843396,0.015449004561426173,0.01807027,0.005408212371030437,0.00791623,0.0,0.0,7.780099717364326e-09,8.045218935492926e-10,train,train
1351,-0.017628161806070068,-0.008814080903035034,3.016703507145149,0.05548906697469511,0.06165743,0.017306195606423727,0.02525404,0.0,0.0,8.858961233873138e-09,2.9324240813366487e-09,train,unused
1352,-0.02986700494811796,-0.01493350247405898,2.459300954031797,0.10339013697804335,0.1232169,0.030749768605311485,0.04984951,0.0,0.0,1.0536802784672868e-08,3.095700140676172e-09,valid,test_ood_short_range
1353,-0.0049143241571641474,-0.0024571620785820737,2.93968792277281,0.012568137993113114,0.015402,0.0017453229261849127,0.00342068,0.0,0.0,1.900547644686921e-08,1.6870175256755715e-09,train,train
1354,-0.004505550979146476,-0.002252775489573238,3.0127077853356723,0.011392837783433649,0.0129284,0.003923359218159442,0.0053468,0.0,0.0,1.0691979597356651e-08,1.4357035560408349e-09,train,train
1355,-0.02658653299576474,-0.01329326649788237,2.5977178828492935,0.09008737108342063,0.11091812,0.029959497840252043,0.04851251,0.0,0.0,7.475598552855926e-09,2.393668596667453e-09,train,test_ood_short_range
1356,-0.006251869021454147,-0.0031259345107270734,2.907491389698282,0.016478754283385622,0.01952767,0.0013222970134517183,0.00245675,0.0,0.0,1.3631048244140368e-08,1.5158161392747616e-09,train,train
1357,-0.010429608299636326,-0.005214804149818163,3.1211733543444833,0.029960826078180267,0.03370834,0.009419026294813245,0.0137729,0.0,0.0,1.4752781515954924e-08,1.5428138766537813e-09,train,train
1358,-0.022445509829728875,-0.011222754914864437,2.7307972204916138,0.07400930953474029,0.08150651,0.020817510596154783,0.03104932,0.0,0.0,1.7278208267627045e-08,1.306705299519706e-09,test,valid
1359,-0.021348041430078443,-0.010674020715039222,2.7253392865093855,0.07068579157421714,0.09255984,0.026189647659413697,0.03767081,0.0,0.0,1.3929976472787434e-08,6.410997288597287e-10,train,train
1360,-0.023521255354433578,-0.011760627677216789,2.7952299128201727,0.07905973865949913,0.10221379,0.025660938207968935,0.04364693,0.0,0.0,1.3348472639100692e-08,5.13850195726917e-09,test,train
1361,-0.03067846006353393,-0.015339230031766965,2.71830983351992,0.10489166854981637,0.14134374,0.0281317128678084,0.03859482,0.0,0.0,1.6543254805438262e-08,3.256595437761689e-09,train,train
1362,-0.018131816126985664,-0.009065908063492832,2.944125142815801,0.05736514378950601,0.06411448,0.009097067734159362,0.01275831,0.0,0.0,6.772526427151638e-09,5.11706765848885e-09,train,train
1363,-0.021509780208468204,-0.010754890104234102,2.7710346877989704,0.07079679777992623,0.08946413,0.020489380114704546,0.0314068,0.0,0.0,2.173781540696832e-08,3.044570373589295e-09,train,train
1364,-0.02931219551785844,-0.01465609775892922,2.6993614644934625,0.10094336237933066,0.13570296,0.038985683533840125,0.06154951,0.0,0.0,1.6900473080648053e-08,2.7854073492150633e-09,test,train
1365,-0.02270005851165131,-0.011350029255825655,2.7729191654666074,0.07478597489840413,0.09875881,0.017238031923806345,0.03067062,0.0,0.0,1.654453797386657e-08,3.1685292167793477e-09,train,train
1366,-0.02122551393348937,-0.010612756966744685,2.5744333780795428,0.06898642609191874,0.08316896,0.02449203425247346,0.03470446,0.0,0.0,1.482218379603894e-08,4.261530905935729e-09,train,test_ood_short_range
1367,-0.0039414483512169455,-0.0019707241756084727,3.0352194339549494,0.009639858282535416,0.01124138,0.0025253678815999594,0.00393373,0.0,0.0,1.4884349133814478e-08,4.771349981780304e-09,train,train
1368,-0.00409560889882907,-0.002047804449414535,3.2285077276789576,0.010183233304839874,0.0113812,0.003236202669274078,0.00472219,0.0,0.0,1.0283953747742901e-08,7.984730654442274e-10,train,train
1369,-0.015039287101163874,-0.007519643550581937,2.6712150164730932,0.04686762806931418,0.06122999,0.018712526116063718,0.03665336,0.0,0.0,4.0114184193133815e-09,4.920448937184574e-09,test,train
1370,-0.006896534812295868,-0.003448267406147934,2.8420138094524736,0.018425234203758894,0.0214994,0.0027843099219794724,0.00519107,0.0,0.0,1.3622870167857339e-08,6.42040531850796e-10,train,train
1371,-0.004285702090748365,-0.0021428510453741826,3.3149902364680197,0.010842444255872382,0.01260359,0.0036407928471396626,0.00695696,0.0,0.0,1.392179409563727e-08,5.0797730466456414e-09,train,train
1372,-0.017467736406641204,-0.008733868203320602,2.507193150681525,0.055221445501021614,0.06510875,0.009877906633406696,0.01682614,0.0,0.0,1.03087944113071e-08,3.2274820593869435e-09,valid,test_ood_short_range
1373,-0.004627541985262156,-0.002313770992631078,3.0617513754291004,0.011739308716053087,0.01334922,0.004195304843248382,0.00729558,0.0,0.0,1.6212473429414214e-08,4.62850502369605e-09,test,train
1374,-0.0025882981948880716,-0.0012941490974440358,3.1149190370562283,0.005876508579788967,0.00608595,0.0009363536373080419,0.00129715,0.0,0.0,2.0868141641745722e-08,2.5955910754049683e-09,valid,train
1375,-0.004844846265521103,-0.0024224231327605516,2.9135443162186303,0.01231307160379976,0.01384207,0.0035865654520051164,0.00717357,0.0,0.0,2.1769540514391447e-08,3.0797138172999894e-09,valid,train
1376,-0.007740038593834641,-0.0038700192969173203,3.044325517884109,0.021631623864791102,0.02672375,0.007882189315605786,0.01050333,0.0,0.0,3.908591518002131e-09,2.353415018419014e-09,train,train
1377,-0.013599888250195185,-0.0067999441250975925,2.6334097823471097,0.04138032400816681,0.04665751,0.009663763511538003,0.01750823,0.0,0.0,1.7174667934249888e-08,6.138927366450275e-09,train,train
1378,-0.015437546879103294,-0.007718773439551647,2.6165684674103398,0.04737244469038585,0.05621567,0.01133672920340857,0.01677338,0.0,0.0,9.730050038818664e-09,3.4976539442510557e-09,valid,test_ood_short_range
1379,-0.008478117175099735,-0.004239058587549868,2.895466684981443,0.023500295647792744,0.03078047,0.005790220301289639,0.00942107,0.0,0.0,1.73754046975694e-08,2.5874566933481447e-09,train,train
1380,-0.013618792248828662,-0.006809396124414331,2.3938213760910263,0.040543833478508165,0.04396985,0.008745819600730205,0.01316499,0.0,0.0,4.737043495996602e-09,4.03072597521259e-09,train,test_ood_short_range
1381,-0.018811936626106047,-0.009405968313053023,2.5961274726520953,0.060426794436767586,0.07747251,0.019842846120739166,0.03068753,0.0,0.0,4.353896792704333e-09,3.7216917325721965e-09,train,test_ood_short_range
1382,-0.006143180629885332,-0.003071590314942666,3.179243476374115,0.016358292026836623,0.01898668,0.005766131470841897,0.00944783,0.0,0.0,1.3914344563357605e-08,2.009416188997193e-09,valid,valid
1383,-0.012069082139743887,-0.006034541069871943,3.0492751925431367,0.03598533179095153,0.0442518,0.008949670672372066,0.0160454,0.0,0.0,6.948576609845503e-09,3.583780161520167e-09,train,train
1384,-0.014071025687914244,-0.007035512843957122,3.2385827467114447,0.042316767629396033,0.04327346,0.01018064545798628,0.01562102,0.0,0.0,8.128557495393854e-09,1.1333722849116157e-09,train,valid
1385,-0.011427680020756337,-0.005713840010378168,2.9472806840674095,0.03424769064100576,0.04900988,0.013726855457063598,0.02270876,0.0,0.0,2.2967014272053173e-08,2.5913121648457604e-09,valid,train
1386,-0.024142742967265835,-0.012071371483632918,2.64630145028993,0.08105710871061937,0.10139621,0.027434144818036216,0.03689168,0.0,0.0,1.2157040870692328e-08,2.9669211532024065e-09,train,train
1387,-0.004428639859523546,-0.002214319929761773,3.0284674231514708,0.011097597828931268,0.0131918,0.0026166360495268218,0.00395189,0.0,0.0,8.29793937413684e-09,7.648883748601065e-10,train,train
1388,-0.005059468574561991,-0.0025297342872809955,3.1628417188834304,0.013186731042410272,0.01655568,0.0039462533439854905,0.00541668,0.0,0.0,7.1377595374977865e-09,4.44761039108954e-09,train,unused
1389,-0.01663286606082199,-0.008316433030410995,2.9404034797020366,0.05198364729577338,0.05933634,0.017147951686448348,0.02495958,0.0,0.0,2.0387208166287413e-08,4.249185003857292e-09,train,valid
1390,-0.013943990930645382,-0.006971995465322691,2.990960022800463,0.042586003526429904,0.05311408,0.010865566106525849,0.02007307,0.0,0.0,5.809691442487022e-09,3.2733795674033672e-09,train,train
1391,-0.020740226147899395,-0.010370113073949697,2.522991207383161,0.06765399031173969,0.08761428,0.02193857864146475,0.03843659,0.0,0.0,9.34295782620363e-09,3.0361890779317946e-09,train,test_ood_short_range
1392,-0.006193889860085024,-0.003096944930042512,2.7801190057423897,0.016211512994733095,0.02142638,0.002912035467065949,0.00517359,0.0,0.0,2.2037477529399705e-08,1.650701242361663e-09,test,train
1393,-0.006043705698880666,-0.003021852849440333,2.7519170296308215,0.015726770781176493,0.01781102,0.0034041996558491295,0.00577575,0.0,0.0,1.3050686565516096e-08,3.1233737818325835e-09,train,train
1394,-0.002415750351483032,-0.001207875175741516,3.240965886327302,0.005431726633591446,0.00579557,0.0014910465714725344,0.00211286,0.0,0.0,1.3953157957020814e-08,1.3857597291888624e-09,train,valid
1395,-0.04277937167929211,-0.021389685839646056,2.5658110450168077,0.15788798878664004,0.20462506,0.05608552195968359,0.08350962,0.0,0.0,3.5722996058032655e-09,1.5683839782454356e-09,train,test_ood_short_range
1396,-0.007840158070763928,-0.003920079035381964,2.901676153263771,0.02157024719987928,0.02460683,0.00541695616314796,0.00758218,0.0,0.0,2.4743813794502984e-08,4.788117458076613e-09,train,train
1397,-0.024442029560603935,-0.012221014780301968,2.5142624984177746,0.0820516706213863,0.11913267,0.02884551123390085,0.04836658,0.0,0.0,6.418815075032095e-09,2.2078128214531034e-09,valid,test_ood_short_range
1398,-0.009445333134002207,-0.0047226665670011036,2.7740799016767292,0.027066963924097583,0.03285898,0.008942134417221092,0.01357472,0.0,0.0,1.8233179679617758e-08,2.0657535682033767e-09,train,train
1399,-0.0071046676669273895,-0.0035523338334636947,3.066633617255572,0.019536548588369784,0.02377164,0.006383754096506746,0.01176415,0.0,0.0,5.599501604688555e-09,4.486985449858594e-09,train,train
1400,-0.012751431744968143,-0.006375715872484072,2.6971291529095796,0.03847074994470604,0.05230727,0.013532703612449978,0.02788287,0.0,0.0,5.304704003559645e-09,1.9265282702463082e-09,valid,train
1401,-0.00788100152582632,-0.00394050076291316,2.7544196270532733,0.02169546865348922,0.02301512,0.004614500478500715,0.00732884,0.0,0.0,1.4716716443697173e-08,2.6675494035899305e-09,test,train
1402,-0.015886121287957664,-0.007943060643978832,2.6133771085346127,0.04948040767593136,0.06152029,0.019453646278221638,0.03381578,0.0,0.0,8.077611751572246e-09,2.053724745820773e-09,valid,test_ood_short_range
1403,-0.011059245152622212,-0.005529622576311106,2.9588607286029505,0.033144017837232205,0.04594935,0.013982872091254477,0.02483263,0.0,0.0,4.037346841785413e-09,5.08145059363585e-09,train,train
1404,-0.03840405615421144,-0.01920202807710572,2.51863000949056,0.13829716562599273,0.14999652,0.03214190846852439,0.04254192,0.0,0.0,2.1517623670274334e-09,2.802208909358228e-09,train,test_ood_short_range
1405,-0.011151166897843215,-0.005575583448921608,2.6904640460394713,0.03228463079354891,0.03928466,0.0038217115378038845,0.0049843,0.0,0.0,9.506759025222444e-09,2.05688777121793e-09,train,train
1406,-0.011655063669121335,-0.0058275318345606675,2.9333722348728406,0.034895789769707176,0.04248682,0.01188080888716617,0.0179532,0.0,0.0,2.157597219873958e-08,4.262909025776196e-09,valid,valid
1407,-0.008233777245972816,-0.004116888622986408,3.0138414108284475,0.02311145399376393,0.02504982,0.007798847672594543,0.01340476,0.0,0.0,8.53533377566115e-09,3.4871240339739984e-09,train,valid
1408,-0.011943713349178268,-0.005971856674589134,2.725231990050186,0.035832658888612125,0.04151678,0.011265957394098086,0.02149664,0.0,0.0,4.057091595546922e-09,1.4583543261892373e-09,test,train
1409,-0.003167354196197719,-0.0015836770980988595,3.1815731074365576,0.0074946096138869475,0.00763326,0.002134405211134162,0.00298379,0.0,0.0,1.1835788894246712e-08,5.647532108632447e-09,test,train
1410,-0.02849963638557078,-0.01424981819278539,2.5014564205381657,0.09795962490556284,0.1241932,0.0399542576134142,0.07916764,0.0,0.0,1.083319754893564e-08,1.4252991009655602e-09,test,test_ood_short_range
1411,-0.007658312305500149,-0.0038291561527500745,2.9625023070852605,0.021057999791807547,0.02521261,0.0058810339854371415,0.01045111,0.0,0.0,1.4690910828534615e-08,3.5873837234134953e-09,train,valid
1412,-0.005259034266696298,-0.002629517133348149,3.0272627486790222,0.013449691071205564,0.01550771,0.002479661169545146,0.00341129,0.0,0.0,1.3767155971437103e-08,5.318426254952158e-09,train,train
1413,-0.009992006341651568,-0.004996003170825784,2.769951787621197,0.02887714391335242,0.03465953,0.009162095151380497,0.01380366,0.0,0.0,1.462349076923902e-08,2.264575194033114e-09,train,train
1414,-0.01184610253120357,-0.005923051265601785,2.6972733652965077,0.03527011077358183,0.04606987,0.010581487027224324,0.01787839,0.0,0.0,1.0709377744446528e-08,4.649272855594688e-09,train,train
1415,-0.03310104695918219,-0.016550523479591094,2.4511127001468807,0.11581225769197677,0.1249879,0.03310297847547106,0.05085435,0.0,0.0,5.09560549971611e-09,2.185244873942338e-09,train,test_ood_short_range
1416,-0.01003222013689827,-0.005016110068449135,2.743293203150727,0.029189084881719052,0.03739741,0.011322586901116429,0.02004512,0.0,0.0,1.680274360358316e-08,4.523290630942256e-10,train,train
1417,-0.00397574980608138,-0.00198787490304069,2.948353831390107,0.009728752029864878,0.01170246,0.0019454610119283638,0.00330755,0.0,0.0,6.005504548774164e-09,6.904144589370276e-09,valid,train
1418,-0.012558797857201527,-0.006279398928600763,3.0432044677500927,0.038001156463699455,0.04204154,0.014055221528874952,0.01998856,0.0,0.0,2.222852906237383e-08,5.0981008303807585e-09,test,valid
1419,-0.02976176377228741,-0.014880881886143706,2.4243382981554653,0.10287483569893692,0.11853192,0.03976375591299779,0.05803121,0.0,0.0,8.24206322301312e-09,4.874876058380551e-09,valid,test_ood_short_range
1420,-0.010930588882246538,-0.005465294441123269,3.029997356207456,0.031499295352146635,0.0353196,0.007680248381821167,0.01365703,0.0,0.0,1.3962466492808628e-08,4.36953728755185e-09,valid,valid
1421,-0.006032180311642337,-0.0030160901558211684,2.931600737421713,0.015893630315440836,0.01906148,0.0037839051118476355,0.00615605,0.0,0.0,1.1708886748723283e-08,3.2662517135406688e-09,train,train
1422,-0.010462976915225729,-0.0052314884576128646,2.7813375909056046,0.0302318478831695,0.03112823,0.007072689813815532,0.01263739,0.0,0.0,7.136833216296313e-09,4.585659185707414e-09,train,train
1423,-0.016747275959996272,-0.008373637979998136,2.7940691258137798,0.052558294352698195,0.06084739,0.011797806957812119,0.01700607,0.0,0.0,1.0899599133659251e-08,4.129854680456901e-09,test,train
1424,-0.004282224063720096,-0.002141112031860048,3.0541032154510304,0.010735771409051145,0.01152697,0.000912899110636,0.00137551,0.0,0.0,4.68909612580426e-09,3.28985416686578e-09,train,train
1425,-0.005906062871866738,-0.002953031435933369,2.9261838969724097,0.015561153078784576,0.01953454,0.004982350182761813,0.00724857,0.0,0.0,2.312301095911577e-08,2.871151760786006e-09,test,train
1426,-0.009687601316125763,-0.004843800658062882,2.6778689497336234,0.02780759196475548,0.0349121,0.007202749319057504,0.01105918,0.0,0.0,2.044636824172625e-09,3.966580841563427e-09,test,valid
1427,-0.003172170199446312,-0.001586085099723156,3.2035501165781106,0.007494125753214981,0.00752357,0.0020057407349779784,0.00320859,0.0,0.0,1.7865971485871635e-08,6.236540173176763e-10,valid,train
1428,-0.005323934762184373,-0.0026619673810921863,3.2550822166285394,0.013906540303738382,0.0170067,0.005581728446405886,0.01068371,0.0,0.0,2.1550766086355724e-08,2.15098583389306e-09,train,train
1429,-0.008944135712331429,-0.004472067856165714,2.999428350126445,0.02556113416407353,0.03063478,0.00922684795894387,0.01517563,0.0,0.0,1.0154875578610869e-08,4.792225505312331e-09,valid,valid
1430,-0.0066329598809342916,-0.0033164799404671458,2.9641646209823174,0.017911268121729034,0.02082302,0.006386395578193278,0.01065822,0.0,0.0,1.5793229724829242e-08,1.2408429839183555e-09,valid,valid
1431,-0.01681371271945991,-0.008406856359729955,2.7729700619264235,0.05419979188264994,0.06604837,0.024639510663987087,0.03149671,0.0,0.0,1.9304903457958337e-08,3.938179227169769e-09,valid,train
1432,-0.010738578807731441,-0.0053692894038657206,2.9615178643796765,0.031645349091880784,0.03562361,0.00974528284026602,0.01566964,0.0,0.0,1.2944352103612456e-08,5.3543820488499705e-09,train,valid
1433,-0.00731074546924318,-0.00365537273462159,2.940817083199009,0.019854682548156408,0.02052807,0.005192008046865554,0.00675172,0.0,0.0,1.0382379315102124e-08,2.392289255581659e-09,test,train
1434,-0.027258545491535904,-0.013629272745767952,2.8121860290868423,0.09304020108756948,0.12226564,0.03557301196769985,0.04992205,0.0,0.0,1.0198034774204776e-08,1.935947624431833e-09,train,valid
1435,-0.02410653277760944,-0.01205326638880472,2.5264924311561114,0.08073802303452196,0.09193316,0.0312662549738476,0.05511319,0.0,0.0,1.5895446257407474e-08,2.2708757096978616e-10,valid,test_ood_short_range
1436,-0.0025448312483307384,-0.0012724156241653692,3.1982303572899116,0.005739725706224994,0.00665162,0.0012012589586485227,0.00195783,0.0,0.0,7.117315174450675e-09,4.696350197619381e-09,test,train
1437,-0.00827774581880748,-0.00413887290940374,2.847954072568279,0.023270757485128555,0.02940669,0.005192027715523739,0.00853402,0.0,0.0,1.7430786410137572e-08,2.1839410280222182e-09,test,train
1438,-0.004582603792626608,-0.002291301896313304,3.125056150949005,0.011620955044030015,0.01248773,0.004595202886734165,0.00713147,0.0,0.0,8.392003242661826e-09,2.315311276035459e-09,valid,train
1439,-0.009402892624359253,-0.0047014463121796265,2.8423657449036033,0.027005765221436825,0.03736112,0.010397642922818293,0.01967084,0.0,0.0,1.2192930897850897e-08,2.904137152981434e-09,train,train
1440,-0.012546660500305581,-0.0062733302501527905,3.072158789256873,0.03761337399517047,0.04099116,0.008804627147673546,0.01620698,0.0,0.0,1.4372391273130816e-08,5.493496213482274e-09,test,train
1441,-0.010080208552666926,-0.005040104276333463,2.8521607595907787,0.029240924444425487,0.03048601,0.011310200391106398,0.01963229,0.0,0.0,1.3841612611728592e-08,4.346675575028769e-09,train,train
1442,-0.005044893614731195,-0.0025224468073655974,3.2879447391142542,0.013044236811284386,0.01592081,0.004711944051296662,0.00949545,0.0,0.0,1.1303925639926022e-08,3.789015212696256e-09,train,train
1443,-0.010374240365868715,-0.005187120182934358,2.9206629849202295,0.030375333607339468,0.03639917,0.008771557403923016,0.01153593,0.0,0.0,4.792287526273597e-09,3.275439253158652e-09,train,train
1444,-0.017228901225103628,-0.008614450612551814,2.6068520420058894,0.05447962542529975,0.06653565,0.008802144003487635,0.01813125,0.0,0.0,1.9764050882987478e-08,2.363080287004493e-09,train,test_ood_short_range
1445,-0.005395160457016722,-0.002697580228508361,2.8481044031812788,0.01383932780877501,0.01674945,0.0034821508407735587,0.0064605,0.0,0.0,1.4013046658408961e-08,2.91821067310849e-09,test,train
1446,-0.016488883502145158,-0.008244441751072579,2.944966953395036,0.05357546337849383,0.07643519,0.026895493342781428,0.04165027,0.0,0.0,9.317504008680435e-09,1.7287360432050036e-09,train,train
1447,-0.011034586020713404,-0.005517293010356702,3.0311281194247046,0.032287987157086764,0.03629998,0.01158351464156137,0.01975465,0.0,0.0,1.4509860778121572e-08,3.971569961791488e-09,train,train
1448,-0.006011828327845917,-0.0030059141639229587,2.7756166010532763,0.01570692294214879,0.01946794,0.0033678122017094915,0.00519736,0.0,0.0,9.590059455516335e-09,2.3315340769158865e-09,train,valid
1449,-0.012524941955133064,-0.006262470977566532,2.792153656203743,0.03840517042417509,0.04559292,0.01590907040800834,0.02249272,0.0,0.0,8.690072339292292e-09,3.7146894449335832e-09,test,train
1450,-0.009336907074108901,-0.004668453537054451,2.9535335500523696,0.026973063558807454,0.03743472,0.012520931345097696,0.01875954,0.0,0.0,1.6363533939342462e-08,3.252597524650014e-09,valid,train
1451,-0.02715942846883252,-0.01357971423441626,2.8115392649890105,0.09120039177276872,0.10802057,0.010550184607921955,0.0191034,0.0,0.0,1.4490572735309606e-08,1.422739037693077e-09,train,train
1452,-0.009150709659366046,-0.004575354829683023,3.15284942465181,0.026215814795209017,0.03064494,0.0071208098705554555,0.01176046,0.0,0.0,1.0534176963706664e-08,3.5432969891502353e-09,test,valid
1453,-0.0359138141795324,-0.0179569070897662,2.5784514266253367,0.1279567425962114,0.17464841,0.037436704826692035,0.05658489,0.0,0.0,1.4783625609516392e-08,2.462851478313155e-09,valid,test_ood_short_range
1454,-0.020412069302205512,-0.010206034651102756,2.76296814346193,0.06606161328810804,0.08510047,0.021999808886582782,0.03616366,0.0,0.0,1.2648966267110972e-08,3.6361913480220664e-09,train,train
1455,-0.0094594409298535,-0.00472972046492675,2.888823144525229,0.026802343610836846,0.02881324,0.006442786635834166,0.0111655,0.0,0.0,8.3574353497928e-09,1.829499218786168e-09,valid,valid
1456,-0.013477447382866945,-0.006738723691433472,3.1992329405914077,0.041028521683437895,0.05230153,0.015289320090089575,0.02235655,0.0,0.0,1.7949952636663958e-09,2.5330604280782154e-09,valid,train
1457,-0.012601888451500742,-0.006300944225750371,2.8752661369097954,0.038038109198604585,0.03950788,0.012996014976759864,0.0247167,0.0,0.0,2.2477038931150117e-08,2.601514226263646e-09,train,valid
1458,-0.008576045369762997,-0.004288022684881499,2.780515875041398,0.023929557925467408,0.02720418,0.004669719692221008,0.00908702,0.0,0.0,1.5103629019854858e-08,3.163747486212287e-09,valid,unused
1459,-0.008538727955170437,-0.0042693639775852185,2.7650744281978987,0.02398463899104383,0.02802521,0.005168844801956881,0.00706563,0.0,0.0,1.2624020626124896e-08,2.1110770909160692e-09,train,valid
1460,-0.0076888511108634166,-0.0038444255554317083,3.126397911008176,0.021229898693890806,0.02183427,0.007426709008122866,0.01399828,0.0,0.0,1.7705940459797185e-08,6.043188172100145e-11,train,train
1461,-0.011520778879003673,-0.005760389439501836,3.0142388972595646,0.03483956108258924,0.04322762,0.014512545857145466,0.02269689,0.0,0.0,1.1690582292584208e-08,1.0135305927860827e-09,train,train
1462,-0.025137420210465607,-0.012568710105232804,2.634522945165201,0.082126546725653,0.09071655,0.01273997579062064,0.01971668,0.0,0.0,1.7941794878194806e-08,1.3826768618940832e-09,train,valid
1463,-0.020300147824187983,-0.010150073912093991,2.8553122676120966,0.06701801558964623,0.08516894,0.028982747531082462,0.04700363,0.0,0.0,1.9932365536564287e-08,1.986094844141917e-09,train,train
1464,-0.010264242477513612,-0.005132121238756806,2.777826239385474,0.029729183046806044,0.04065343,0.009839947093827961,0.01263177,0.0,0.0,1.5892318467233713e-08,5.03124042428027e-09,train,train
1465,-0.009421556830249457,-0.0047107784151247285,2.720992132267051,0.026856369200710408,0.03743849,0.008429195628505528,0.01250385,0.0,0.0,1.1127826765150737e-08,3.1789777477087e-09,train,train
1466,-0.006314114948232144,-0.003157057474116072,3.089442734703478,0.01709109782749682,0.02113122,0.0065419676396045665,0.0123551,0.0,0.0,1.291533740515087e-08,3.443398011171439e-09,train,train
1467,-0.014515073808532043,-0.007257536904266022,2.8629450107446903,0.044668431867594886,0.05394567,0.011148959474975682,0.01959348,0.0,0.0,6.962759723739545e-09,1.1497084395628576e-09,valid,train
1468,-0.021195905185855263,-0.010597952592927631,2.795872426958338,0.06792705889820541,0.08035762,0.015838602320521634,0.0272607,0.0,0.0,1.4135923611362372e-08,4.392918362405851e-09,train,train
1469,-0.006373445273706645,-0.0031867226368533226,3.0241081199908155,0.0168510582465929,0.02099307,0.0044091518984210555,0.00705818,0.0,0.0,1.529922947573344e-08,3.12734604879239e-09,valid,train
1470,-0.004360238275272063,-0.0021801191376360314,3.1432049185671556,0.010936593932331035,0.0114278,0.0033245547325669545,0.0057671,0.0,0.0,1.481551410541114e-08,1.1978396052825246e-09,train,valid
1471,-0.00877077052278048,-0.00438538526139024,2.9941336126407228,0.02492376887382939,0.02543105,0.0050941998368667606,0.00812127,0.0,0.0,8.726710604933012e-09,4.405809939100891e-09,train,train
1472,-0.011350984925669817,-0.005675492462834908,2.5766810343915463,0.033133310544001884,0.04042475,0.00904765127198306,0.01455031,0.0,0.0,1.9381395775204305e-08,2.7933244606259677e-09,train,test_ood_short_range
1473,-0.014438622385638622,-0.007219311192819311,2.8269074352466843,0.04531826042740976,0.05936664,0.01796430692794511,0.02768076,0.0,0.0,2.121065982307616e-08,4.163382416599859e-09,train,train
1474,-0.07682377697548232,-0.03841188848774116,2.1839583753039276,0.30626049088433965,0.38278864,0.1174183765413974,0.18098052,0.0,0.0,4.311278545475878e-09,1.212132394456944e-09,test,test_ood_short_range
1475,-0.01799470794649876,-0.00899735397324938,2.9043429329772494,0.057356982276535726,0.06055005,0.016922379667997842,0.03158799,0.0,0.0,9.06084854471244e-09,6.142249153739954e-09,test,train
1476,-0.006261088729177987,-0.0031305443645889934,2.964868960607237,0.01678026771084617,0.01921595,0.006224084231807385,0.01096467,0.0,0.0,1.2351147489358154e-08,9.193141803365279e-10,train,train
1477,-0.04649617722578046,-0.02324808861289023,2.726125095559787,0.17084245785662855,0.20566731,0.05954219260316096,0.09495996,0.0,0.0,1.0718761386464099e-08,2.5745180431968606e-09,valid,train
1478,-0.016519548407711863,-0.008259774203855931,3.07907587202469,0.05182459592829934,0.06464408,0.017594099882597008,0.0298214,0.0,0.0,9.179231986267707e-09,4.391211283483187e-09,train,train
1479,-0.027994838682848185,-0.013997419341424093,2.747346735149358,0.09475518431156402,0.12330597,0.019570157618521287,0.0279775,0.0,0.0,7.04404822936186e-09,1.0790917048808524e-09,train,valid
1480,-0.018765792364539433,-0.009382896182269717,2.829405065479387,0.05989202475910044,0.07117514,0.018378532968207774,0.03211978,0.0,0.0,1.8107971718386943e-08,4.85411488782006e-09,train,valid
1481,-0.010171893621263056,-0.005085946810631528,3.022764520151475,0.02944610826816282,0.03332839,0.007698693387400229,0.01426804,0.0,0.0,9.910742626532507e-09,2.0231476494103617e-09,valid,train
1482,-0.00507808345434395,-0.002539041727171975,3.1121680178191418,0.01320228872763229,0.01573268,0.003627747234457862,0.00528183,0.0,0.0,8.63605186774874e-09,3.4541045579317142e-09,train,train
1483,-0.00736154806449211,-0.003680774032246055,2.729509226912275,0.01988767378597524,0.02096546,0.0048887392058195,0.00739692,0.0,0.0,7.537822431603738e-09,5.340175635026867e-09,valid,train
1484,-0.01874325865274866,-0.00937162932637433,2.7579303191014075,0.0603571901421206,0.07705685,0.020857609304150447,0.03947845,0.0,0.0,2.466990910921873e-08,2.1796670024443188e-09,valid,train
1485,-0.018160309353772847,-0.009080154676886424,2.7811296494046394,0.05798129362903206,0.06424254,0.010468000979431714,0.01834497,0.0,0.0,1.565236617093396e-08,5.31525734537297e-09,train,valid
1486,-0.014591920659908544,-0.007295960329954272,2.714226802376312,0.04539318676247681,0.06205202,0.012226832035834821,0.02093718,0.0,0.0,2.173788362534295e-08,4.526168662088992e-09,train,train
1487,-0.01396487200665507,-0.006982436003327535,2.7752826003691227,0.04286103763552278,0.06117279,0.014939778674670296,0.030706,0.0,0.0,1.3211099601294624e-08,1.8428905068645918e-09,train,train
1488,-0.005093601047215886,-0.002546800523607943,3.1484977782329717,0.013132092470440497,0.01505635,0.004996125672795538,0.00758808,0.0,0.0,1.7234359778350327e-08,6.345230341153751e-09,train,train
1489,-0.009495364844873542,-0.004747682422436771,2.811482808888345,0.027264223910831085,0.03319557,0.006341935924425337,0.01023169,0.0,0.0,8.196131752487131e-09,2.8229516502165097e-09,train,train
1490,-0.014286704534157944,-0.007143352267078972,2.426087612967957,0.043183644890306176,0.05510268,0.010610294716222544,0.01996163,0.0,0.0,1.3057586780543968e-08,3.354181044024074e-09,test,test_ood_short_range
1491,-0.005906399672245025,-0.0029531998361225125,2.7781607915265867,0.015325013267676693,0.01965387,0.0028313641944888216,0.00409042,0.0,0.0,9.771814786846305e-09,5.039962003294818e-09,test,train
1492,-0.043143334977228325,-0.021571667488614162,2.750449454901906,0.16032488281568708,0.19936457,0.06772864461907434,0.08589507,0.0,0.0,1.3118979626254956e-08,3.4019477235247564e-09,train,train
1493,-0.022701240395351933,-0.011350620197675966,2.565086153824707,0.07481571970353312,0.10106268,0.02822250761288054,0.04925486,0.0,0.0,1.0837083493072298e-08,2.497333007056568e-09,train,test_ood_short_range
1494,-0.01450326967503562,-0.00725163483751781,2.774390596810381,0.04465083741860243,0.05146913,0.01689145885743147,0.03074317,0.0,0.0,1.5688008012696598e-08,2.5313517948433173e-09,test,train
1495,-0.013186324401785668,-0.006593162200892834,2.7422307197537887,0.040166726926012614,0.04614207,0.012418042321167213,0.02106762,0.0,0.0,1.4713398971047695e-08,2.043624380831943e-09,train,train
1496,-0.010825705386635229,-0.005412852693317614,2.90087458352591,0.03159074660209906,0.03450096,0.007524850576334833,0.0127589,0.0,0.0,1.2184947961072983e-08,3.1484275186954847e-09,valid,train
1497,-0.006981680766163917,-0.0034908403830819583,2.9480997822382426,0.019123681145290342,0.02106039,0.008656596308786728,0.01315698,0.0,0.0,1.199082296501549e-08,2.2483097605885405e-09,train,train
1498,-0.008704894003255338,-0.004352447001627669,2.748247348976402,0.024560902009449218,0.02947938,0.007748746498595757,0.01304258,0.0,0.0,1.5901315241706254e-08,3.112534452398563e-09,train,train
1499,-0.015943094949668495,-0.007971547474834247,2.9153223746683774,0.050501381002936614,0.06675126,0.017490839548972483,0.02658495,0.0,0.0,1.9153331296323253e-08,4.743245574090338e-09,train,unused
1500,-0.005259581171892516,-0.002629790585946258,3.0995098933792558,0.013542229840725393,0.01734675,0.003300447983749075,0.00647698,0.0,0.0,1.7859795689574906e-08,2.0847155113301596e-09,train,train
1501,-0.01597763322224975,-0.007988816611124876,2.8328638083160778,0.05191957907244915,0.06129088,0.028008439593424635,0.03593034,0.0,0.0,1.691614901752759e-08,1.204164989943024e-09,train,train
1502,-0.043916915022819865,-0.021958457511409932,2.740456261987185,0.1623545333486657,0.21143993,0.05689367345591614,0.09180424,0.0,0.0,1.637668814679396e-08,2.50180731686811e-09,train,train
1503,-0.006112426096257388,-0.003056213048128694,2.8700627388770172,0.01610992129708274,0.01912183,0.0047781318807894645,0.00753156,0.0,0.0,1.1356999495055024e-08,1.4783928525829992e-09,train,valid
1504,-0.030556232764753773,-0.015278116382376887,2.6772175889687566,0.10633645432160037,0.12587138,0.03335624058940021,0.04310207,0.0,0.0,1.0015843487063696e-08,8.390579342432147e-10,valid,train
1505,-0.017676888616727567,-0.008838444308363783,2.770477337861118,0.055825381431924254,0.06264525,0.01977786804267293,0.03085263,0.0,0.0,1.0668100443146846e-08,1.3831161771449274e-09,train,train
1506,-0.020347527790095143,-0.010173763895047571,2.3818193387673325,0.06555409838223439,0.08571981,0.011042541153260421,0.02060704,0.0,0.0,9.59708779880487e-09,4.544457143929037e-09,test,test_ood_short_range
1507,-0.006843987259402705,-0.0034219936297013526,3.0743142720391265,0.01845064876330821,0.02116333,0.0039574484718060444,0.00573894,0.0,0.0,2.246261755038554e-08,3.1477709327987213e-09,train,train
1508,-0.009014804507865633,-0.004507402253932816,3.070404772651973,0.025937381364127723,0.03053137,0.00934110789931437,0.01257272,0.0,0.0,7.446878554280232e-09,4.9321196016194335e-09,test,valid
1509,-0.01491221099856227,-0.007456105499281135,2.6821944075211195,0.04604616475856413,0.05072096,0.01020629381201456,0.0178005,0.0,0.0,6.832076911084069e-09,4.3975654229200245e-09,train,train
1510,-0.008883520526238664,-0.004441760263119332,2.845853297802884,0.025254941004929445,0.03085633,0.005691662665453449,0.00801577,0.0,0.0,1.0083462943749156e-08,5.287261739539417e-09,train,train
1511,-0.003062116177671393,-0.0015310580888356965,3.200426504956985,0.007169515482341421,0.00809211,0.0014443091451855682,0.00222037,0.0,0.0,1.521194602503443e-08,4.433146516547026e-09,test,train
1512,-0.009870328345245913,-0.004935164172622956,2.815878057105231,0.028386861684101327,0.03003194,0.007591040705639994,0.01631849,0.0,0.0,1.727876654989745e-08,1.2049817810222407e-09,train,valid
1513,-0.005414218920635672,-0.002707109460317836,3.181469718556725,0.014287897524412051,0.01797455,0.006098490275252557,0.00970967,0.0,0.0,1.3684699748232528e-08,5.321528329105263e-09,train,train
1514,-0.03114088892399209,-0.015570444461996045,2.6619090365527773,0.10944863396399762,0.16259085,0.03400697516027631,0.05522691,0.0,0.0,1.7254012185389774e-08,4.3466913401957186e-09,test,train
1515,-0.012991170610720656,-0.006495585305360328,2.5775595491429146,0.038981793508145145,0.05519571,0.010144155643123615,0.01636206,0.0,0.0,9.77600744608725e-09,3.768222400779564e-09,train,test_ood_short_range
1516,-0.007045301510893994,-0.003522650755446997,3.0691912696463026,0.01928098303130488,0.02287652,0.00759320182176904,0.01342925,0.0,0.0,1.5017416640492246e-08,2.607904558971086e-09,test,train
1517,-0.006801904271843401,-0.0034009521359217006,3.2810131169503802,0.018705023205678382,0.02138102,0.0073475699128022365,0.01088667,0.0,0.0,2.4468984404734005e-08,3.3997814563591078e-09,train,train
1518,-0.021967561419295942,-0.010983780709647971,2.6236726470016114,0.07217681035037338,0.10451646,0.020797409165261026,0.03602615,0.0,0.0,1.4460496900071589e-08,3.4757787759076564e-09,train,test_ood_short_range
1519,-0.005603238602893704,-0.002801619301446852,3.103308708461343,0.014784473197965718,0.01795214,0.005927739651379211,0.00825866,0.0,0.0,6.422365733293349e-09,3.1620353002637103e-09,test,train
1520,-0.0136374693252355,-0.00681873466261775,2.8488224374537525,0.04164420310149981,0.04683044,0.016050297327233537,0.02131137,0.0,0.0,8.871572735555547e-09,4.4400056964377654e-09,train,valid
1521,-0.014253562217123988,-0.007126781108561994,2.753125146204736,0.043884751596171,0.05939212,0.014510415447898106,0.02526235,0.0,0.0,1.5151528975537825e-08,2.2037511815398148e-09,valid,train
1522,-0.05444189410516128,-0.02722094705258064,2.5363042168757732,0.20372367624773932,0.23487103,0.07916473984687943,0.11637448,0.0,0.0,1.0605587963016806e-08,4.727826685702041e-09,test,test_ood_short_range
1523,-0.009796920234307505,-0.004898460117153752,2.914583153623069,0.028202768000943335,0.03479145,0.011497670493431122,0.017769,0.0,0.0,1.3704824982093131e-08,3.5107041718163146e-09,test,train
1524,-0.00784163726020561,-0.003920818630102805,2.9751904927146215,0.021798354516769532,0.02565857,0.006724431174420381,0.01042546,0.0,0.0,1.791270882417646e-08,3.3012055311587574e-09,train,train
1525,-0.008937469815567851,-0.0044687349077839255,2.884530539849177,0.02520052284445305,0.03097873,0.006315299109020887,0.01115468,0.0,0.0,5.227781038475827e-09,5.080272424962118e-09,train,train
1526,-0.006147284845888824,-0.003073642422944412,3.1880157220821377,0.016234032511106618,0.0183265,0.00566781858834008,0.00947787,0.0,0.0,8.968627713768652e-09,4.724115765242232e-09,test,valid
1527,-0.005621105662736364,-0.002810552831368182,2.994975687024075,0.014798606065831561,0.01601139,0.0025997434055915337,0.00446908,0.0,0.0,1.0784154352828378e-08,2.8091867720902997e-09,train,train
1528,-0.007882576517817574,-0.003941288258908787,2.864239923998656,0.021756898481676258,0.03001481,0.006486448453866467,0.01036414,0.0,0.0,5.847195640029763e-09,4.620333893257111e-09,train,train
1529,-0.021014181710425024,-0.010507090855212512,2.6689312414953323,0.06964784611774126,0.09530426,0.03090710281430791,0.04528944,0.0,0.0,1.103169407390858e-08,3.795502800940653e-09,test,train
1530,-0.023927116007438545,-0.011963558003719272,2.4590675687160557,0.07965061954437119,0.09842705,0.030134248991742215,0.04551404,0.0,0.0,1.4975960231920558e-08,3.3435347823740358e-09,train,test_ood_short_range
1531,-0.012155358600821634,-0.006077679300410817,2.893286016329215,0.03664152580831981,0.04275286,0.014789229450768106,0.02500119,0.0,0.0,1.2649150892564523e-08,3.847361318420894e-09,train,train
1532,-0.011367422366427899,-0.005683711183213949,2.939864969284182,0.03348397467051266,0.03861308,0.01215630567579161,0.01751258,0.0,0.0,9.6918554125126e-09,4.271799136645882e-09,train,train
1533,-0.00803514219828848,-0.00401757109914424,3.04449141148198,0.022530325499878306,0.02633128,0.007514862093708041,0.01297951,0.0,0.0,2.7114038841312983e-08,4.560965827238306e-09,test,train
1534,-0.013695692115176636,-0.006847846057588318,3.0235437797423703,0.04094739596523365,0.04981492,0.010884955669845422,0.01992805,0.0,0.0,1.5527625576162837e-08,3.574871842992877e-09,train,valid
1535,-0.011064484287913703,-0.005532242143956851,3.121749639650604,0.03238995693886661,0.03400301,0.005489877626433642,0.00811356,0.0,0.0,2.1983207369396232e-08,3.1268660993788444e-09,test,unused
1536,-0.005466569418755303,-0.0027332847093776516,3.0695328821936325,0.01415429201848212,0.01584451,0.0036868520465183664,0.00506927,0.0,0.0,1.2707717576048992e-08,2.934754661509942e-09,train,valid
1537,-0.01662990514623163,-0.008314952573115816,2.8131327069903675,0.052735735785984506,0.05764663,0.018969808629416024,0.02704511,0.0,0.0,3.742599368999451e-09,5.314373385800764e-10,valid,train
1538,-0.013981542819764813,-0.0069907714098824065,2.858227684344098,0.042944869587500205,0.05159591,0.008899088114913797,0.01484037,0.0,0.0,7.523956036958135e-09,1.0310878817421099e-09,test,train
1539,-0.023562420513455716,-0.011781210256727858,2.6770865451097303,0.0791595716375851,0.11744107,0.02932185114008408,0.06038886,0.0,0.0,2.305746313845896e-08,6.522943962750105e-09,train,train
1540,-0.009472583119744603,-0.004736291559872301,2.8999672079506964,0.027444605384200127,0.03775872,0.011474362526837093,0.01971722,0.0,0.0,1.0258755149154077e-08,4.0880363538775555e-09,train,train
1541,-0.00576368237516791,-0.002881841187583955,3.007429304207621,0.015231945999801426,0.01741151,0.005757543131203332,0.01049692,0.0,0.0,7.195650887203546e-09,1.296985852050625e-09,train,train
1542,-0.015982877263734107,-0.007991438631867053,2.74200224431414,0.050349405318035285,0.06687191,0.023261526229171492,0.03846971,0.0,0.0,3.926878527635981e-09,1.2633030177511273e-09,train,train
1543,-0.006384792797744209,-0.0031923963988721043,2.9140275369003206,0.017049257669507687,0.01883197,0.00595845914455239,0.00972023,0.0,0.0,1.4487212244426551e-08,4.358598815201731e-09,train,train
1544,-0.03697222794899105,-0.018486113974495524,2.253335665747507,0.13218505801269181,0.1584853,0.050863520279469124,0.07136564,0.0,0.0,1.427568792275004e-08,2.343379712499427e-09,train,test_ood_short_range
1545,-0.010647630814258617,-0.0053238154071293085,2.83227063718941,0.03106363664408918,0.03284252,0.010430449610017618,0.01551503,0.0,0.0,1.6023326758538494e-08,9.883492912976521e-10,train,train
1546,-0.0280503586705706,-0.0140251793352853,2.565754532854813,0.09567258554676708,0.11003392,0.03462136738238276,0.05906334,0.0,0.0,1.421351975522654e-08,4.404999365270612e-09,train,test_ood_short_range
1547,-0.11214008363655674,-0.05607004181827837,2.2337296561767266,0.4591523168999156,0.52108961,0.13707996116158525,0.22307974,0.0,0.0,1.275303357717238e-08,4.237397543960242e-09,valid,test_ood_short_range
1548,-0.018827903990804407,-0.009413951995402204,2.532424528973913,0.06035145043165601,0.07899663,0.021213152476780375,0.03344514,0.0,0.0,6.727693831562254e-09,3.118328928408687e-09,test,test_ood_short_range
1549,-0.014697364598231046,-0.007348682299115523,2.8523662230849927,0.045385069800341835,0.06147007,0.012929054723439116,0.01858124,0.0,0.0,1.6711104416463174e-08,3.0121189986687114e-09,valid,train
1550,-0.00812776942463934,-0.00406388471231967,2.6668349112053544,0.022404171112035517,0.02991811,0.006229648048572514,0.01290245,0.0,0.0,7.51720477614934e-09,2.588400382919076e-09,train,train
1551,-0.010052110062730638,-0.005026055031365319,2.562129623531632,0.028515479759546977,0.03909123,0.005747219812580398,0.01015841,0.0,0.0,1.5000079646021607e-08,2.730322190558354e-09,train,test_ood_short_range
1552,-0.015251648433885164,-0.007625824216942582,2.9693524396577478,0.047856928422486886,0.06205749,0.01921938379608245,0.02861629,0.0,0.0,2.14425434870291e-08,3.1898752528292107e-09,test,train
1553,-0.006331869114461702,-0.003165934557230851,2.8276856202072427,0.016723129357335206,0.01760799,0.0038912118684672,0.00549904,0.0,0.0,1.2061708326340435e-08,5.187722362798297e-09,test,train
1554,-0.006322479760490434,-0.003161239880245217,3.1241355331847367,0.01705584885771154,0.01919554,0.00369627150186058,0.00628257,0.0,0.0,1.019156226138205e-08,4.8192904111843404e-09,train,train
1555,-0.027008513696709542,-0.013504256848354771,2.522771384005278,0.09309619280231712,0.11257264,0.03065491793134124,0.05007029,0.0,0.0,9.093374316116967e-09,1.2839622698379571e-09,train,test_ood_short_range
1556,-0.0060575816290128,-0.0030287908145064,2.9927665729434056,0.01608772163140366,0.01855059,0.00613163343342131,0.00960881,0.0,0.0,2.08472173288896e-08,6.1750224933376785e-09,train,valid
1557,-0.054819892256192236,-0.027409946128096118,2.521450380268112,0.2052820797986119,0.26611539,0.07017918069845668,0.10930877,0.0,0.0,1.1904852922410023e-08,5.3734137139827e-09,train,test_ood_short_range
1558,-0.005910171065333989,-0.0029550855326669944,2.934859037412775,0.015482998829830523,0.01874206,0.0016636049717355778,0.00258612,0.0,0.0,1.340295059838064e-08,4.217258431360449e-09,train,train
1559,-0.015085514465237556,-0.007542757232618778,2.879592267879193,0.04769098316347756,0.06387788,0.01893037291727723,0.030123,0.0,0.0,1.3622177365438838e-09,2.3827591011382765e-09,train,train
1560,-0.015367141467336923,-0.007683570733668462,3.1375201300923727,0.047252808429158646,0.05776731,0.015473766983902144,0.02556585,0.0,0.0,3.0704817250686254e-09,1.4947922899466448e-09,train,train
1561,-0.05832006539313413,-0.029160032696567063,2.402916404609966,0.2283576441054982,0.30505457,0.09921933333046994,0.17601657,0.0,0.0,1.258523515452434e-08,4.749485471577941e-09,train,test_ood_short_range
1562,-0.005496496992661492,-0.002748248496330746,2.9385103454402044,0.014181701701649441,0.01864428,0.003300680956691614,0.00500691,0.0,0.0,6.509125819459186e-09,3.5718161761622014e-09,train,train
1563,-0.00957358440144186,-0.00478679220072093,2.890279486096657,0.02716014788892297,0.0347133,0.006858003601955407,0.00926734,0.0,0.0,1.2068096212057365e-08,4.373776896215986e-09,train,train
1564,-0.009454417680078417,-0.0047272088400392084,3.1490049555661015,0.027218754287362843,0.03477167,0.006450717691841221,0.00995812,0.0,0.0,1.1128479684120908e-08,3.928343872416917e-09,train,valid
1565,-0.012020654132204996,-0.006010327066102498,2.9809979997608638,0.035630081595603554,0.04392439,0.006288558796494367,0.01165854,0.0,0.0,1.3653677623982941e-08,6.926407891683084e-09,train,valid
1566,-0.011439128677047472,-0.005719564338523736,3.0285327961620374,0.03396454322826576,0.03968682,0.008330716728358372,0.01132491,0.0,0.0,1.7560504206782707e-08,4.065238812245298e-09,train,train
1567,-0.006782406774452463,-0.0033912033872262313,3.0771558406326545,0.018473883474141722,0.02047442,0.006216752885889599,0.00864855,0.0,0.0,1.8899748584359957e-08,1.765695367694775e-09,test,train
1568,-0.019975559277723962,-0.009987779638861981,2.711109595574795,0.06563293246137465,0.08094451,0.030081235444595133,0.04511322,0.0,0.0,2.1269196844776276e-08,3.3622761241858257e-09,train,train
1569,-0.006229071746192629,-0.0031145358730963143,3.0052597415902302,0.016660346275498,0.01947331,0.004304929815041511,0.007125,0.0,0.0,1.4130102236182628e-08,4.377991524862068e-09,test,train
1570,-0.006119607394027683,-0.0030598036970138414,2.7454106590003504,0.015968907519949508,0.01828469,0.0031636560919738625,0.00528625,0.0,0.0,1.0952534719116468e-08,3.866696962617766e-09,train,train
1571,-0.0029621173603082136,-0.0014810586801541068,3.113847999692104,0.0069085673253576965,0.00707101,0.0014930512636376556,0.00233816,0.0,0.0,1.1934722167814913e-08,3.228480927042199e-09,valid,valid
1572,-0.028598194170851396,-0.014299097085425698,2.4550907707188645,0.0994651696926641,0.12377627,0.03145774923439109,0.04255397,0.0,0.0,1.9453590671268388e-08,4.800885022859802e-09,train,test_ood_short_range
1573,-0.004801170346467326,-0.002400585173233663,3.1611117232913184,0.012285986997058886,0.01403255,0.003699942232853102,0.00738818,0.0,0.0,1.3119633082915618e-08,3.4566176587702557e-09,train,train
1574,-0.006390334383860875,-0.0031951671919304373,3.1192451586714887,0.01733714388590962,0.02028562,0.0071652625008776435,0.00947392,0.0,0.0,8.93354131104318e-09,3.5383083130113846e-09,train,train
1575,-0.008782731345349695,-0.004391365672674848,2.95907434363606,0.024918936904966472,0.02884531,0.008633651787538497,0.01357229,0.0,0.0,5.140349858935721e-09,2.0928172528300593e-09,train,train
1576,-0.03937756719726929,-0.019688783598634647,2.7517353803019926,0.1413788175528378,0.14678354,0.042361692735673744,0.06858849,0.0,0.0,1.1364109904594841e-08,2.243412788871524e-09,train,train
1577,-0.013518403312253544,-0.006759201656126772,3.1353758801191103,0.04093454347994776,0.04397614,0.014533612555871418,0.02315083,0.0,0.0,7.028029463298195e-09,1.3884902116956255e-09,test,unused
1578,-0.003928647277079409,-0.0019643236385397046,2.994335757275151,0.009633785576698289,0.01090769,0.001854718107202098,0.00325265,0.0,0.0,1.4664997558123151e-08,9.554992352889258e-10,valid,valid
1579,-0.005663869607677827,-0.0028319348038389133,3.171418442660598,0.015130523174380543,0.01831877,0.007017068514285958,0.01120839,0.0,0.0,1.2522558631981395e-08,3.017007532690741e-09,train,valid
1580,-0.08734007894188697,-0.043670039470943486,2.215312060421632,0.352566734387627,0.52127842,0.1044878284576194,0.16732956,0.0,0.0,6.6733709904376445e-09,3.2051573617408735e-09,test,test_ood_short_range
1581,-0.009674807438244903,-0.004837403719122451,2.941549457324071,0.027701237184219768,0.0338083,0.01073694867134358,0.01749798,0.0,0.0,1.4219082856733648e-08,5.77699177384261e-09,train,train
1582,-0.009094836662658328,-0.004547418331329164,2.942250549135611,0.02573360828427616,0.02966563,0.003034209419209008,0.0063189,0.0,0.0,9.541962376378565e-09,7.833089732400822e-11,test,train
1583,-0.0183795269430382,-0.0091897634715191,2.8354826668348982,0.05916559948926516,0.08480406,0.01944516360847216,0.03960542,0.0,0.0,1.064418379750029e-08,6.51147502583882e-09,train,valid
1584,-0.029596004001553492,-0.014798002000776746,2.6155956088851524,0.10307280451272101,0.11293106,0.03922909685198964,0.06539961,0.0,0.0,1.3558536961435449e-08,5.132051561496098e-09,train,test_ood_short_range
1585,-0.01292282541056839,-0.006461412705284195,2.691635821732494,0.03909818451084995,0.05036378,0.013885285507773447,0.02428931,0.0,0.0,3.4421047406678585e-09,5.106368439200537e-09,test,train
1586,-0.013432675610748353,-0.006716337805374176,2.6590291174464693,0.04104785563855275,0.05518602,0.015343912730108423,0.02788572,0.0,0.0,9.391035735138599e-09,1.1694780699400553e-09,train,valid
1587,-0.024271581922390244,-0.012135790961195122,2.7973195914823386,0.08067351983155914,0.10610672,0.029865297127975584,0.0421722,0.0,0.0,6.752143722125047e-09,2.2183364034589204e-09,train,train
1588,-0.009730340100757675,-0.004865170050378838,3.0755185037805775,0.027998661222781707,0.03503763,0.006947609370772798,0.00971453,0.0,0.0,1.5180749827207405e-08,4.308821077714242e-09,train,train
1589,-0.004954226169761828,-0.002477113084880914,3.1866974286581518,0.01279527222304004,0.01416361,0.004518427468026533,0.00694781,0.0,0.0,1.1745876917473866e-08,1.4987382446207675e-09,train,train
1590,-0.006873335200069478,-0.003436667600034739,2.7323338740602523,0.018386690015125072,0.0186284,0.004195666622645719,0.00713809,0.0,0.0,9.682245981798107e-09,1.4558148020427097e-09,train,train
1591,-0.003418125467422307,-0.0017090627337111536,3.250507065452708,0.008163464799168713,0.00997123,0.0022057581203031606,0.00386223,0.0,0.0,8.359164000269749e-09,1.6657077939186138e-09,train,train
1592,-0.005748106232940552,-0.002874053116470276,2.812414806736255,0.015016648195499556,0.0168913,0.003054683532231012,0.00408417,0.0,0.0,1.5092779270003766e-08,4.800142283656328e-09,test,train
1593,-0.02289707982207305,-0.011448539911036525,2.6333130950477344,0.07551423731077339,0.09477857,0.027848116322784146,0.04557257,0.0,0.0,1.5631971005358054e-08,1.2431675688873156e-09,train,train
1594,-0.0132523268344345,-0.00662616341721725,2.9088062100687644,0.040104673487818515,0.04405386,0.009864669972230867,0.01660784,0.0,0.0,9.918428137602606e-09,9.65652002804518e-10,test,train
1595,-0.032158843722017064,-0.016079421861008532,2.612526642292276,0.11396309748549148,0.11909332,0.04143433052310165,0.05668864,0.0,0.0,1.4766972404088648e-08,4.122253205451898e-09,train,test_ood_short_range
1596,-0.004173886649491271,-0.0020869433247456353,3.1071498226748937,0.010420621632823382,0.01129683,0.0035954412794653363,0.00572592,0.0,0.0,1.706561767606895e-08,3.712234963870742e-09,test,train
1597,-0.006284118923211042,-0.003142059461605521,2.8607378068348837,0.016737628678379142,0.01869213,0.005492115646802241,0.00903846,0.0,0.0,1.5248607917731165e-08,2.2531205789988462e-09,train,train
1598,-0.0122646330138025,-0.00613231650690125,2.8527811077177865,0.03713098093571818,0.04121608,0.017400507720701716,0.02698181,0.0,0.0,1.6613702336472655e-08,5.000633129803589e-09,valid,valid
1599,-0.023161592236212666,-0.011580796118106333,2.7005312316011554,0.07741795645568733,0.0919913,0.0371467724088426,0.0577714,0.0,0.0,1.5226296768628393e-08,2.876501037363255e-09,train,train
1600,-0.00620499854342366,-0.00310249927171183,2.8226344642242442,0.016446229820710683,0.02099784,0.0036894249223015777,0.00496524,0.0,0.0,1.7602769326325986e-08,1.570734764477777e-09,valid,valid
1601,-0.14870550220584827,-0.07435275110292414,2.263420933448276,0.6357416820511247,0.86318206,0.20842663317241675,0.29881329,0.0,0.0,1.6983944028740874e-08,8.156355590926978e-10,train,test_ood_short_range
1602,-0.01315165494863082,-0.00657582747431541,2.8360080286037164,0.039418893795739623,0.04856653,0.008553494522681943,0.01519704,0.0,0.0,1.1399916143687469e-08,1.8896478826135876e-09,valid,valid
1603,-0.015692237835931606,-0.007846118917965803,2.407349093485942,0.047867240097521815,0.06243849,0.009587534818024565,0.01866116,0.0,0.0,8.512811694195031e-09,1.2226757384325992e-09,test,test_ood_short_range
1604,-0.010003181582110368,-0.005001590791055184,3.0979236386284295,0.028862846168647333,0.03286387,0.009630711047533476,0.01898876,0.0,0.0,1.8328311097062234e-08,1.6155341509005439e-09,train,train
1605,-0.0061997459002159526,-0.0030998729501079763,2.9965963660794643,0.016673958357036882,0.02120731,0.006488341757801706,0.01141336,0.0,0.0,7.707028092175609e-09,4.765565941866612e-09,test,train
1606,-0.031249681195171373,-0.015624840597585687,2.462129892802131,0.11202223218702317,0.18347108,0.04942809242777785,0.08647901,0.0,0.0,1.1204762857806484e-08,4.042854162555898e-09,train,test_ood_short_range
1607,-0.02390306170805275,-0.011951530854026376,2.7353594204568172,0.07968120388027071,0.10465641,0.023977687305443297,0.03328318,0.0,0.0,1.0104825721411013e-08,2.407165577977821e-09,train,train
1608,-0.018786437944216305,-0.009393218972108153,2.9455857216961085,0.06004248721973021,0.06370988,0.02094975018055148,0.03467278,0.0,0.0,2.1290269780756484e-08,2.7134350322199907e-09,test,train
1609,-0.006632329623522325,-0.0033161648117611625,2.9832350364575957,0.01798915986040482,0.02347524,0.007297487374886875,0.01445948,0.0,0.0,2.095005013031886e-08,4.2467475092067275e-09,valid,train
1610,-0.0016368281090041435,-0.0008184140545020717,3.4074805108809985,0.003428500141213356,0.00391748,0.0006604173725506216,0.00123151,0.0,0.0,8.063828188022855e-09,2.965063639059906e-09,train,train
1611,-0.018740066698067,-0.0093700333490335,2.963307706015309,0.059970532155817435,0.07115805,0.01912645794605516,0.03286154,0.0,0.0,1.000742781815133e-08,2.0396280220325025e-09,valid,valid
1612,-0.006474239001995557,-0.0032371195009977785,2.9752561719122967,0.017454006220575836,0.02022302,0.007709667496384004,0.01103353,0.0,0.0,1.9052023862780833e-08,6.201825719642784e-09,valid,train
1613,-0.0070815585183417315,-0.0035407792591708657,2.9199297686951122,0.0194121459254157,0.02236992,0.007340090716090185,0.01110088,0.0,0.0,1.953330990257617e-08,2.252661834845071e-09,test,train
1614,-0.02236770447306952,-0.01118385223653476,2.8196202557789602,0.07367594043434508,0.08122767,0.026289318051771836,0.03728084,0.0,0.0,1.8182364495184146e-09,3.8690208814529115e-09,train,train
1615,-0.017254093505710874,-0.008627046752855437,2.522849214923666,0.054597829040778104,0.0710053,0.020657384278612093,0.03600701,0.0,0.0,1.5198490749210603e-08,1.6681153125475134e-09,valid,test_ood_short_range
1616,-0.007003397851231566,-0.003501698925615783,2.846062876389686,0.019001759060813292,0.01937066,0.0042923455511798365,0.00657091,0.0,0.0,8.223220894849498e-09,4.919768370470479e-09,train,train
1617,-0.005639017614090292,-0.002819508807045146,3.0937507391549914,0.014805828069020659,0.01744807,0.004500624378414992,0.00694684,0.0,0.0,1.7901258600745007e-08,3.839901507873833e-09,valid,train
1618,-0.007334062043481462,-0.003667031021740731,2.9533736658039156,0.020241704913580443,0.02261931,0.0055455076146477935,0.00915418,0.0,0.0,7.980783134486949e-09,3.321050545679327e-09,train,train
1619,-0.0024801604248476006,-0.0012400802124238003,3.2767443405236776,0.0056236519234716745,0.00674971,0.001565659966382654,0.00283138,0.0,0.0,1.6749027425040973e-08,2.556261646802227e-09,train,train
1620,-0.03409841539678717,-0.017049207698393586,2.6226654679797954,0.12002028443023857,0.14979857,0.03726125629085906,0.05843265,0.0,0.0,8.530883487856322e-09,2.308847779630696e-09,train,test_ood_short_range
1621,-0.0426696890255911,-0.02133484451279555,2.4792840106126555,0.15876289251773887,0.19764385,0.06233183237806707,0.10499445,0.0,0.0,1.1134540932250542e-08,2.935673149018214e-09,train,test_ood_short_range
1622,-0.020210476668134227,-0.010105238334067113,2.7585259534161026,0.0664863138509448,0.0803061,0.021067785866207757,0.02866321,0.0,0.0,4.8585561913618545e-09,1.4270207238098465e-09,valid,valid
1623,-0.013997818970493367,-0.006998909485246683,2.8512594898132657,0.04290827406280246,0.04905332,0.015180647171018984,0.02301838,0.0,0.0,1.4225528313647438e-08,1.6128780533364306e-09,train,train
1624,-0.008722440129630717,-0.004361220064815359,2.961980276933944,0.024766728188214526,0.02942053,0.008473130522473182,0.0133601,0.0,0.0,1.1768149068451476e-08,3.857643426918855e-09,train,train
1625,-0.018697133720106316,-0.009348566860053158,2.9346346018144516,0.058839525780725835,0.06459186,0.012105585069360892,0.01681163,0.0,0.0,1.5684708304369402e-08,6.722402634551372e-10,train,valid
1626,-0.03393864646510567,-0.016969323232552836,2.4998501283290984,0.12008718058739604,0.15116192,0.030487874593022497,0.05654997,0.0,0.0,1.1068594051142957e-08,1.1519607490129147e-10,test,test_ood_short_range
1627,-0.014332960318819027,-0.007166480159409514,2.733458742771367,0.04411126260271708,0.05149996,0.008876370710769126,0.01286115,0.0,0.0,1.4747762972107785e-08,6.622543846646067e-09,test,train
1628,-0.009880421786355315,-0.004940210893177657,2.9944432159149126,0.028748652281410807,0.03558904,0.010002447164221865,0.01209212,0.0,0.0,2.020025370365054e-08,2.4373876250649573e-09,train,train
1629,-0.003752798148938181,-0.0018763990744690906,3.124182331623434,0.009137512832519946,0.01024763,0.0023799044371921045,0.00329967,0.0,0.0,1.474650140655516e-08,2.056292913721336e-09,train,train
1630,-0.009967887016026803,-0.0049839435080134015,3.021196503495089,0.029098944887317367,0.03244727,0.01042703445972935,0.0142072,0.0,0.0,1.2690630804211295e-08,3.897688838350177e-09,train,train
1631,-0.006367404062423956,-0.003183702031211978,3.134914151316736,0.016882824574284562,0.01972751,0.004847746645722801,0.00814194,0.0,0.0,2.6536306768690114e-08,4.008602116911675e-09,valid,train
1632,-0.018477229728138294,-0.009238614864069147,2.847659213043435,0.05791596946169194,0.07497696,0.01305884748864922,0.02775851,0.0,0.0,1.9929289881271894e-08,1.0264226135703325e-09,train,valid
1633,-0.015896586496338915,-0.007948293248169458,2.7685972733930044,0.049895949878908344,0.05629584,0.019229896552920317,0.03137413,0.0,0.0,1.9669614083954216e-08,1.5177923362585943e-09,valid,train
1634,-0.025430330282537942,-0.012715165141268971,2.542564089151309,0.08560991032245838,0.10200993,0.015180119265400497,0.02488167,0.0,0.0,1.299316622682566e-08,3.0869810041522783e-09,test,test_ood_short_range
1635,-0.017349682181828627,-0.008674841090914313,2.7694222329130977,0.05506320718037439,0.06595797,0.01215834437247317,0.02104043,0.0,0.0,1.0032150805239595e-08,4.058467895085016e-09,train,valid
1636,-0.006597029554853623,-0.0032985147774268115,2.8709823182254834,0.017666949520530325,0.01778876,0.003233939787011605,0.00636442,0.0,0.0,1.3264405910560335e-08,3.833679595999229e-09,train,train
1637,-0.003086774879510965,-0.0015433874397554825,3.220914605828636,0.007348207532521111,0.00743365,0.0025809713745991066,0.00344872,0.0,0.0,7.424549609175862e-09,1.9209553947519e-09,train,valid
1638,-0.010119534580402169,-0.005059767290201084,2.6864935411430677,0.02936782052900419,0.04177925,0.010193093528366809,0.01922888,0.0,0.0,1.7176430512571217e-08,3.6884828524819113e-09,test,train
1639,-0.003032375068942217,-0.0015161875344711084,3.1479477816592696,0.007134160214804544,0.00823109,0.0022253513433950155,0.00392938,0.0,0.0,2.3885436851161672e-08,4.866051339647015e-09,train,train
1640,-0.017968197334391083,-0.008984098667195541,2.6345338739656823,0.05746084515874614,0.07424565,0.019003035100988476,0.02306071,0.0,0.0,1.086818973490677e-08,3.4883432808996417e-09,train,train
1641,-0.0065067361261688375,-0.0032533680630844187,3.1171186238018636,0.017570259239345333,0.01936447,0.00791886214523063,0.01258877,0.0,0.0,1.2220965866829485e-08,2.088738182415284e-09,train,train
1642,-0.006734523972387815,-0.0033672619861939077,2.894901095684203,0.01802792305853247,0.01931815,0.005019209241910854,0.00711838,0.0,0.0,2.3505090921711448e-08,4.132832964742761e-09,train,train
1643,-0.01425318091347391,-0.007126590456736955,2.844121464804243,0.04385985546358651,0.05611048,0.015717833163848744,0.02992466,0.0,0.0,1.1428866375139063e-08,4.5215355903849286e-09,train,train
1644,-0.013541319312422214,-0.006770659656211107,3.0103501501348418,0.04189172187067751,0.05947741,0.018022674306255624,0.03052257,0.0,0.0,1.676922935172617e-08,3.5901386308268e-09,train,train
1645,-0.0400985457821539,-0.02004927289107695,2.4530848724774996,0.14399389093272,0.16957711,0.025613115053781207,0.05354523,0.0,0.0,1.0013895178273007e-08,3.0797805417037694e-09,valid,test_ood_short_range
1646,-0.003156279951403991,-0.0015781399757019954,3.2201057867503744,0.007417279393787186,0.00921716,0.0018633277565330978,0.00259655,0.0,0.0,1.4239550615626561e-08,2.1320845089434215e-09,test,valid
1647,-0.009632819338643787,-0.004816409669321894,2.9514745616115765,0.027851293882174187,0.03274098,0.009374190634074318,0.01887062,0.0,0.0,9.449598184019676e-09,3.6857159546599405e-09,train,train
1648,-0.006360391671783473,-0.0031801958358917367,3.0668658169476704,0.01691220546500367,0.01870471,0.003338677976572464,0.00487763,0.0,0.0,4.319956742291184e-09,3.9114902428138976e-09,train,valid
1649,-0.008192049533448797,-0.004096024766724399,3.074799619245723,0.023343846072696902,0.03178042,0.010068856476399558,0.01861728,0.0,0.0,9.353727316920413e-09,1.4791281532922085e-09,train,train
1650,-0.03697493699281072,-0.01848746849640536,2.66183730663088,0.1325068401540943,0.15644264,0.03438129152942459,0.05629189,0.0,0.0,3.3885289642833385e-09,3.103774903756573e-09,train,train
1651,-0.003897144369263057,-0.0019485721846315286,3.126788460770764,0.00950820387369595,0.01125057,0.0025186860183172228,0.00356311,0.0,0.0,1.5842115935616583e-08,2.532839493696315e-09,train,train
1652,-0.01813345322364664,-0.00906672661182332,2.7668571249921317,0.057998576030933155,0.07232855,0.011706438182063178,0.01734738,0.0,0.0,1.26843842736496e-08,5.907035749430634e-09,train,train
1653,-0.014490203244231307,-0.007245101622115654,2.857910981161278,0.04464386000985466,0.04918705,0.017177987192504057,0.02582235,0.0,0.0,8.76255425553337e-09,2.598242065943168e-09,train,valid
1654,-0.006537418031341063,-0.0032687090156705316,3.1199885244291754,0.01770774446127739,0.01971796,0.0053023693381654075,0.00684744,0.0,0.0,7.813176595346001e-09,2.912339813754272e-09,valid,train
1655,-0.006221045349000763,-0.0031105226745003814,2.926517189706665,0.016637703429842714,0.0228803,0.005872261712179842,0.01159017,0.0,0.0,1.2407025188290962e-09,5.505943478922859e-09,train,train
1656,-0.009141820322986568,-0.004570910161493284,2.965159685981861,0.026055642684399475,0.03284975,0.0107585692734141,0.01475482,0.0,0.0,1.3081005159088442e-08,5.038235384446921e-09,train,train
1657,-0.005326685917563888,-0.002663342958781944,2.799624591642134,0.013540985588857014,0.0156016,0.002019530341304631,0.00332007,0.0,0.0,1.6129269300181702e-08,3.270855031267672e-09,train,train
1658,-0.018074997595113322,-0.009037498797556661,2.667184136892445,0.056894906613803024,0.08206831,0.015852674635496056,0.02429362,0.0,0.0,1.1721484474020117e-08,3.1072359130135396e-09,train,train
1659,-0.002467493679739643,-0.0012337468398698215,3.2473815741178576,0.005603692982480393,0.00681272,0.0012565387680250856,0.00216624,0.0,0.0,1.3045970325039803e-08,3.649438085062684e-09,train,train
1660,-0.04478459037979752,-0.02239229518989876,2.449217073186404,0.16392278403185861,0.21330721,0.06835359639392356,0.1062406,0.0,0.0,5.907404561788319e-09,4.291997202088282e-09,train,test_ood_short_range
1661,-0.015074966214039372,-0.007537483107019686,2.760828997860602,0.04624441935699197,0.05111952,0.014273522838969481,0.02693161,0.0,0.0,8.310270665806747e-09,1.9396655392966977e-09,test,train
1662,-0.009614104138889808,-0.004807052069444904,2.794239955291834,0.027655600658224727,0.03571394,0.008508103059650449,0.01315208,0.0,0.0,1.0147976759784017e-08,3.1618623275164737e-09,train,train
1663,-0.009697086805402214,-0.004848543402701107,3.2943031658622597,0.027725630878793366,0.03122122,0.007669268614330183,0.01039188,0.0,0.0,1.6882750253980238e-08,4.7492726418241205e-09,train,train
1664,-0.006693245340035285,-0.0033466226700176425,3.043551235678659,0.018073291126150765,0.01847294,0.003916870125384978,0.00788666,0.0,0.0,1.4166662325854288e-08,5.259253366141081e-09,valid,train
1665,-0.011520162850659658,-0.005760081425329829,2.7814879279433375,0.03416447787273647,0.0412811,0.01200887810738719,0.01898864,0.0,0.0,1.9364977059208636e-08,1.740779187464625e-09,train,train
1666,-0.008131230904633852,-0.004065615452316926,3.0162583202868816,0.022715800388642852,0.02592716,0.0063099544259513736,0.00804866,0.0,0.0,2.2355184910444123e-08,2.2121813270103985e-09,train,train
1667,-0.013305386040809341,-0.0066526930204046705,2.6482477256960615,0.04033381544642535,0.04898736,0.01498186838348386,0.03157942,0.0,0.0,1.7651557224663405e-08,4.204879999747391e-09,train,valid
1668,-0.00891313358540186,-0.00445656679270093,2.8594964041738504,0.025146072079149855,0.02911527,0.005937800058447572,0.0086221,0.0,0.0,1.1652730438733287e-08,4.0158106839882635e-09,train,train
1669,-0.008498961466039918,-0.004249480733019959,2.9897223328290656,0.023990118329952716,0.0287428,0.005921159408758839,0.00971239,0.0,0.0,6.6909347920796175e-09,3.6204631514991092e-09,test,train
1670,-0.004158824894117507,-0.0020794124470587534,3.3482406367219553,0.010488570866247698,0.01268927,0.003320670316858732,0.00429422,0.0,0.0,1.4801569743686083e-08,1.399600102480747e-09,train,train
1671,-0.024407205640235477,-0.012203602820117739,2.553849935138723,0.08421378471329005,0.11978809,0.03771524349393779,0.06228476,0.0,0.0,9.808853107982438e-09,2.5159294647636443e-09,train,test_ood_short_range
1672,-0.013773700731085832,-0.006886850365542916,2.8909380793437816,0.0423745188358338,0.05743758,0.014655817467980647,0.02581701,0.0,0.0,1.3917812276401243e-08,2.48420661819182e-09,train,train
1673,-0.004307428388763311,-0.0021537141943816555,2.9748601666821965,0.010695525178074863,0.0115219,0.002953640362837584,0.00394741,0.0,0.0,1.1030619545420991e-08,8.877221180370043e-10,train,train
1674,-0.009240228529935224,-0.004620114264967612,2.893588300657213,0.026541725107666482,0.0308881,0.007248519033416412,0.01235934,0.0,0.0,8.87280805964765e-09,4.626371508109628e-09,valid,train
1675,-0.019083872127245993,-0.009541936063622997,2.6389572075411936,0.06138873017800146,0.07998318,0.024694353818504072,0.03513061,0.0,0.0,5.766317184601037e-09,4.116967877720867e-09,valid,train
1676,-0.012362818760014053,-0.006181409380007026,2.7732334942177355,0.03636749931676313,0.04475373,0.0070533401919622455,0.01079015,0.0,0.0,1.110814795681543e-08,1.7049741618535563e-09,train,train
1677,-0.01990662721376166,-0.00995331360688083,2.8504456764508945,0.065384492239566,0.09077634,0.024822634901256625,0.04781524,0.0,0.0,2.46655937641622e-08,6.124105667026924e-10,train,valid
1678,-0.01738797527230197,-0.008693987636150985,2.6777893351660715,0.05488387347783349,0.07794648,0.01855164697492696,0.03709279,0.0,0.0,5.598619534950683e-09,1.8299044501901562e-09,train,valid
1679,-0.007895716995806226,-0.003947858497903113,3.0654853535323685,0.021955294701370632,0.02548932,0.007671488390552601,0.01252417,0.0,0.0,1.407690069008519e-08,1.5499568295496147e-09,train,train
1680,-0.006426776199048425,-0.0032133880995242124,2.87830959883071,0.017234497723927628,0.02115847,0.005745343387167269,0.0118647,0.0,0.0,2.038268574577562e-08,2.5575017659207333e-09,train,train
1681,-0.01876631869716705,-0.009383159348583525,2.7639761967992884,0.06146506167185442,0.07673944,0.02744392278481674,0.03981316,0.0,0.0,7.4353038012471395e-09,2.2196475768510027e-09,train,train
1682,-0.008561138583723248,-0.004280569291861624,2.976358503737177,0.02424640459310548,0.02911012,0.008794814686330804,0.01306491,0.0,0.0,1.6834189249790912e-09,3.746190024855878e-09,train,train
1683,-0.021104154713696546,-0.010552077356848273,2.655586211778679,0.06888974210251068,0.08239797,0.0243992733500211,0.04228221,0.0,0.0,2.1511158326341e-08,1.2555181339024557e-09,valid,train
1684,-0.009519008330541567,-0.0047595041652707835,2.7267498994221486,0.02709086751512214,0.03159952,0.004910098049243348,0.00940989,0.0,0.0,8.831156853975052e-09,4.195289338149166e-09,train,train
1685,-0.0034765128127023726,-0.0017382564063511863,3.1243424353599067,0.008291965650053471,0.00990951,0.0015969998667814597,0.00305021,0.0,0.0,4.287572034605032e-09,2.688036904174851e-09,train,train
1686,-0.004706282928904396,-0.002353141464452198,2.887603458874949,0.011802524508314595,0.01486084,0.0027992567067229353,0.00423767,0.0,0.0,7.953866667637062e-09,1.6014862769253568e-09,train,train
1687,-0.017896461070354804,-0.008948230535177402,2.596385910258445,0.05693508767048372,0.05821452,0.016609749965533296,0.02607358,0.0,0.0,1.37036284901401e-08,2.2556847500965205e-09,valid,test_ood_short_range
1688,-0.010827393477899416,-0.005413696738949708,2.8163796078626966,0.03159184717399359,0.03562557,0.011737180248923363,0.01787648,0.0,0.0,1.2934952318052234e-08,8.91730245200506e-10,test,train
1689,-0.009505635468740602,-0.004752817734370301,2.741340287831582,0.027041925348023327,0.03134968,0.006368669647583395,0.00886576,0.0,0.0,9.154551898324724e-09,2.75357769918827e-09,train,train
1690,-0.03391338169357952,-0.01695669084678976,2.5290221417374026,0.11951343937871255,0.14714584,0.02849322180751444,0.04558698,0.0,0.0,1.4244396496777088e-08,2.313622404770399e-09,train,test_ood_short_range
1691,-0.01277270224735686,-0.00638635112367843,2.7810494938559107,0.0388513926034872,0.0538393,0.01290884299528686,0.02088618,0.0,0.0,1.3314321786755733e-08,1.7592162171453651e-09,train,valid
1692,-0.01422048932941535,-0.007110244664707675,2.6401293286779026,0.04362882961265559,0.04573616,0.01671406139320921,0.03125698,0.0,0.0,1.3223043786478392e-08,2.4341917370662713e-09,train,train
1693,-0.010845213892379154,-0.005422606946189577,2.891526433414124,0.03140442689327998,0.03942656,0.009815459457042753,0.01258308,0.0,0.0,6.310378828058482e-09,1.1284215784002072e-09,train,train
1694,-0.015973504591474102,-0.007986752295737051,2.6664613271546305,0.049683069497750434,0.0535194,0.012564038526638241,0.0219355,0.0,0.0,1.9028701222480068e-08,4.939627595845764e-09,train,valid
1695,-0.013801668825361412,-0.006900834412680706,2.8415861836649725,0.04229153791805519,0.04648281,0.014934056922055709,0.01895586,0.0,0.0,1.764605245924738e-08,5.80844028430505e-09,train,train
1696,-0.017832325448352775,-0.008916162724176387,2.502470599217303,0.056576280019041254,0.07445342,0.012032981136919065,0.02217574,0.0,0.0,1.2804251533926969e-08,4.564696398645651e-09,valid,test_ood_short_range
1697,-0.010683816997775038,-0.005341908498887519,2.797802705743255,0.03138139382773015,0.04109283,0.01432442826870064,0.02212039,0.0,0.0,1.400794060494749e-08,4.635295813848472e-09,train,valid
1698,-0.005818807627339712,-0.002909403813669856,3.1508765181937526,0.015477879355162536,0.01593455,0.005679247804055276,0.0077485,0.0,0.0,1.2429775172750946e-08,3.3937173071763027e-09,train,train
1699,-0.005441370402812115,-0.0027206852014060577,3.2586727894821146,0.014295753324678858,0.01474497,0.006207209040172563,0.00907854,0.0,0.0,2.0446291912928977e-08,3.744486942736103e-09,valid,train
1700,-0.011715977679177834,-0.005857988839588917,2.7508151377562355,0.03483007360602042,0.04001062,0.00789129006045695,0.01165455,0.0,0.0,1.2780139432693213e-08,2.851107683277121e-09,train,train
1701,-0.029456315509549105,-0.014728157754774552,2.9102964841360173,0.09995152037489742,0.12448626,0.028281895146297805,0.0362588,0.0,0.0,1.3019531834969214e-08,2.842084123599875e-09,train,unused
1702,-0.012224374972806876,-0.006112187486403438,2.9175568657407025,0.03577494424142405,0.04073519,0.007714697031463172,0.01164606,0.0,0.0,1.3799460654165844e-08,2.6581338241626895e-09,train,train
1703,-0.005444285262605477,-0.0027221426313027387,2.8611453774718694,0.014057549783003912,0.01636502,0.004350057516684884,0.00740115,0.0,0.0,2.3651550465504427e-08,4.219184779330476e-09,train,train
1704,-0.006040019047915591,-0.0030200095239577957,3.0500766693890498,0.016006908082743528,0.01803808,0.00452426008599933,0.00619329,0.0,0.0,8.945875493592933e-09,2.4088946393163724e-09,train,train
1705,-0.012619603580605307,-0.0063098017903026535,3.010387481349519,0.038142806067386195,0.04886077,0.013409485333846088,0.02589866,0.0,0.0,3.9829187813585375e-09,5.3352575690723825e-09,valid,train
1706,-0.013389407947351308,-0.006694703973675654,2.6178516418646294,0.040563174058117046,0.05588345,0.01697965851180563,0.03283922,0.0,0.0,1.5701665437482865e-08,2.1406825201353286e-09,valid,test_ood_short_range
1707,-0.012707183789224774,-0.006353591894612387,2.575019376012306,0.038135673195655015,0.0451481,0.011294384060412502,0.01973708,0.0,0.0,9.569804158205465e-09,3.515818081112343e-09,train,test_ood_short_range
1708,-0.010649160896183585,-0.005324580448091793,2.785209977946764,0.031214399607663982,0.03537378,0.008725418585855925,0.01553778,0.0,0.0,3.061611705238028e-09,3.2479973155474795e-09,train,unused
1709,-0.011693600647950272,-0.005846800323975136,2.7999626989322124,0.034907131352785684,0.03611007,0.011666655123233338,0.02223502,0.0,0.0,1.8820944442939626e-08,3.4686210570455955e-09,train,train
1710,-0.035051098587635485,-0.017525549293817742,2.5235756318624865,0.12527023068802406,0.15132959,0.04776322810611736,0.0711902,0.0,0.0,2.2335215011835363e-08,5.2225921365334216e-09,train,test_ood_short_range
1711,-0.0025029619399177428,-0.0012514809699588714,3.296936081595293,0.005717146927809943,0.00587535,0.0008446970513049832,0.00152807,0.0,0.0,2.6979486628048575e-08,3.5016339827720344e-09,train,train
1712,-0.004262786185199831,-0.0021313930925999157,2.9177853504303233,0.010569502869698587,0.01169892,0.0023888304125729252,0.00365192,0.0,0.0,8.915343824880846e-09,3.486761213089551e-09,train,valid
1713,-0.003362528387172408,-0.001681264193586204,3.07017108972972,0.008048332750271947,0.0091945,0.0023545368121069307,0.00376313,0.0,0.0,1.6215041477202686e-08,1.6034643612883315e-09,train,train
1714,-0.027779354533264095,-0.013889677266632048,2.6436584365205293,0.09551802631193165,0.13666554,0.03650266261267115,0.05310261,0.0,0.0,8.25384723448908e-09,2.7130468982505818e-09,valid,train
1715,-0.010034541743116502,-0.005017270871558251,2.9087507574284945,0.028564686460230342,0.0343442,0.007073508275214876,0.01165293,0.0,0.0,1.2752177186122044e-08,3.779357382605042e-09,train,train
1716,-0.012898437458180242,-0.006449218729090121,2.827831131743204,0.038938199037661804,0.05277851,0.014743958752521318,0.02629307,0.0,0.0,8.977594074545063e-09,4.788532681487823e-09,train,train
1717,-0.015311705436548417,-0.007655852718274209,2.877744667414198,0.04743257367271884,0.05981806,0.016235761205041072,0.03373658,0.0,0.0,1.1816685889704106e-08,5.72125102848986e-09,train,train
1718,-0.007862362566155304,-0.003931181283077652,2.919356399921159,0.021890411781662917,0.02565841,0.005553697202664486,0.00827669,0.0,0.0,1.8095827670515437e-08,4.2539285427523055e-09,train,train
1719,-0.002572107776844701,-0.0012860538884223506,3.2554032801537875,0.00591279350957171,0.00672264,0.0019764708708621707,0.00300322,0.0,0.0,1.3192817061428858e-08,1.892097811762028e-09,train,train
1720,-0.004679705285896198,-0.002339852642948099,3.1404492308331706,0.011878433720095423,0.01356382,0.003983816373615045,0.00560286,0.0,0.0,6.522472707991906e-09,5.097344546456384e-09,valid,valid
1721,-0.005521916054252368,-0.002760958027126184,3.019643472402902,0.01444961089336549,0.01578801,0.00520400421723183,0.00905764,0.0,0.0,1.0338107914250553e-08,2.8950358776924645e-09,train,train
1722,-0.007236290354107811,-0.0036181451770539055,2.9218288951269815,0.019804083069533077,0.02344916,0.005088232728058273,0.00851605,0.0,0.0,1.7488681795171727e-08,5.679679171421981e-09,train,train
1723,-0.05900116105447306,-0.02950058052723653,2.553532852453764,0.2259111502737226,0.29585389,0.061687050113922476,0.09621423,0.0,0.0,8.663893386432168e-09,1.6382500911404918e-09,train,test_ood_short_range
1724,-0.0054047777828335,-0.00270238889141675,3.026445633929513,0.014169218822870935,0.0163315,0.0038804747534805584,0.0054159,0.0,0.0,9.861947117615884e-09,3.4132776605133586e-09,train,train
1725,-0.02718108242904015,-0.013590541214520075,2.4595985129080207,0.09241865789275255,0.12967522,0.04124597428758594,0.06204879,0.0,0.0,5.280910231057027e-09,3.32598026897557e-09,train,test_ood_short_range
1726,-0.0031924568007233966,-0.0015962284003616983,3.089553205686821,0.007571686683401526,0.0080878,0.0016053512311744534,0.00222429,0.0,0.0,1.4912952995161782e-08,3.584712970905457e-09,train,train
1727,-0.013050935358584183,-0.006525467679292091,2.9250580880736057,0.03998638155589684,0.05157618,0.016789950719333573,0.02728228,0.0,0.0,2.0557957144422377e-08,3.3953033717892822e-09,valid,train
1728,-0.03203132251979899,-0.016015661259899495,2.516427863917699,0.11355159944719904,0.16708749,0.04389346341438894,0.08841424,0.0,0.0,1.0640769945666442e-08,1.5097709749056776e-09,train,test_ood_short_range
1729,-0.007289658364086253,-0.0036448291820431267,2.9498650114512652,0.020246568107555905,0.02243804,0.008450975574587035,0.01332388,0.0,0.0,6.988644437590643e-09,2.618184780089905e-09,valid,valid
1730,-0.005476018175599583,-0.0027380090877997913,3.0073682747535173,0.014201412472362271,0.0167769,0.004253336097727681,0.00695038,0.0,0.0,1.765747754296926e-08,2.860521597369825e-09,train,train
1731,-0.017064085976133573,-0.008532042988066786,2.891904279509852,0.05356285068003911,0.06372354,0.017647487958988194,0.03213776,0.0,0.0,1.6424545350634315e-08,4.822871879639479e-09,train,valid
1732,-0.006602475661053282,-0.003301237830526641,3.0214007015584428,0.017720127581314606,0.02127657,0.00550841329029664,0.00999813,0.0,0.0,1.5158460785978247e-08,4.896675287469066e-10,train,train
1733,-0.019973802968458396,-0.009986901484229198,2.9406201401689316,0.0655805653010631,0.08380959,0.02566978491592888,0.0420679,0.0,0.0,1.7763646732238042e-08,3.980321849894608e-09,train,train
1734,-0.02251435637789831,-0.011257178188949155,2.758072574897138,0.07467776615449986,0.10350368,0.024331531867794513,0.03534027,0.0,0.0,1.1156636651872678e-08,3.13754200398364e-09,train,train
1735,-0.029556381944930973,-0.014778190972465487,2.568589298399771,0.10240165603502203,0.14060787,0.039732995141915736,0.0759174,0.0,0.0,1.725741359156815e-08,3.6106635459276504e-09,train,test_ood_short_range
1736,-0.028049690583435857,-0.014024845291717929,2.7928700540014773,0.09733245188744707,0.11829719,0.037376116656393246,0.05713341,0.0,0.0,2.269257612327061e-08,4.144725451737941e-09,train,train
1737,-0.007931203586550016,-0.003965601793275008,2.6743357749140904,0.021836864773171996,0.02736818,0.005513632246745334,0.00729094,0.0,0.0,3.2907284003969902e-09,1.647743941290969e-09,valid,train
1738,-0.03993544978805399,-0.019967724894026994,2.7111987672625917,0.14631191100226315,0.1863871,0.05855077470975185,0.08893594,0.0,0.0,3.2421177515164513e-09,1.90082860562768e-09,test,train
1739,-0.011981185792377065,-0.0059905928961885326,2.9979394662506587,0.03553543139429809,0.04092149,0.011503607328273886,0.0186223,0.0,0.0,2.1694207193588853e-08,2.234944451728893e-09,train,unused
1740,-0.0055336289800184775,-0.0027668144900092387,3.0575929016062595,0.014457101649386713,0.01859762,0.004424088313089678,0.00849822,0.0,0.0,1.7904849785027438e-08,1.8509911381414668e-09,train,train
1741,-0.007999635948236675,-0.003999817974118337,3.012169149962271,0.02229043233743497,0.02928435,0.008857022779871725,0.01501412,0.0,0.0,7.426702406446018e-09,2.4198775205874767e-09,train,train
1742,-0.015348551872624825,-0.0076742759363124125,2.818969202042341,0.04747798140899245,0.04855977,0.014901191081961088,0.02267882,0.0,0.0,1.703201583451995e-08,6.436693400502236e-09,train,train
1743,-0.018873176993930582,-0.009436588496965291,2.9684868408053093,0.05942069156956355,0.07310406,0.013277528083834606,0.01814936,0.0,0.0,1.7469575972835714e-08,1.0259109117782828e-09,train,unused
1744,-0.010007309171998458,-0.005003654585999229,2.931295010570699,0.02959150679337626,0.0383352,0.013354077491872412,0.01838879,0.0,0.0,4.980960501974346e-09,4.684995724701935e-09,valid,train
1745,-0.00906514110303105,-0.004532570551515525,2.758081449106589,0.025781411661193677,0.03154082,0.00921051898447639,0.01592785,0.0,0.0,1.4494410365989222e-08,3.2274991568215228e-09,test,train
1746,-0.006349903382842431,-0.0031749516914212155,2.8674736274211154,0.016932968690580124,0.01962598,0.002458964356004373,0.00390235,0.0,0.0,1.4602070424901424e-08,1.8193884177009068e-09,train,train
1747,-0.014901047447198931,-0.007450523723599466,2.973345433955592,0.04602642883060449,0.05655704,0.015493600712844858,0.02997109,0.0,0.0,2.284857173570893e-08,1.4543297677249711e-09,train,train
1748,-0.01009770967233305,-0.005048854836166525,2.667989874935374,0.029134365884112987,0.02963359,0.00848961483304553,0.01248168,0.0,0.0,1.0308565468594982e-08,3.4665441628334293e-09,train,train
1749,-0.01664799922243028,-0.00832399961121514,3.0405656394307505,0.05203783591712732,0.06484264,0.01721788720153647,0.02605037,0.0,0.0,1.1054822517922013e-08,2.5821496052458315e-09,test,train
1750,-0.011355348783222733,-0.005677674391611366,2.8226685901515345,0.03359629774933492,0.03554507,0.008501321746174727,0.01267504,0.0,0.0,1.1860892052262667e-08,6.21272211454027e-09,train,train
1751,-0.010589887524919331,-0.005294943762459666,2.6576922213995653,0.030831516170683203,0.03828196,0.006298862827885417,0.00905285,0.0,0.0,5.4483523081211724e-09,1.6985179929207561e-09,train,train
1752,-0.013852482704310557,-0.0069262413521552785,2.9183324404334856,0.04301578723107677,0.05636763,0.019186817473088563,0.03374714,0.0,0.0,1.210005009496031e-08,4.415903642751573e-09,train,train
1753,-0.005954356291662634,-0.002977178145831317,3.2379025772921737,0.015910135806569973,0.0175338,0.004514302769789963,0.00837197,0.0,0.0,1.6270138920987272e-08,3.792567815352754e-09,valid,train
1754,-0.004539284557258184,-0.002269642278629092,3.0507215594506163,0.011420470758948599,0.01187604,0.002832757920631412,0.00362038,0.0,0.0,7.750528959455112e-09,5.028559901809615e-09,train,train
1755,-0.02008082908070823,-0.010040414540354115,2.6945718674728387,0.06497470341367631,0.07120288,0.015322067783398776,0.02477807,0.0,0.0,1.3094623101323408e-08,2.5285277205355783e-09,train,train
1756,-0.02188453784714688,-0.01094226892357344,2.545337556358035,0.07189028832542774,0.09985328,0.019424026345038935,0.03442714,0.0,0.0,1.3627250334587393e-08,1.8184180827773844e-09,train,test_ood_short_range
1757,-0.01451192994677303,-0.007255964973386515,2.7748545301680037,0.04500201129574136,0.06230532,0.013480955404473997,0.02754898,0.0,0.0,8.334427220152379e-09,5.787677448410022e-09,train,train
1758,-0.02307092283639378,-0.01153546141819689,2.564761384072372,0.07595214738135607,0.09243444,0.0290982545636604,0.04114757,0.0,0.0,1.8730417219562322e-08,2.617162264684225e-09,train,test_ood_short_range
1759,-0.0036467738831024083,-0.0018233869415512042,3.314529017988887,0.008911290906499836,0.00956104,0.003433311052521555,0.0061474,0.0,0.0,9.49107135027571e-09,4.935748920686933e-09,train,valid
1760,-0.004072256610966902,-0.002036128305483451,3.0565434417314044,0.010050995619056851,0.01093885,0.0031519226283889014,0.00460703,0.0,0.0,1.664899542637253e-08,2.7494523324733677e-09,train,train
1761,-0.0186301776941094,-0.0093150888470547,2.664266223153464,0.059895556056959405,0.08208291,0.022611865056541666,0.03656964,0.0,0.0,1.3670753135788937e-08,3.1202513905981277e-09,valid,train
1762,-0.05403676502483372,-0.02701838251241686,2.488334365827754,0.20413982851814771,0.27242453,0.0601630375649245,0.09468076,0.0,0.0,1.5252031755942508e-08,5.0605122314806295e-09,train,test_ood_short_range
1763,-0.005641851564045169,-0.0028209257820225844,3.039486340729522,0.014901175129108666,0.01755489,0.005847917610041486,0.00844404,0.0,0.0,1.0887947164821748e-08,2.9041579141519946e-09,valid,train
1764,-0.015169578971986591,-0.007584789485993296,2.716480661195177,0.04699018038953458,0.04927615,0.015988398342362188,0.03017838,0.0,0.0,1.1597182793707859e-08,3.550225891046921e-09,train,train
1765,-0.00739631906176014,-0.00369815953088007,2.876677372604325,0.020186332470055905,0.022367,0.006235122607290894,0.00879227,0.0,0.0,1.2072842479988484e-08,8.780682847486787e-10,train,train
1766,-0.026409200062905574,-0.013204600031452787,2.400581115779364,0.08835808395318166,0.12193604,0.030903193433334954,0.0482934,0.0,0.0,8.498540883378391e-09,3.421474659148771e-09,train,test_ood_short_range
1767,-0.010997957417525368,-0.005498978708762684,3.1100953329905843,0.03232694026264935,0.03418229,0.009092431712395939,0.01413283,0.0,0.0,7.414222663364558e-09,5.550940818110917e-10,train,train
1768,-0.006145347488070599,-0.0030726737440352997,2.810375088774727,0.016254948793083496,0.02118145,0.003785400320120273,0.00604032,0.0,0.0,1.7105762564448705e-08,4.881050896798911e-09,train,train
1769,-0.015451719474325802,-0.007725859737162901,2.840855769778717,0.048255998039051756,0.05617846,0.015124414389350199,0.01931804,0.0,0.0,5.46754203584341e-09,2.613315785993109e-09,train,train
1770,-0.017340608690672214,-0.008670304345336107,2.602433986409537,0.0546804853838183,0.07098749,0.013593312542546426,0.02292355,0.0,0.0,1.7133099833721448e-08,5.22689269644161e-09,valid,test_ood_short_range
1771,-0.010694637720904569,-0.005347318860452284,3.03194961794883,0.0314757104885545,0.03749237,0.011643177719118752,0.0191262,0.0,0.0,2.0225798382271416e-08,4.796309349686112e-09,train,train
1772,-0.012121566314996907,-0.006060783157498454,3.1179696586745305,0.036141358105185165,0.04149186,0.014055071646134832,0.022078,0.0,0.0,1.9910632554792962e-08,2.0513797327481598e-09,train,train
1773,-0.014184741140918479,-0.0070923705704592395,2.9689709783056544,0.04361197074609906,0.05761021,0.01735218927218071,0.02761509,0.0,0.0,8.312492658399175e-09,4.196166525360923e-09,train,train
1774,-0.0406284956576011,-0.02031424782880055,2.7318198112217904,0.14901085345316348,0.19985695,0.05308560855988372,0.09374412,0.0,0.0,8.124969363441812e-09,1.7488763770501237e-09,test,train
1775,-0.007210377527554627,-0.0036051887637773136,3.012932311954026,0.01990404095071903,0.02608192,0.006451471172872122,0.01118084,0.0,0.0,1.2389513756840208e-08,3.911053703120615e-09,train,valid
1776,-0.005471372513948274,-0.002735686256974137,3.1314186612794965,0.014225944186493679,0.01491096,0.0029632693904565388,0.00406505,0.0,0.0,1.9059477891331793e-08,1.2844133534528623e-09,train,train
1777,-0.024545552095253196,-0.012272776047626598,2.680438728740437,0.08143605727716131,0.10974186,0.027978415652888868,0.04727122,0.0,0.0,7.468363767987746e-09,4.082621352097249e-09,test,unused
1778,-0.015486414234072737,-0.007743207117036369,2.641708207311137,0.048135798311684824,0.04998134,0.018365983886050048,0.02757118,0.0,0.0,1.0436014664211172e-08,2.0890287277808284e-09,train,valid
1779,-0.04911296257239343,-0.024556481286196714,2.44452035161913,0.18245416585241647,0.23765065,0.07409876315983811,0.11226918,0.0,0.0,5.232480547339544e-09,6.853680845075871e-09,train,test_ood_short_range
1780,-0.010787702077602816,-0.005393851038801408,3.016775088207335,0.032284484031439936,0.04537228,0.014292532894013223,0.0260263,0.0,0.0,6.206567183206072e-09,3.5543494814049836e-09,train,train
1781,-0.006845888713271015,-0.0034229443566355074,3.007009010849734,0.018648097664078232,0.02399435,0.007841581692938825,0.01368286,0.0,0.0,7.465461610817002e-09,1.2855170261616422e-09,train,train
1782,-0.026692199109656208,-0.013346099554828104,2.3648831379646533,0.08993829325723814,0.09080835,0.01851747789108531,0.03098912,0.0,0.0,1.3139646144355868e-08,1.4079065691063875e-09,train,test_ood_short_range
1783,-0.006512341945519123,-0.0032561709727595613,3.1373587101028573,0.017084683555098897,0.0193117,0.002868587615482574,0.00577223,0.0,0.0,5.022954938982238e-09,3.889389921241104e-09,test,train
1784,-0.020059649211264255,-0.010029824605632127,2.852835847292749,0.06464400028237888,0.08015935,0.01033620640819445,0.01759619,0.0,0.0,1.5020889064781186e-08,2.668742560274495e-09,test,train
1785,-0.0025785178536350617,-0.0012892589268175309,3.233280567692551,0.005894996049648097,0.00662424,0.0015412274882865282,0.00290558,0.0,0.0,1.4796004119211943e-08,9.865044336976325e-10,train,train
1786,-0.0026073684711870504,-0.0013036842355935252,3.310070053706299,0.006032821345255192,0.0068678,0.0015165633294392951,0.00285496,0.0,0.0,2.4929414559620832e-08,3.864158326649658e-09,test,train
1787,-0.007037381731198787,-0.0035186908655993935,3.041126163725587,0.019087712705216062,0.02038076,0.004750782732238271,0.00779556,0.0,0.0,2.1141213247694115e-08,4.31846780557521e-09,train,train
1788,-0.007242628679638482,-0.003621314339819241,2.9340196758285724,0.02002971489341024,0.02703783,0.007141486710567812,0.01406015,0.0,0.0,1.7752662052725566e-08,3.6097911326749e-09,test,train
1789,-0.011114948022903677,-0.005557474011451838,2.8645078462264215,0.032782920932357955,0.0435432,0.011653130489851215,0.0202435,0.0,0.0,4.737603383036857e-09,5.060043273275028e-09,train,train
1790,-0.006375438081918903,-0.0031877190409594514,2.9420875293084308,0.01701658976388728,0.01921107,0.005603645346731893,0.01038096,0.0,0.0,1.3592695593071744e-08,4.327454061758829e-09,valid,train
1791,-0.004789824752581482,-0.002394912376290741,3.3046846636159493,0.012347863326763596,0.01445843,0.0041390734753484785,0.00674678,0.0,0.0,1.4675276238317014e-08,1.5907292150174612e-09,train,train
1792,-0.02747723746233035,-0.013738618731165175,2.7619195638141987,0.09408901743413149,0.12296872,0.029523831383172477,0.05274077,0.0,0.0,1.1906764894663418e-08,3.266926063005826e-09,train,train
1793,-0.017969289709712545,-0.008984644854856273,2.6721497907664506,0.05755188129279123,0.07161339,0.018892126803566875,0.03568998,0.0,0.0,2.0882176434456203e-08,2.625527351085566e-09,train,train
1794,-0.05724227943416292,-0.02862113971708146,2.5783018248988334,0.21771268773683877,0.2692727,0.07162430654300815,0.13436781,0.0,0.0,1.4509909171707748e-08,4.371683237636148e-09,train,test_ood_short_range
1795,-0.011124638506726216,-0.005562319253363108,2.7135782315761654,0.03264230433223478,0.03910587,0.009468602674761467,0.01190238,0.0,0.0,1.4412365420532717e-08,3.336852127944212e-09,train,train
1796,-0.017683444720710085,-0.008841722360355042,2.7674443089800222,0.055945842125140095,0.06653266,0.015200752797445044,0.02906589,0.0,0.0,8.105525234835538e-09,4.6041892520776173e-10,train,train
1797,-0.012298608336399005,-0.0061493041681995025,2.6251212228475,0.03631220559289213,0.04870133,0.007235337609974856,0.01203369,0.0,0.0,1.685540015790332e-08,3.3214270223069775e-09,test,train
1798,-0.004244915490030852,-0.002122457745015426,3.0687330688530214,0.010579148914244788,0.01197824,0.0037921859776958904,0.00484938,0.0,0.0,1.5297621188976463e-08,4.970912126367466e-09,train,train
1799,-0.015109847883662481,-0.0075549239418312404,2.858046276492804,0.04684217351102529,0.05672458,0.013216317052302556,0.02301745,0.0,0.0,1.1466466597862056e-08,4.836488876058809e-09,valid,train
1800,-0.005577725298720439,-0.0027888626493602197,2.9890065133441235,0.014586365390527095,0.01676927,0.003091806019958238,0.00503293,0.0,0.0,1.584230901036139e-08,1.4716352580990133e-09,test,train
1801,-0.021304244383932084,-0.010652122191966042,2.7859343143547117,0.06875131965272183,0.07129899,0.02120206714099909,0.03040589,0.0,0.0,9.74298417927821e-09,4.371822459603436e-09,train,unused
1802,-0.004761871326474932,-0.002380935663237466,3.0920917365619123,0.01213492569153598,0.01420286,0.0043935819524866795,0.00691426,0.0,0.0,1.5911719733827232e-08,2.025088652324314e-09,train,unused
1803,-0.01416802289127372,-0.00708401144563686,2.8165342218628515,0.043682846944156084,0.05693438,0.01386682961533145,0.01885691,0.0,0.0,1.990792244523249e-08,3.7054923573975884e-09,test,train
1804,-0.012423176656321613,-0.006211588328160806,2.743636299798228,0.03729819015131342,0.04192249,0.008232692016993389,0.01260199,0.0,0.0,4.919187901959947e-09,5.899740029846612e-09,test,valid
1805,-0.01834025694815152,-0.00917012847407576,2.4242227959539773,0.05815092259759398,0.07185108,0.007194266752935979,0.01287263,0.0,0.0,9.607801958687161e-09,2.2240667085782206e-09,test,test_ood_short_range
1806,-0.004995722220338915,-0.0024978611101694574,2.9537283551880016,0.012817697526168003,0.01348964,0.003733072934949169,0.00525715,0.0,0.0,1.2545219236414616e-08,2.6486094428790352e-09,train,train
1807,-0.004294699386364016,-0.002147349693182008,3.1244529189165906,0.010823883364150471,0.01314006,0.004269230554799463,0.00774234,0.0,0.0,6.834268127216366e-09,2.1952459849927664e-09,train,train
1808,-0.00991958624753109,-0.004959793123765545,3.0222081979438626,0.028795300087984265,0.0356485,0.011573871723406418,0.0248474,0.0,0.0,1.2254988095351457e-08,3.706266848979567e-09,train,valid
1809,-0.03891027327920005,-0.019455136639600024,2.8041841528299907,0.1400810076463839,0.1684162,0.04052138591747757,0.05277873,0.0,0.0,8.787614769434012e-09,2.6978148603973295e-09,train,train
1810,-0.0129476338401816,-0.0064738169200908,2.767621916064272,0.03948608158291307,0.05054422,0.015188454568256224,0.02364261,0.0,0.0,2.1293411947894636e-08,6.469516034002254e-10,test,train
1811,-0.01085023995527175,-0.005425119977635875,2.9650543550026436,0.03138273057470143,0.03375598,0.009583297373606157,0.01514443,0.0,0.0,1.1434371637319262e-08,2.805923493554019e-09,train,valid
1812,-0.01980220502706103,-0.009901102513530515,2.612591021495576,0.06415333837048466,0.07377518,0.024342388043275116,0.03777824,0.0,0.0,1.2559711770262464e-08,5.663989277593373e-09,train,test_ood_short_range
1813,-0.010160534518526996,-0.005080267259263498,3.0223903577125895,0.029408692009275646,0.03555373,0.008957223789485037,0.0126727,0.0,0.0,1.5264752448378034e-08,6.5335019616696854e-09,train,train
1814,-0.020817841854250764,-0.010408920927125382,2.4866217102526855,0.06719449058616958,0.08256965,0.017447645346739007,0.02695113,0.0,0.0,4.659454121387273e-09,1.9049244404101273e-09,train,test_ood_short_range
1815,-0.0032296440129689213,-0.0016148220064844607,3.18206977985131,0.0077193840081231,0.00834545,0.0017117541315173352,0.00256414,0.0,0.0,5.725065179436389e-09,4.724327484773028e-09,train,train
1816,-0.015435692514725458,-0.007717846257362729,2.869727345786615,0.047793530584542505,0.05691724,0.014785626091207073,0.02407025,0.0,0.0,2.0451532598481336e-08,6.415662445746761e-10,train,train
1817,-0.13074532407728912,-0.06537266203864456,2.242655137311022,0.5399664799013896,0.58205844,0.10492726376973113,0.17666595,0.0,0.0,1.4117046451736696e-08,1.9922743454969805e-09,train,test_ood_short_range
1818,-0.011145855334612124,-0.005572927667306062,2.553038664924773,0.03243854445589074,0.03871174,0.007442268092368303,0.01056527,0.0,0.0,1.5066504821143163e-08,4.435324552076736e-09,valid,test_ood_short_range
1819,-0.00773362352458793,-0.003866811762293965,3.0238665884680525,0.02150036213800285,0.02422646,0.00901273980447215,0.01346401,0.0,0.0,2.0871000214406937e-08,3.8671368329801226e-09,train,valid
1820,-0.0038412980030049014,-0.0019206490015024507,3.148954588298908,0.009433560738353256,0.01092683,0.002859708615608124,0.00500764,0.0,0.0,4.20150875609712e-09,1.8280559288541554e-09,train,valid
1821,-0.009400133438460702,-0.004700066719230351,2.783172945650828,0.02687208528860882,0.03598414,0.006620550846905918,0.01074118,0.0,0.0,1.1471477442759582e-08,5.149544901605907e-09,valid,train
1822,-0.010499724884668282,-0.005249862442334141,3.0952672041909266,0.03158286942135404,0.04301051,0.01726308759691518,0.02623586,0.0,0.0,1.3219024776110674e-08,3.0870683787043163e-09,train,train
1823,-0.011203272138273936,-0.005601636069136968,3.1510202356653996,0.03263862571393849,0.03436097,0.010673837040150244,0.01495533,0.0,0.0,1.6472294362568848e-08,3.2467968313909523e-09,train,train
1824,-0.007115945140211696,-0.003557972570105848,3.0109074419041755,0.0192447901175461,0.0226273,0.005899315044333537,0.011208,0.0,0.0,5.45562368582074e-09,2.4496142891905492e-09,train,train
1825,-0.03036798418128082,-0.01518399209064041,2.5822141480726923,0.10667366132248812,0.14618167,0.03650211867806534,0.070018,0.0,0.0,1.0748297039749064e-08,3.432560680138863e-09,train,test_ood_short_range
1826,-0.011411330221972457,-0.005705665110986228,2.5294700991160846,0.033198678413248625,0.04033042,0.007818808674192847,0.01325025,0.0,0.0,3.1081041185454163e-09,2.4693326272640093e-09,train,test_ood_short_range
1827,-0.010954645404709314,-0.005477322702354657,2.688754382712786,0.032151478323235776,0.03795179,0.010805755799460921,0.01560925,0.0,0.0,1.880280713463513e-08,4.1360150859759415e-09,train,train
1828,-0.007905539108993179,-0.003952769554496589,2.8302333661090247,0.02179794746028014,0.02798103,0.005397881899063125,0.00931365,0.0,0.0,1.9388801749937552e-08,2.619582994967118e-09,train,train
1829,-0.011521784210087265,-0.005760892105043633,2.7211829132475307,0.0341827435407112,0.04560621,0.013171661127743785,0.02606262,0.0,0.0,2.0580986122603797e-08,3.4350000621685695e-09,train,valid
1830,-0.00476272718994115,-0.002381363594970575,3.059285039529332,0.012052781199051114,0.01430074,0.0019942503131252106,0.00378559,0.0,0.0,1.6764113992652678e-08,4.7285642068573e-10,train,train
1831,-0.01980978969270094,-0.00990489484635047,2.6439612408508806,0.0642231638202134,0.06747919,0.022694250578903605,0.04007457,0.0,0.0,4.808887102409864e-09,4.65441352126561e-09,train,valid
1832,-0.01752648166984608,-0.00876324083492304,2.4793551969771723,0.05509094846381602,0.06884607,0.010296254190072395,0.01880156,0.0,0.0,1.1583552026525195e-08,2.2850186187639565e-09,test,test_ood_short_range
1833,-0.008003247303058706,-0.004001623651529353,2.9225976231465403,0.022407389298088703,0.02603327,0.004787455880649624,0.00860726,0.0,0.0,1.770874627490706e-08,5.634571809132183e-09,train,valid
1834,-0.028012256489153585,-0.014006128244576792,2.6056067609237017,0.096916356208158,0.12732133,0.03234163365753035,0.05804726,0.0,0.0,2.3654420087120376e-08,5.7495627148185235e-09,train,test_ood_short_range
1835,-0.007873089033982116,-0.003936544516991058,3.0012372834292553,0.022031794727883608,0.02865722,0.008719215114123902,0.01688815,0.0,0.0,1.4764261339819482e-08,1.4776490031565004e-09,train,train
1836,-0.028881519657620248,-0.014440759828810124,2.9592467890649736,0.09935812507542417,0.10865391,0.0359830612926997,0.05750455,0.0,0.0,6.727600222883964e-09,3.3169142987787836e-09,test,unused
1837,-0.10612308967413864,-0.05306154483706932,2.3609284033267692,0.4476879137114055,0.52284982,0.1739195533383083,0.31877589,0.0,0.0,5.133167950539467e-09,1.4696749373044327e-09,train,test_ood_short_range
1838,-0.018518378378474556,-0.009259189189237278,2.524796671990889,0.05845598257814763,0.06790636,0.009245577911963284,0.0155087,0.0,0.0,1.571572418313968e-08,4.530069652730617e-09,train,test_ood_short_range
1839,-0.032052671094241876,-0.016026335547120938,2.481440890834608,0.11077481000256617,0.13296157,0.026122995282783265,0.04065946,0.0,0.0,9.690251713512485e-09,1.0870738753609999e-09,train,test_ood_short_range
1840,-0.012691896999004436,-0.006345948499502218,2.682029034268451,0.0379386046800639,0.0510606,0.013922801060045951,0.02404148,0.0,0.0,7.289178992698145e-09,4.125274344346508e-09,train,train
1841,-0.010846323455373797,-0.005423161727686899,2.7605061764953165,0.03148090686508517,0.0374127,0.008126755786731055,0.01267378,0.0,0.0,1.2784636423304556e-08,4.83549167373809e-09,test,train
1842,-0.014777738576395168,-0.007388869288197584,2.745621902753987,0.045872931030316415,0.05087585,0.014600817202850325,0.02430393,0.0,0.0,9.12297742011755e-09,3.6430187755343013e-09,train,train
1843,-0.021889571450293566,-0.010944785725146783,2.630111510644381,0.07165175058989208,0.09888317,0.01881510005545679,0.04168854,0.0,0.0,8.332538468467472e-09,4.760901006761742e-09,train,train
1844,-0.032342032308589244,-0.016171016154294622,2.5611577504919083,0.11450841021355025,0.15282541,0.03502667321266323,0.04677192,0.0,0.0,1.1805450852377346e-08,4.9867433515871085e-09,train,test_ood_short_range
1845,-0.0040369680168768724,-0.0020184840084384362,3.1481976141079935,0.010029001402301561,0.01243314,0.0037164638395254163,0.00645626,0.0,0.0,4.188100181963488e-09,1.43930156681904e-09,train,train
1846,-0.008765294075185007,-0.004382647037592504,2.783026749181252,0.02465775631107313,0.02861108,0.008679241225009246,0.01274416,0.0,0.0,7.905331713583975e-09,5.000095892881973e-09,train,train
1847,-0.018326983786568746,-0.009163491893284373,2.779916660356071,0.05735423406516413,0.069246,0.013047568353274362,0.02196852,0.0,0.0,8.569360137830097e-09,5.1448296733980214e-09,train,valid
1848,-0.012388792689044217,-0.006194396344522108,2.654560472539165,0.03727423038387334,0.0430729,0.010242046374418216,0.01456211,0.0,0.0,7.158335411052774e-09,2.9169733295475453e-09,train,train
1849,-0.007513945131732536,-0.003756972565866268,2.9072860643399436,0.02079640597598056,0.02551885,0.005754164937068048,0.01061331,0.0,0.0,5.225545064186134e-09,1.874706723192787e-09,train,valid
1850,-0.005221683862139064,-0.002610841931069532,3.131082297091567,0.013336117363512015,0.01405021,0.002884737363406474,0.00465034,0.0,0.0,1.0844982076910082e-08,4.780978613005971e-09,train,train
1851,-0.004315973746427669,-0.0021579868732138343,3.190482260860449,0.01091831595477526,0.01402722,0.004173550952432473,0.00770224,0.0,0.0,1.6860932965264026e-08,1.9034511744564497e-09,train,train
1852,-0.02763128586957471,-0.013815642934787355,2.603453954845179,0.09424014858287556,0.1053802,0.03153708190658155,0.04944351,0.0,0.0,1.8357402448628445e-08,4.6869301773000416e-09,train,test_ood_short_range
1853,-0.0511750944185956,-0.0255875472092978,2.6487102487040257,0.1923997946581456,0.23542988,0.05958368003333156,0.09824902,0.0,0.0,1.2158668348240689e-08,1.6331150876069955e-09,train,train
1854,-0.01873672960163956,-0.00936836480081978,2.7821632254220963,0.05989974912292649,0.07457097,0.013955862135641543,0.02028657,0.0,0.0,4.682634240911557e-09,2.4866431136416622e-09,test,valid
1855,-0.011727380684405615,-0.005863690342202807,2.9912625323681574,0.03486096292764444,0.04108886,0.011461201829006997,0.01896212,0.0,0.0,2.3400297394058663e-08,1.3108906182779378e-09,valid,train
1856,-0.042663349730362204,-0.021331674865181102,2.4415122358894714,0.15749560926076467,0.19973926,0.04307971403755619,0.06758222,0.0,0.0,1.5038632153903152e-08,1.6594434715244688e-09,train,test_ood_short_range
1857,-0.02198154969969182,-0.01099077484984591,2.7658575385532753,0.07115631632041974,0.08435718,0.022911471682275236,0.03207973,0.0,0.0,7.012769316704704e-09,4.3883644496034435e-09,train,train
1858,-0.024449728472063743,-0.012224864236031871,2.7891376920830537,0.082474148551399,0.09922713,0.027655402533920626,0.04521369,0.0,0.0,5.7680970289612785e-09,5.0930950568073285e-09,valid,train
1859,-0.06040957050145314,-0.03020478525072657,2.7893716772137216,0.22603999534951227,0.28638261,0.02997453123683255,0.04616837,0.0,0.0,2.017909028259225e-08,2.9279010327343258e-09,test,train
1860,-0.010044857680248832,-0.005022428840124416,2.8352623356497464,0.0291103950051558,0.03235307,0.008507800613908196,0.01631882,0.0,0.0,2.2679722934945894e-08,4.5601669107497855e-09,train,train
1861,-0.008108201471724712,-0.004054100735862356,2.9727692153590293,0.02237845348209299,0.02643284,0.005774813377098577,0.01059615,0.0,0.0,9.851802833011367e-09,5.884857046112302e-10,valid,train
1862,-0.00852972988119633,-0.004264864940598165,2.814696208575788,0.02386417558155669,0.02895256,0.007957044890209973,0.01364514,0.0,0.0,1.6445084654588554e-08,9.654353982924135e-10,valid,train
1863,-0.0160960518645478,-0.0080480259322739,2.7927285318986415,0.05044120604415964,0.05324756,0.01203179878453204,0.01794307,0.0,0.0,9.27562464556498e-09,4.691810717716294e-09,train,train
1864,-0.009386334941957208,-0.004693167470978604,2.786117680923011,0.026597905939667505,0.0276461,0.004106855627275366,0.00630015,0.0,0.0,1.2986119280548823e-08,3.761549960401567e-09,test,train
1865,-0.04320355589615959,-0.021601777948079794,2.6218490268765384,0.15576307361158057,0.21005012,0.04454863873773211,0.07811768,0.0,0.0,1.0574730603899411e-08,3.826852168486994e-09,train,test_ood_short_range
1866,-0.011080904447068206,-0.005540452223534103,2.8052432823566535,0.03252675490915389,0.041116,0.013503925133012252,0.0226711,0.0,0.0,1.6983042810316455e-08,2.9922122557479724e-09,valid,train
1867,-0.009350936387125527,-0.004675468193562763,2.9639696933997204,0.026756666284778453,0.02995595,0.009248775998490286,0.01528123,0.0,0.0,1.7037107582788502e-08,3.0750325619166574e-09,train,train
1868,-0.043332600635289494,-0.021666300317644747,2.5137334350816625,0.1601883111814827,0.18279301,0.05457688863000345,0.10096319,0.0,0.0,1.907702012709229e-08,3.876079457398873e-09,test,test_ood_short_range
1869,-0.012114554411381921,-0.006057277205690961,2.913954127285031,0.03538508515273349,0.04528899,0.008559792735252609,0.01198523,0.0,0.0,4.532424312076356e-09,1.5156234045576866e-09,train,train
1870,-0.01207325549838041,-0.006036627749190205,2.7779991523582557,0.03596888668677695,0.04118053,0.015157191926335939,0.02134735,0.0,0.0,1.3914254986807015e-08,4.189471436433223e-09,train,train
1871,-0.01018338190035492,-0.00509169095017746,2.766331408914413,0.029300221266910828,0.03633519,0.005562862061968042,0.00821503,0.0,0.0,5.026659298670352e-09,4.658470942331405e-09,train,train
1872,-0.007257549365126059,-0.0036287746825630295,3.1166933142091944,0.019997986946534558,0.02438464,0.007591129337859859,0.01183192,0.0,0.0,6.2799168012726924e-09,3.5167762035825945e-09,train,train
1873,-0.009253020044918901,-0.0046265100224594504,2.638891554271908,0.026048103242035364,0.03346936,0.006199399407105229,0.00960417,0.0,0.0,1.4599486831818025e-08,5.4627438128562744e-09,train,valid
1874,-0.011077251104515287,-0.005538625552257643,2.573622822787923,0.03235201009653496,0.04511842,0.010414001011093991,0.02001944,0.0,0.0,1.511461899466815e-08,4.124298902397072e-09,train,test_ood_short_range
1875,-0.028082117257182685,-0.014041058628591343,2.599167526800461,0.09576747406561566,0.11269501,0.03188063878225623,0.06479974,0.0,0.0,6.4086017232990475e-09,2.048710312507751e-09,test,test_ood_short_range
1876,-0.004961803557316951,-0.0024809017786584756,3.081210733750878,0.012761661453653542,0.01412088,0.004841288182637965,0.00681714,0.0,0.0,1.2833324140514973e-08,2.246314689813289e-09,valid,train
1877,-0.015332650473064301,-0.0076663252365321505,2.9156252735919597,0.04772519554755433,0.06139862,0.0156718285671796,0.02481207,0.0,0.0,1.656191616208522e-08,4.008847587222419e-09,train,valid
1878,-0.00708092487738133,-0.003540462438690665,3.280703900688431,0.019518959026305682,0.02358361,0.006484179691975951,0.00904993,0.0,0.0,4.3012975981145374e-09,6.949067987704893e-10,train,valid
1879,-0.011535739464797756,-0.005767869732398878,2.7260926055903414,0.034236340263625334,0.04215465,0.010497838814290143,0.01486227,0.0,0.0,1.1181766831557465e-08,2.522390740722358e-09,test,unused
1880,-0.03680230500796695,-0.018401152503983473,2.7218389055116345,0.12863186633829568,0.15834521,0.03395198340540113,0.05601972,0.0,0.0,1.724777547268215e-08,1.0730467625563733e-09,train,train
1881,-0.028092854366197153,-0.014046427183098576,2.7164942531431104,0.10048352374826881,0.12727873,0.05259817218728739,0.06507267,0.0,0.0,1.3427744928468277e-08,3.99941901818579e-09,valid,train
1882,-0.024735246224378688,-0.012367623112189344,2.649991688132294,0.0833097194830171,0.0929052,0.02690396952629822,0.04002856,0.0,0.0,6.111684480640019e-09,5.893113330657229e-09,train,train
1883,-0.025041101472929223,-0.012520550736464612,2.4953607195025755,0.08467558913250678,0.10629276,0.0261162366878908,0.03680884,0.0,0.0,5.158529685810763e-09,2.4026908240770695e-09,train,test_ood_short_range
1884,-0.007948523702369736,-0.003974261851184868,2.9336963166831316,0.022145857718036118,0.02801629,0.005449608972490595,0.00776667,0.0,0.0,4.539984151535509e-09,2.3875894594738156e-09,train,train
1885,-0.019035863591920457,-0.009517931795960229,2.4762650096513448,0.06079345350118328,0.07091484,0.02586175023997538,0.03161777,0.0,0.0,8.855152248478534e-09,1.7851977673899455e-09,train,test_ood_short_range
1886,-0.02795813296441738,-0.01397906648220869,2.5921216498192523,0.09675553419875095,0.11594339,0.02942264282742856,0.04487329,0.0,0.0,8.570486418005988e-09,1.7873751367858404e-09,train,test_ood_short_range
1887,-0.007163866595007931,-0.0035819332975039653,2.9194971762224835,0.01966294930007619,0.02211886,0.007495853945841216,0.01159743,0.0,0.0,1.6004402036622768e-08,2.666367349135612e-09,train,train
1888,-0.007002321268902538,-0.003501160634451269,2.919153334027446,0.019102295513262275,0.0251977,0.007075811036629182,0.01181807,0.0,0.0,1.650718828967986e-08,2.582038138854159e-09,train,train
1889,-0.00913246540732617,-0.004566232703663085,2.9434606241468995,0.025874239375554598,0.03382525,0.008787991154854449,0.01881885,0.0,0.0,2.434088717696134e-08,2.0911127274203523e-09,test,valid
1890,-0.004229622149439204,-0.002114811074719602,3.1070797785931004,0.010624561329783613,0.01346273,0.0038033257355942224,0.0073229,0.0,0.0,8.584035048092988e-09,3.6461931252063096e-09,valid,train
1891,-0.009105967807125378,-0.004552983903562689,2.875624359379192,0.026128096430602567,0.02831159,0.010216847325281742,0.01988509,0.0,0.0,1.8607009140891466e-08,4.220513716290952e-09,train,train
1892,-0.02322075146769142,-0.01161037573384571,2.8256418629830877,0.07779331071728682,0.10615692,0.02559680732194642,0.04581601,0.0,0.0,1.7089576971989918e-08,3.211910293288156e-09,train,train
1893,-0.004399975518376168,-0.002199987759188084,3.0531566979168985,0.011023747885314081,0.01252613,0.0034422157613544016,0.0059371,0.0,0.0,1.08822006330983e-08,2.2332098392752187e-09,train,train
1894,-0.015006517670339718,-0.007503258835169859,2.668249783275711,0.04686126354949363,0.0598163,0.019591412634777854,0.02973649,0.0,0.0,1.0632400264218978e-08,4.300650724431421e-09,test,train
1895,-0.007666174562034514,-0.003833087281017257,2.7433720299581426,0.0209111564586355,0.02875766,0.004629166535880586,0.00847876,0.0,0.0,1.490406919251079e-08,2.2449504477606297e-09,train,train
1896,-0.005735163052085566,-0.002867581526042783,2.9900161214293317,0.015116379260429176,0.01610208,0.002625498766304541,0.00468993,0.0,0.0,1.4000788334777655e-08,2.3615827071665763e-09,train,train
1897,-0.02141504173738881,-0.010707520868694404,2.6928265790656427,0.0687810977862598,0.07532079,0.012280800493707647,0.02288292,0.0,0.0,1.0709244408384425e-08,3.4676622684415292e-09,train,train
1898,-0.01224818985048297,-0.006124094925241485,2.8056740207864763,0.03615337727128592,0.0466789,0.008929803573353857,0.01676631,0.0,0.0,1.3636417899259182e-08,6.4759950735293614e-09,train,train
1899,-0.006919381797769602,-0.003459690898884801,2.9057714688248377,0.018839631067360814,0.02134114,0.0070924848878866145,0.00937484,0.0,0.0,2.0167147404333515e-08,2.047143343730795e-09,valid,train
1900,-0.020854964900339,-0.0104274824501695,2.623630135561431,0.06827913908284555,0.0689105,0.021579784148389514,0.03553313,0.0,0.0,8.999002401782405e-09,5.226539201430569e-10,test,test_ood_short_range
1901,-0.012797982854107593,-0.0063989914270537965,2.5647444553924834,0.03844378397577515,0.056094,0.013058953853539213,0.02713947,0.0,0.0,2.118432376784084e-08,3.968990247571469e-09,train,test_ood_short_range
1902,-0.009607497228946549,-0.004803748614473274,2.9170569568074702,0.027570401157880647,0.03597809,0.00786671165485194,0.01341688,0.0,0.0,1.53822889180855e-08,4.40683556313104e-09,test,valid
1903,-0.005461262483060336,-0.002730631241530168,2.97947255670164,0.014280316480930432,0.01692285,0.0035575924316289145,0.00510832,0.0,0.0,8.054743787150048e-09,3.1437366043718384e-09,valid,train
1904,-0.013423710764189538,-0.006711855382094769,2.716517927390031,0.04115822310247209,0.04506521,0.01369473528128845,0.01756316,0.0,0.0,8.506118631090536e-09,3.875331722191788e-09,train,train
1905,-0.017491034896372538,-0.008745517448186269,2.6917545029907397,0.055548668467431034,0.0624051,0.015266956864167461,0.03259855,0.0,0.0,1.3900875788383226e-08,3.988334551507933e-09,train,valid
1906,-0.007471578048313563,-0.0037357890241567814,2.913130794877604,0.02072536564349268,0.0267087,0.008747568881651251,0.01522022,0.0,0.0,6.113444135967312e-09,2.8936213425367896e-09,train,train
1907,-0.02522391099904173,-0.012611955499520865,2.4812996780000343,0.0845569100199538,0.1161502,0.03573221930620902,0.04390529,0.0,0.0,1.2663216473483637e-08,2.812995059109369e-09,train,test_ood_short_range
1908,-0.015832217873030387,-0.007916108936515193,2.8520580440849383,0.04925377030378453,0.04941747,0.010510230822224282,0.01496311,0.0,0.0,7.065928554755169e-09,5.434542038607049e-09,train,valid
1909,-0.043869924481202215,-0.021934962240601107,2.533732502119336,0.16850741546050893,0.24099605,0.08051036265321637,0.13055307,0.0,0.0,1.1516111805527677e-08,2.352922190418383e-09,valid,test_ood_short_range
1910,-0.014593692860632185,-0.007296846430316093,2.8996142569165664,0.04491646867469473,0.04920405,0.01623590448759272,0.02178154,0.0,0.0,1.0812841569198098e-08,5.5284608002637015e-09,train,train
1911,-0.018301779822022204,-0.009150889911011102,2.6615028085398076,0.05885050930941805,0.06787172,0.014967605067419214,0.02350212,0.0,0.0,1.1337840898800349e-08,5.73034286688312e-10,train,train
1912,-0.014815019162862268,-0.007407509581431134,2.8165096138551635,0.04603496029325611,0.05632215,0.016724193106598596,0.02777039,0.0,0.0,1.320636987053031e-08,4.913743634205048e-09,test,train
1913,-0.0030419122520348404,-0.0015209561260174202,3.169589893727972,0.007189449832316796,0.00824438,0.00251726243750362,0.0031513,0.0,0.0,1.2120747379985206e-08,1.369555246988341e-09,train,valid
1914,-0.02969604577301649,-0.014848022886508244,2.7370291896210146,0.10180769947871117,0.10916335,0.03189881083488902,0.05799621,0.0,0.0,1.3633456270512305e-08,2.7983455552771375e-09,test,train
1915,-0.040425615270719036,-0.020212807635359518,2.692569732227655,0.14430989171481234,0.17985739,0.043616799366770556,0.06544169,0.0,0.0,3.617069238019642e-09,3.326592556973651e-09,train,valid
1916,-0.004098372096206987,-0.0020491860481034936,2.9874233372550294,0.010115748975200336,0.0122735,0.0021930243687580554,0.00331202,0.0,0.0,1.2313663220967907e-08,1.0190470689508402e-09,train,train
1917,-0.011935466575276938,-0.005967733287638469,2.805742758426892,0.03583125780268768,0.0399668,0.012061603067192188,0.01958976,0.0,0.0,4.775373582272149e-09,4.527313191005078e-09,train,train
1918,-0.0044263377622268014,-0.0022131688811134007,3.0328587001931693,0.01108943004981771,0.01373917,0.0035868823546128933,0.00750202,0.0,0.0,1.0304676050212657e-08,9.445464410617888e-10,train,train
1919,-0.0066781263877907756,-0.0033390631938953878,3.0136896898323333,0.018101100329959686,0.02200967,0.007494461238916155,0.01317604,0.0,0.0,1.9803774818407234e-08,3.763632516751159e-09,train,train
1920,-0.021676648384016124,-0.010838324192008062,2.600489859484491,0.0710653399871006,0.07943631,0.021041630833202228,0.02984373,0.0,0.0,9.59858130349858e-09,3.982668750346363e-09,train,test_ood_short_range
1921,-0.008867074674884767,-0.0044335373374423835,3.1753236686589585,0.025496841111409603,0.03397979,0.011230295586080982,0.01719403,0.0,0.0,6.2740268477116775e-09,4.698127886726411e-09,train,train
1922,-0.019843025082771453,-0.009921512541385727,2.762784599817917,0.06251871563268209,0.06652065,0.011156827151044482,0.0222662,0.0,0.0,6.435752126401215e-09,1.4962997507694809e-09,valid,train
1923,-0.018004984900240262,-0.009002492450120131,2.673357109556128,0.05784269053414845,0.07376934,0.017803452654496545,0.0317876,0.0,0.0,9.556205617813431e-09,5.077115172724689e-09,train,valid
1924,-0.05170468209975,-0.025852341049875,2.416237507412274,0.19458950495423694,0.23656315,0.06256577840090434,0.10476015,0.0,0.0,1.9669540625774252e-08,3.9809054941386535e-09,valid,test_ood_short_range
1925,-0.02067362697082965,-0.010336813485414825,2.8290992707997704,0.0660920174482751,0.07683999,0.015290923317813414,0.02169346,0.0,0.0,1.656097096088142e-08,4.389979491037366e-09,train,train
1926,-0.011003665765420785,-0.0055018328827103925,2.629142018794792,0.03226890069475201,0.03848704,0.007578392634644456,0.00975914,0.0,0.0,5.771138761073451e-09,2.0257318045224793e-09,valid,train
1927,-0.009229768387205592,-0.004614884193602796,3.0683386563477026,0.02639582937265216,0.03246653,0.009758564316169498,0.01476358,0.0,0.0,2.4833611429610195e-08,4.231103245544432e-10,valid,train
1928,-0.009144969145789494,-0.004572484572894747,3.007825206491842,0.02608086877788775,0.02718367,0.004252663733169678,0.00629844,0.0,0.0,1.6317768411846027e-08,2.934466225568144e-09,train,valid
1929,-0.004770093959389571,-0.0023850469796947854,2.878723256379225,0.01196312740403194,0.01423133,0.0026621638904094544,0.00461026,0.0,0.0,8.881712690132663e-09,2.9418494307265064e-09,valid,train
1930,-0.01176070419883327,-0.005880352099416635,2.611645443954367,0.03478554071428817,0.04437172,0.0038372694938936286,0.00851124,0.0,0.0,1.0512120810310167e-08,2.111675723170947e-09,train,test_ood_short_range
1931,-0.007115631038482241,-0.0035578155192411203,3.260441184674006,0.019606554891024752,0.02294417,0.00865451166948103,0.01379798,0.0,0.0,9.882083588528384e-09,1.61615298921447e-09,train,train
1932,-0.005115735640720372,-0.002557867820360186,2.941585284274345,0.013086808211554106,0.01620976,0.003437430645448235,0.00532754,0.0,0.0,2.2278849859363952e-08,3.32816507686573e-09,test,train
1933,-0.005927654722847193,-0.0029638273614235964,2.834560422440977,0.01560056095495928,0.01941803,0.0026178994282280337,0.00503306,0.0,0.0,6.774545019389529e-09,2.940109045113104e-09,test,train
1934,-0.018677134571505143,-0.009338567285752572,2.680122148767885,0.06057406411781283,0.08213707,0.018044796002946853,0.03048875,0.0,0.0,1.4810237706167935e-08,4.484327575937641e-09,train,train
1935,-0.007435245559785072,-0.003717622779892536,2.8728119245540062,0.020528028675994847,0.02525443,0.007365840881490268,0.01034247,0.0,0.0,2.2592434421993754e-09,1.4896699429556293e-09,test,valid
1936,-0.005767581604783087,-0.0028837908023915436,3.132712208861644,0.015282536223167715,0.01834383,0.005851432017926608,0.00994546,0.0,0.0,3.331817263084168e-09,3.339367005139593e-09,train,train
1937,-0.06818126381212758,-0.03409063190606379,2.517916936688223,0.2676194774094993,0.32070874,0.08727474516891967,0.13012903,0.0,0.0,1.94982340558206e-08,1.6456884743831779e-09,train,test_ood_short_range
1938,-0.0038831275032765013,-0.0019415637516382507,3.06137888829774,0.009559412673020242,0.01088026,0.0019193293802480423,0.00286639,0.0,0.0,1.1659218775244268e-08,3.6375593648330096e-09,valid,train
1939,-0.007363981549936585,-0.0036819907749682927,3.0090638926038684,0.02050123386756758,0.02554616,0.008142902809322157,0.01389855,0.0,0.0,2.263666347202326e-08,6.100959737409539e-09,test,valid
1940,-0.018900801168923245,-0.009450400584461623,2.7042068803360015,0.061109523672790704,0.07989039,0.023808306058027664,0.04124226,0.0,0.0,1.3523933844861574e-08,3.621882682658395e-09,train,train
1941,-0.0212042508686498,-0.0106021254343249,2.746892503300282,0.0695626268354277,0.08296999,0.02560245420821573,0.03955983,0.0,0.0,1.0722145373373164e-08,1.478525302189837e-09,train,train
1942,-0.009055515174054028,-0.004527757587027014,2.8084579695853344,0.025691805919948484,0.02894686,0.006374969583841165,0.01150636,0.0,0.0,2.065212857933217e-08,1.169243479814952e-09,valid,train
1943,-0.03603964342285693,-0.018019821711428467,2.6989598300392683,0.12727449944277094,0.15695264,0.044564969934056016,0.07282353,0.0,0.0,1.0659109864827205e-08,2.694303891104255e-09,train,train
1944,-0.005108383467069678,-0.002554191733534839,3.0490115894945973,0.01325804237212518,0.0163862,0.004671114457207544,0.0081663,0.0,0.0,1.0890174165425372e-08,3.3120282072474083e-09,train,train
1945,-0.025841026099801014,-0.012920513049900507,2.575576783642887,0.08797252682893242,0.10255218,0.02644451094659501,0.04900011,0.0,0.0,5.860404713716985e-09,2.7245454781166245e-09,train,test_ood_short_range
1946,-0.014108226404852571,-0.007054113202426286,2.6586089595658953,0.04286914466579508,0.05854764,0.012457702110767995,0.01668723,0.0,0.0,1.4279605949580492e-08,2.286282274610585e-09,test,train
1947,-0.0024932618093509275,-0.0012466309046754638,3.2873145088208555,0.005664580748466739,0.00664357,0.0014983551081769635,0.00209131,0.0,0.0,5.413048485639725e-09,4.6570245437749236e-09,train,train
1948,-0.04698862141077743,-0.023494310705388714,2.728724526046782,0.1725322627962416,0.2438084,0.04506750933881932,0.06930738,0.0,0.0,4.07051421028123e-09,9.772235243232785e-10,train,train
1949,-0.041836715207959556,-0.020918357603979778,2.552452795494932,0.1510536978514441,0.20285704,0.05478630291499844,0.10221345,0.0,0.0,1.3277096239749833e-08,3.26478200030067e-09,train,test_ood_short_range
1950,-0.012609184901888677,-0.006304592450944339,2.880902928735869,0.03753270190252939,0.043136,0.009979259577304988,0.01366889,0.0,0.0,1.1788172344334067e-08,2.041380176009966e-09,train,train
1951,-0.004532478884630291,-0.0022662394423151456,3.035795264946518,0.01140327424946157,0.01426056,0.003205774293843325,0.00486633,0.0,0.0,5.535313273072866e-09,3.0160242081578303e-09,train,train
1952,-0.011760150407430139,-0.005880075203715069,2.672863684777927,0.03467904776935011,0.03762949,0.01049748172839245,0.01660808,0.0,0.0,1.4844654878745896e-08,2.7964338622510354e-09,train,unused
1953,-0.0101949148731212,-0.0050974574365606,2.651464242705628,0.029359824572426634,0.03831561,0.01019757679247379,0.01650302,0.0,0.0,1.676310567109222e-08,2.5149951010661198e-09,train,train
1954,-0.008040191758176536,-0.004020095879088268,2.953107074356093,0.022201813153633797,0.02735484,0.00499897102070016,0.00819131,0.0,0.0,2.009533565591518e-08,4.194743219443353e-09,train,train
1955,-0.02650915981761034,-0.01325457990880517,2.5452040031851206,0.08994246934039372,0.11186813,0.024809784088663828,0.03718407,0.0,0.0,9.579395165979733e-09,2.6196770308573036e-09,train,test_ood_short_range
1956,-0.004268238333480361,-0.0021341191667401806,3.0997365091265614,0.010720169419025056,0.01216628,0.0017103563633202293,0.00291252,0.0,0.0,7.943281162080405e-10,3.2326068488686133e-09,test,valid
1957,-0.009789211706899678,-0.004894605853449839,2.872403270409587,0.028191408958206873,0.03916304,0.009824213920971828,0.01785458,0.0,0.0,9.466487600102005e-09,4.708093581662354e-09,valid,train
1958,-0.015745163414591236,-0.007872581707295618,2.607606348908425,0.04900879002436229,0.05362308,0.011328595593108616,0.01884083,0.0,0.0,1.124285034269598e-08,5.600949926076737e-09,train,test_ood_short_range
1959,-0.00677847457059508,-0.00338923728529754,2.9883626361238056,0.018402619555489014,0.02406387,0.007494041403392876,0.01160641,0.0,0.0,1.2775839993814683e-08,2.1436170616340178e-09,train,train
1960,-0.03522771782929463,-0.017613858914647316,2.3860542905633912,0.1265805952146201,0.15464789,0.04989526179640224,0.0846028,0.0,0.0,5.439196609788549e-09,3.4342571009204903e-09,train,test_ood_short_range
1961,-0.005103428275750379,-0.0025517141378751896,3.0154548602853337,0.013207667971833635,0.01577079,0.004317217450364683,0.00772077,0.0,0.0,9.971934090617345e-09,2.3467339183014246e-09,train,valid
1962,-0.012349179743988704,-0.006174589871994352,2.9010685585248375,0.037229544521972066,0.0394046,0.010066214901741038,0.01807157,0.0,0.0,1.813259951327e-08,2.7976415628572227e-09,train,valid
1963,-0.009082861391707322,-0.004541430695853661,3.0178452392668382,0.025632613973915468,0.02986028,0.006742099908377953,0.00964902,0.0,0.0,1.1114883663020566e-08,5.3656754595010625e-09,test,valid
1964,-0.006814578775360092,-0.003407289387680046,2.826316863534896,0.01845001671869613,0.02146748,0.005559379318769917,0.00742777,0.0,0.0,1.685428300244912e-08,3.190818720355537e-09,test,train
1965,-0.010922085818711083,-0.0054610429093555415,3.16846936169852,0.031444779024576826,0.03306643,0.007519333078326605,0.01253809,0.0,0.0,1.1178548083040839e-08,3.028996831133668e-09,train,train
1966,-0.005046102754322554,-0.002523051377161277,3.1294129384578713,0.013056659859496991,0.01460853,0.005304026865398276,0.00826792,0.0,0.0,1.2863300944411219e-08,2.5398020353506467e-09,train,train
1967,-0.009302074855931331,-0.004651037427965666,2.9950096653197606,0.026463212882441165,0.03279587,0.008967522397198125,0.01396278,0.0,0.0,1.6225481610391277e-08,4.423503563444342e-09,train,train
1968,-0.008107892699797822,-0.004053946349898911,2.8937414737118017,0.02258385230426229,0.02916903,0.00683590289243735,0.01356574,0.0,0.0,2.2631863846288216e-08,4.174490086938931e-09,train,train
1969,-0.015585535222486036,-0.007792767611243018,2.6906873545554655,0.04874809619707762,0.05712192,0.008800575878083207,0.01155334,0.0,0.0,5.413721509924708e-09,2.7876628783118917e-09,train,train
1970,-0.013626686670929556,-0.006813343335464778,2.9275186059950244,0.04165491518765862,0.04904343,0.01423902014039414,0.02524382,0.0,0.0,7.43685258424299e-09,1.2902238166745406e-09,test,train
1971,-0.06776504578064123,-0.033882522890320614,2.6220337142741506,0.2607895237858777,0.29570895,0.07600744322113098,0.13013949,0.0,0.0,1.3211733929698165e-08,8.188724143209924e-10,test,test_ood_short_range
1972,-0.004799815063025748,-0.002399907531512874,2.948437136697911,0.012189718948067123,0.01296437,0.00396745107357146,0.00761553,0.0,0.0,1.597784078277304e-08,7.352978226293772e-10,train,train
1973,-0.00807089503410358,-0.00403544751705179,2.7540724971696977,0.02244484951576345,0.02509601,0.0074645103599711524,0.01247957,0.0,0.0,1.2604899860241784e-08,5.368689937057525e-09,train,valid
1974,-0.012876473999993981,-0.0064382369999969906,2.6259287819016213,0.038633594628354646,0.04874909,0.013609351890622248,0.01804391,0.0,0.0,1.5658403278158916e-08,2.515962549409778e-09,train,train
1975,-0.008679664864149474,-0.004339832432074737,3.035404687998995,0.024458699210669402,0.02522384,0.006562238746522917,0.00837538,0.0,0.0,4.184748047320084e-09,5.186391538458679e-09,train,train
1976,-0.03978643824007753,-0.019893219120038764,2.690611128459715,0.14222644761618258,0.20049544,0.026216028391550527,0.03501461,0.0,0.0,1.0222060699371563e-08,5.483576259734946e-09,train,train
1977,-0.01750960095252478,-0.00875480047626239,2.5929251749885345,0.05497584395985659,0.06609571,0.014812515726181807,0.02426682,0.0,0.0,2.079350706315009e-08,4.570739342568686e-09,train,test_ood_short_range
1978,-0.005376395457039931,-0.0026881977285199655,3.0058908405858857,0.013975846250052265,0.01712395,0.004587378194139509,0.00800278,0.0,0.0,9.326291262317156e-09,4.548083687438975e-09,test,train
1979,-0.0024911683536971035,-0.0012455841768485517,3.276790130102276,0.005681178368889092,0.00679905,0.0015556913837744299,0.00293528,0.0,0.0,1.4099714847505392e-08,4.540260278851349e-09,valid,train
1980,-0.017572788151237983,-0.008786394075618991,2.779251364349608,0.0576666636499321,0.07177234,0.02906113815744863,0.03733228,0.0,0.0,8.256175536979312e-09,2.7997067997276304e-09,train,train
1981,-0.007948215745651317,-0.003974107872825658,3.1615314403495893,0.02186264854093468,0.02332662,0.007143631681803497,0.01295943,0.0,0.0,1.040693242924099e-08,4.44261227805498e-09,test,train
1982,-0.02204047834346486,-0.01102023917173243,2.747304322868437,0.07159082635534621,0.08895942,0.017573091788817354,0.02856446,0.0,0.0,8.218830818112831e-09,5.976035222232667e-10,train,train
1983,-0.0055796446392820396,-0.0027898223196410198,3.216989305168432,0.014719606936758422,0.0163671,0.003682486207460027,0.00593783,0.0,0.0,2.4326649259423213e-08,9.024125890988444e-10,train,train
1984,-0.007406448676837758,-0.003703224338418879,3.209856505423171,0.020678797357056335,0.02658124,0.00754242462504819,0.01085174,0.0,0.0,2.1012123476161033e-08,2.4232839068716316e-09,train,valid
1985,-0.013308540312510697,-0.006654270156255348,3.0517893019043476,0.04058749203528061,0.05060697,0.014764366306861374,0.0237214,0.0,0.0,1.777522235374295e-08,6.379054617866586e-09,train,train
1986,-0.02142082425473575,-0.010710412127367876,2.501368350509471,0.06943257731255505,0.07510857,0.017359506804593174,0.03310137,0.0,0.0,8.616612897944853e-09,7.193169948571665e-09,valid,test_ood_short_range
1987,-0.018388532179376027,-0.009194266089688014,2.78238191760944,0.057919287478650834,0.07639253,0.014177928974094442,0.02340283,0.0,0.0,1.6380176640806863e-08,2.274262334012178e-09,test,train
1988,-0.017674963927612072,-0.008837481963806036,2.790238519996578,0.05553698189705457,0.06737895,0.015237598567756666,0.02413108,0.0,0.0,1.0161323114754296e-08,1.1521215093068804e-09,test,train
1989,-0.010412761264262743,-0.005206380632131372,2.9936496483292814,0.030729866942596742,0.03701779,0.010460057352545125,0.01454408,0.0,0.0,2.0935781302895223e-08,2.121763875706506e-09,train,train
1990,-0.021166596220462165,-0.010583298110231083,2.3890206983556603,0.06886810069908346,0.07149325,0.021187721722117348,0.03862825,0.0,0.0,1.3784336627275681e-08,5.393314683743711e-09,train,test_ood_short_range
1991,-0.010903147073389324,-0.005451573536694662,2.694304816662145,0.03202249909493896,0.04374445,0.006994212941169053,0.00946329,0.0,0.0,1.8574381333902913e-08,1.019702100535369e-09,train,train
1992,-0.02762616011072143,-0.013813080055360714,2.650910154681792,0.09388588071977223,0.10992623,0.020921174766930114,0.03984726,0.0,0.0,8.187509461174592e-09,4.836001932240208e-09,valid,train
1993,-0.0066270581122230415,-0.0033135290561115208,3.1857930170325273,0.018061262871141286,0.0192743,0.004683289208078015,0.00755954,0.0,0.0,1.2332528982836637e-08,3.5543412657546014e-09,train,valid
1994,-0.026725516183804136,-0.013362758091902068,2.563406912086098,0.09084576125389744,0.10960148,0.02939297169205449,0.04211045,0.0,0.0,7.704994178586402e-09,1.400817351004946e-09,test,test_ood_short_range
1995,-0.016515041278665054,-0.008257520639332527,2.7312632333743214,0.051487143875699366,0.06551324,0.017773449970215405,0.03169387,0.0,0.0,5.7634498881212864e-09,3.5107872164985565e-09,train,train
1996,-0.009724179532930529,-0.0048620897664652645,2.837653738961796,0.028303254298291686,0.03627244,0.009496997578976384,0.01599709,0.0,0.0,9.231762119557517e-09,4.186121449478719e-09,train,train
1997,-0.013031527776619704,-0.006515763888309852,3.0389622769487903,0.03931682821378398,0.04388135,0.011831806925843999,0.0178217,0.0,0.0,1.713281129457378e-08,5.532783120543172e-09,test,train
1998,-0.009615364126471728,-0.004807682063235864,2.759592976899814,0.027476804569151896,0.03004473,0.009845021607101732,0.01907174,0.0,0.0,1.0047526072829762e-08,2.125899012384025e-09,train,train
1999,-0.012566020420353687,-0.006283010210176843,2.9163628209711794,0.03774804691656201,0.04564172,0.016329807871955097,0.02967644,0.0,0.0,1.4015004355888407e-08,2.381084662772537e-09,train,valid
2000,-0.045921084330172404,-0.022960542165086202,2.5148836172530964,0.16631333813324542,0.17201221,0.03723665069107877,0.06210528,0.0,0.0,2.1849264519801482e-08,2.8741808932863933e-09,test,test_ood_short_range
2001,-0.009532698842786456,-0.004766349421393228,2.7256164273719006,0.0271989457677597,0.02994006,0.009276032857130611,0.01691261,0.0,0.0,1.1057566041861537e-08,3.3963379886259304e-09,valid,train
2002,-0.02086773245117859,-0.010433866225589295,2.8774645718609078,0.06786493760857787,0.07657425,0.01695527574286737,0.03213271,0.0,0.0,1.0743310175755332e-08,2.123816456034433e-09,train,train
2003,-0.007452092681766571,-0.0037260463408832854,2.9338016609549977,0.02062776474040268,0.02418767,0.005181730624892614,0.00801022,0.0,0.0,1.1976163782452028e-08,2.6344404435718616e-09,train,unused
2004,-0.01834370282598292,-0.00917185141299146,2.755120718819644,0.05847075377883716,0.06876565,0.010948049236591574,0.01674974,0.0,0.0,1.93291451926933e-08,3.1800388988756367e-09,train,valid
2005,-0.004309104618586241,-0.0021545523092931203,2.933407513429439,0.010674777848695494,0.01224261,0.002654129690783779,0.00442844,0.0,0.0,4.921596681235446e-09,9.079204055240098e-10,train,unused
2006,-0.00909708229454775,-0.004548541147273875,2.724426728830291,0.025848196697025115,0.03151169,0.00565800764154368,0.00850907,0.0,0.0,7.719269852842185e-09,3.567161233064553e-09,train,train
2007,-0.0017286544523886559,-0.0008643272261943279,3.395648652208368,0.003675863118248557,0.00414077,0.00069931222142426,0.00122428,0.0,0.0,1.768567242188691e-08,2.4482967875272266e-09,train,valid
2008,-0.009370104655280943,-0.0046850523276404715,2.652985918184236,0.026570665644680413,0.03078625,0.005858038454162793,0.00900063,0.0,0.0,1.786359253838694e-08,3.235871126605616e-09,train,train
2009,-0.009254580446627657,-0.004627290223313828,3.1479488431501226,0.02628331841276643,0.03193362,0.008499743193846113,0.01534457,0.0,0.0,7.015448692451672e-09,2.942199817113078e-09,test,train
2010,-0.010595382920315546,-0.005297691460157773,2.9242742582266845,0.030954615941368634,0.04040638,0.010024797401661874,0.01576971,0.0,0.0,1.9884880496543086e-08,4.424638877509324e-09,train,train
2011,-0.012347892696814628,-0.006173946348407314,2.463384359494723,0.03637087227195639,0.0464973,0.00921010395335923,0.01418639,0.0,0.0,1.873148378981108e-08,3.847649088228877e-09,test,test_ood_short_range
2012,-0.00566720374798083,-0.002833601873990415,3.1092026181400305,0.015048185283713338,0.01990236,0.005256102386941931,0.00933818,0.0,0.0,2.1213968747573138e-08,3.1630857932896106e-09,train,train
2013,-0.01619291933665981,-0.008096459668329906,2.780226938012472,0.05036013896745884,0.06209764,0.016019345686676262,0.02573012,0.0,0.0,1.2649773873654473e-08,1.8047672245558033e-09,train,train
2014,-0.028058020815673577,-0.014029010407836788,2.755475591236045,0.09471605685186611,0.11262885,0.02081741382435628,0.0257224,0.0,0.0,1.189193084894224e-08,4.550751886434057e-09,train,train
2015,-0.009908108771074942,-0.004954054385537471,2.85724884904361,0.029091925565799752,0.03693297,0.01163571319331852,0.01994898,0.0,0.0,9.450383593865005e-09,2.2870817462106174e-09,train,train
2016,-0.044048715857153455,-0.022024357928576727,2.6199914423452295,0.16177263071673426,0.20254627,0.04861052764358801,0.08057791,0.0,0.0,9.471485749705252e-09,5.193106167311612e-09,train,test_ood_short_range
2017,-0.011503906242677412,-0.005751953121338706,2.5792280918972037,0.03375887874394182,0.04644609,0.0095760712723747,0.01583602,0.0,0.0,1.3982257344592025e-08,1.8946694213539672e-09,test,test_ood_short_range
2018,-0.02701399754593894,-0.01350699877296947,2.753855086496461,0.09343865430891544,0.1268255,0.039327021086342145,0.06441235,0.0,0.0,1.5815967487760055e-08,4.164639522130642e-09,test,valid
2019,-0.003456489619951991,-0.0017282448099759954,3.124053324183943,0.00833635973922671,0.01053187,0.0020669925349768438,0.00374149,0.0,0.0,2.7466973868179394e-08,3.373917145665928e-09,train,valid
2020,-0.014356673978274948,-0.007178336989137474,2.7131409863231184,0.04462281398784483,0.06413407,0.01872629265296791,0.02749763,0.0,0.0,2.1291360862814608e-08,4.609322035165064e-09,train,valid
2021,-0.007262668555024324,-0.003631334277512162,2.9199666506994784,0.019981045057939288,0.02524221,0.007242051959874125,0.01381864,0.0,0.0,8.133614629413247e-09,4.009004905825009e-09,train,train
2022,-0.010001494424544356,-0.005000747212272178,2.8853307758649516,0.028992984730407914,0.03676565,0.01095093038995698,0.02074966,0.0,0.0,2.035553583208079e-08,2.6186469659350564e-09,train,train
2023,-0.004542782047379104,-0.002271391023689552,2.9486968883338505,0.01139016014929553,0.01386949,0.003442350363705008,0.00576807,0.0,0.0,7.905989843406906e-09,2.5935904535145937e-09,test,train
2024,-0.011264993526224213,-0.005632496763112106,2.8399064113713215,0.032463710340960204,0.03942664,0.0074422665058871676,0.01212656,0.0,0.0,1.2685415843361401e-08,2.5773805312212517e-09,valid,train
2025,-0.006881577704768941,-0.0034407888523844705,2.991239619869507,0.018550186065882646,0.02066441,0.00419833112000471,0.00745418,0.0,0.0,4.2636689758649605e-09,2.683045341456136e-09,train,valid
2026,-0.006059027346250997,-0.0030295136731254987,2.855199998686776,0.016069112314286895,0.01730365,0.0038186345344333053,0.00576622,0.0,0.0,1.0114648001800389e-08,6.586589273993582e-09,train,train
2027,-0.015295135913478105,-0.007647567956739053,2.7630145827637813,0.04740446703306556,0.04800767,0.013921875669636498,0.01856414,0.0,0.0,1.2865883377752901e-08,3.6399445679791143e-09,train,train
2028,-0.005798023771849008,-0.002899011885924504,3.144540118825615,0.01538125566483764,0.01611614,0.003953493177088248,0.00717053,0.0,0.0,8.540641307610186e-09,4.703823774931948e-09,test,train
2029,-0.012610469179484477,-0.006305234589742238,2.7419893647823836,0.037871090697845854,0.04844235,0.014427400315146869,0.02574021,0.0,0.0,8.168299893771959e-09,1.6626242604900199e-09,valid,train
2030,-0.026085666486644163,-0.013042833243322081,2.6934481103626142,0.08898125200280263,0.1079492,0.030333787470948136,0.04959679,0.0,0.0,6.154232179057441e-09,4.466323422214202e-09,train,valid
2031,-0.04352760153237418,-0.02176380076618709,2.387817593033265,0.15833746528363282,0.20407892,0.026500233732405395,0.03705354,0.0,0.0,6.3009140076179e-09,6.1422632535723665e-09,train,test_ood_short_range
2032,-0.011699934775447922,-0.005849967387723961,2.7515696935183622,0.03490203276122849,0.04771946,0.011280334300785,0.01922086,0.0,0.0,2.232843881386614e-08,4.242910356389018e-09,train,train
2033,-0.011283826504887134,-0.005641913252443567,2.72462217219821,0.0332996439477957,0.04030707,0.008145568084531204,0.01371721,0.0,0.0,2.0338151754684418e-08,2.834641410487393e-09,train,train
2034,-0.028020227179868393,-0.014010113589934196,2.6867280602581465,0.0955904127315693,0.1090583,0.017004096781572473,0.02687347,0.0,0.0,1.155381481577931e-08,1.9964935260574634e-09,train,train
2035,-0.007339297058195207,-0.0036696485290976036,2.6661585809507793,0.019850624620840862,0.02437429,0.0038338118509650414,0.00728017,0.0,0.0,5.3451065723882456e-09,2.4359803063589425e-09,train,train
2036,-0.006970697267993269,-0.0034853486339966344,2.6240077595628835,0.0184875134850796,0.0204835,0.0016171981207941096,0.00214514,0.0,0.0,8.706439988166501e-09,6.253525475230504e-10,test,test_ood_short_range
2037,-0.0074914365412705845,-0.0037457182706352923,2.76732723252838,0.020449828142480808,0.02513914,0.005563320937589046,0.00904755,0.0,0.0,5.76201986015634e-09,3.1387314969322233e-09,train,valid
2038,-0.012529049490399303,-0.006264524745199652,2.70319809063673,0.03723454239462599,0.04844164,0.0089968468084611,0.01583043,0.0,0.0,3.5658757067088264e-09,1.8135006829567146e-09,test,valid
2039,-0.014114071745273734,-0.007057035872636867,2.616621637012554,0.04325095530200537,0.05442512,0.0140698376024518,0.02084434,0.0,0.0,1.5655749582744246e-08,3.789844438273349e-09,train,test_ood_short_range
2040,-0.006215970028980662,-0.003107985014490331,2.874657035088677,0.01657724484957618,0.01991078,0.004587021227081906,0.00663032,0.0,0.0,8.880893434689802e-09,2.416154831763606e-09,train,train
2041,-0.05974430287859532,-0.02987215143929766,2.430561812422787,0.22731513587984375,0.28919423,0.09603433984679058,0.13970728,0.0,0.0,4.55071614484497e-09,3.7046328227319236e-09,train,test_ood_short_range
2042,-0.01790578113860657,-0.008952890569303285,2.8932534069577467,0.055907733565098726,0.05925675,0.011874814534972043,0.01925172,0.0,0.0,7.4396187015262e-09,2.266828058594683e-09,train,unused
2043,-0.005260743574264462,-0.002630371787132231,2.9310072872643245,0.013527641599959938,0.0174519,0.003509638046233068,0.00526993,0.0,0.0,9.420181056248588e-09,4.144113718851372e-09,test,train
2044,-0.005492760486468375,-0.0027463802432341877,3.0216777629668274,0.014418135184317933,0.01862718,0.005553877094730011,0.00861438,0.0,0.0,7.70395410550276e-09,4.2261905086604656e-10,train,valid
2045,-0.01687888308281924,-0.00843944154140962,2.709919675666345,0.05438395588719219,0.06401013,0.02456327185997046,0.03927375,0.0,0.0,1.0377076442279971e-08,3.4631885137414997e-09,valid,train
2046,-0.014747972484609727,-0.007373986242304864,2.4908513716657397,0.04475659709368068,0.06512033,0.010066425036786893,0.01882278,0.0,0.0,1.4405114663247602e-08,6.095225546509653e-09,train,test_ood_short_range
2047,-0.012048717676061887,-0.006024358838030944,2.8090699188790396,0.035953420448670344,0.04293249,0.012614946718102565,0.021343,0.0,0.0,1.835790729334581e-08,1.9409710505513544e-09,train,train
2048,-0.006896706284883292,-0.003448353142441646,2.7025516516543773,0.01835408151686794,0.01990691,0.003973009873729236,0.00633364,0.0,0.0,1.182468759154876e-08,3.5849245794139506e-09,train,train
2049,-0.006230097140265501,-0.0031150485701327505,2.9847922763639345,0.01675578356405334,0.01919347,0.004093372442487571,0.00652397,0.0,0.0,1.7844256905690154e-08,2.761125328376579e-09,train,valid
2050,-0.00403954199863759,-0.002019770999318795,3.1003612923006396,0.010060759615350457,0.01120284,0.002489763932112842,0.00424781,0.0,0.0,9.52409429783395e-09,4.191233360373303e-09,test,train
2051,-0.00612020709228258,-0.00306010354614129,2.938222423769266,0.01632548242012468,0.01956053,0.004249333446934158,0.00785786,0.0,0.0,4.280516501444386e-09,3.808865667309647e-09,train,train
2052,-0.007067267649812759,-0.0035336338249063793,3.1438032668273386,0.019393191668092353,0.02021808,0.005147243422528865,0.00734006,0.0,0.0,6.182945652993431e-09,5.177110073972813e-09,train,train
2053,-0.008482040714867484,-0.004241020357433742,3.0587227729730966,0.0239993565590698,0.02909596,0.00641440667241328,0.0098961,0.0,0.0,6.925812215792402e-09,2.0130488387337664e-09,valid,train
2054,-0.005038708056021377,-0.0025193540280106885,3.251708971913804,0.013107659093488051,0.01555842,0.003703403622509524,0.00538374,0.0,0.0,9.917302708863327e-09,1.863900811471808e-09,train,valid
2055,-0.044223206129519764,-0.022111603064759882,2.4725752234277594,0.16950997954900446,0.25885822,0.07964628244338631,0.10476741,0.0,0.0,1.2488825005699515e-08,2.479838445701432e-09,train,test_ood_short_range
2056,-0.012722391000604336,-0.006361195500302168,2.8587238316962935,0.038436904831352724,0.04732428,0.006932733299354832,0.01057801,0.0,0.0,1.5648011762301465e-08,5.853325713012225e-09,train,valid
2057,-0.008603840170543779,-0.004301920085271889,3.1344464709585043,0.024393890294952272,0.02915274,0.010642637120266136,0.01375375,0.0,0.0,1.8041655418210477e-08,3.624527677992262e-09,train,train
2058,-0.006473514277211705,-0.0032367571386058523,2.8884778110197558,0.01731429587537131,0.01996862,0.00598724875646987,0.01036761,0.0,0.0,7.087674234105447e-09,8.930463035738967e-10,train,train
2059,-0.01431770566494974,-0.00715885283247487,2.914018556288503,0.04423518994814498,0.05286046,0.011453572071102973,0.01774313,0.0,0.0,1.0970283695211517e-08,3.53333118319199e-09,train,train
2060,-0.010212922998641417,-0.0051064614993207086,2.829361569976309,0.029930612266169897,0.04016564,0.010713044534335234,0.01532826,0.0,0.0,1.9674942498587634e-08,2.7582958139760194e-09,train,train
2061,-0.007323053394189161,-0.0036615266970945804,2.933210896240384,0.02009788443564065,0.02550579,0.005649112637591855,0.00967049,0.0,0.0,7.822371840932308e-09,3.1849385351279125e-09,valid,train
2062,-0.011769720473730955,-0.005884860236865477,2.9373212899671697,0.03554374401651764,0.04512774,0.014902909107891207,0.02465413,0.0,0.0,1.1114304748906694e-08,2.0034597314477764e-09,test,train
2063,-0.05024754112958378,-0.02512377056479189,2.6242678553283265,0.1893900999880653,0.20625176,0.07868691719632465,0.14817379,0.0,0.0,3.342245885113327e-09,3.188814545751484e-09,train,train
2064,-0.004976637398192631,-0.0024883186990963153,3.012288468354813,0.012814300763929079,0.01453089,0.002221516598163666,0.00381316,0.0,0.0,1.128601644708929e-08,4.918419671540164e-09,train,train
2065,-0.019867213876035215,-0.009933606938017607,2.6145845842194078,0.06438913759507034,0.09096227,0.014310782377139042,0.02762364,0.0,0.0,1.355149180379139e-08,1.6878843878131988e-09,test,test_ood_short_range
2066,-0.006722681682065237,-0.0033613408410326185,3.047420955642735,0.01790251106159971,0.02012764,0.003959329469786098,0.00689806,0.0,0.0,1.2714952677827806e-08,3.975101026121308e-09,train,train
2067,-0.00668177888967713,-0.003340889444838565,2.91482353205764,0.018065103924167353,0.01944519,0.004136314978526579,0.00681289,0.0,0.0,1.1382730927114681e-08,6.060506763105877e-09,test,valid
2068,-0.014576630572141511,-0.007288315286070756,2.98180184805927,0.044712081944072266,0.05205935,0.014726784770749067,0.02173068,0.0,0.0,1.420426504619785e-08,3.2253910653423645e-09,train,train
2069,-0.010980656389241814,-0.005490328194620907,2.8473555581112433,0.0323260787948951,0.0368473,0.010905504730005238,0.0198952,0.0,0.0,7.3120922035424944e-09,4.467628267335044e-09,train,train
2070,-0.014632862644595838,-0.007316431322297919,2.938099141314571,0.044642831620025705,0.05281517,0.014400386912756892,0.02339589,0.0,0.0,1.168128192458973e-08,3.8857994599794665e-09,train,unused
2071,-0.004932387332862114,-0.002466193666431057,3.288156230278883,0.012586484556748429,0.01321854,0.002916645387672854,0.00456435,0.0,0.0,1.060290790926656e-08,9.117353538812267e-10,train,valid
2072,-0.016067624352327437,-0.008033812176163719,2.6354716417938517,0.050204375912333246,0.05547826,0.020800412370848963,0.03249774,0.0,0.0,1.6362996894456205e-08,5.500091826426967e-09,train,valid
2073,-0.006482747493886761,-0.0032413737469433805,3.0348340081380436,0.01750368750213223,0.01793418,0.007079899251556008,0.01206052,0.0,0.0,6.480851883834183e-09,5.201050701231225e-09,train,train
2074,-0.02127426519607766,-0.01063713259803883,2.583316674348502,0.07104682800712171,0.09282153,0.030532006855018282,0.0471639,0.0,0.0,1.0798788255031406e-08,4.686533161546436e-09,train,test_ood_short_range
2075,-0.0051155278965577256,-0.0025577639482788628,3.2180860406332,0.013315735439693145,0.01436279,0.005963621337705248,0.00886283,0.0,0.0,9.44384038883457e-09,3.4641176593908085e-09,train,train
2076,-0.0052148640385279105,-0.0026074320192639553,3.2411506805175136,0.013534549076569438,0.01546179,0.004700970688391565,0.00789705,0.0,0.0,1.481130864086081e-08,1.8851545879883247e-09,train,train
2077,-0.012368842214869035,-0.006184421107434518,3.137306321689021,0.03611035385356117,0.04007011,0.009125453873730519,0.01394197,0.0,0.0,1.4558407990412753e-08,3.855238683847517e-09,valid,train
2078,-0.00728841575499619,-0.003644207877498095,2.8657316612367185,0.02002061072225487,0.0228878,0.004734509298670771,0.00753939,0.0,0.0,6.766639833214754e-09,2.2878350325328256e-09,test,train
2079,-0.0036256796352304313,-0.0018128398176152157,3.247436589456252,0.00878891121217526,0.00956405,0.0025577038183658665,0.00400919,0.0,0.0,1.4314065702894453e-08,5.744479003588765e-09,train,train
2080,-0.05524326269286137,-0.027621631346430683,2.568502586764153,0.21561911792452865,0.2624666,0.09155375972936729,0.12756199,0.0,0.0,5.20642978297172e-09,5.276138859144908e-09,train,test_ood_short_range
2081,-0.014405539640620265,-0.007202769820310133,3.064157548739009,0.04581653698105703,0.06143355,0.025070410863594423,0.03698837,0.0,0.0,1.3265324764228392e-08,4.2617211981621494e-09,valid,unused
2082,-0.00847623387476945,-0.004238116937384725,2.866490638030675,0.023885498224026365,0.02630915,0.009396052661799882,0.01685757,0.0,0.0,9.713599792527298e-09,4.375478313001224e-09,train,train
2083,-0.01568815541908822,-0.00784407770954411,2.526353089413992,0.04890304556258264,0.05400234,0.013729110840668695,0.02064154,0.0,0.0,1.2222027300004633e-08,2.433491186337733e-09,train,test_ood_short_range
2084,-0.0038594060897152688,-0.0019297030448576344,3.047912469590789,0.009456056465937585,0.01175675,0.001718940751136195,0.00277984,0.0,0.0,1.9440241114436002e-08,5.7781905926646004e-09,valid,valid
2085,-0.005610409603212941,-0.0028052048016064704,3.1175015605211494,0.014810894581013666,0.01791344,0.005248874738224058,0.00975898,0.0,0.0,1.73440351202229e-08,5.494872334921297e-09,valid,train
2086,-0.008263368237249491,-0.0041316841186247455,2.7972976427574885,0.02293306855668178,0.02618742,0.003550394050172459,0.00545643,0.0,0.0,1.7021543984514873e-08,4.723841762199754e-09,train,valid
2087,-0.013797778688897373,-0.006898889344448687,2.97699669709855,0.04208215727470017,0.04706216,0.011686793849391856,0.01838153,0.0,0.0,1.930919973747995e-08,2.745919713831313e-09,train,train
2088,-0.00443114013658349,-0.002215570068291745,3.2654485718076023,0.011271119808061072,0.01340335,0.0032286827537428738,0.00574009,0.0,0.0,1.1700050520264097e-08,4.973775391547974e-09,train,train
2089,-0.011277047051813061,-0.0056385235259065304,2.8802645984674875,0.033205442062220765,0.03899668,0.010290236176516228,0.0158482,0.0,0.0,1.2231151177146474e-08,5.13631848164664e-09,train,train
2090,-0.012234964607253533,-0.0061174823036267666,2.653203776804486,0.036767612439128634,0.04638675,0.013458268078854599,0.02646341,0.0,0.0,1.0367256687725623e-08,5.889406740067216e-10,train,train
2091,-0.025118629794602883,-0.012559314897301442,2.632190946686577,0.08434218268632962,0.10208077,0.031065754881029906,0.05655743,0.0,0.0,1.1870575235370363e-08,2.1905359748330966e-09,valid,train
2092,-0.013706364551276221,-0.006853182275638111,2.633909758539571,0.041617439394956775,0.05452741,0.015391277785462346,0.02875284,0.0,0.0,3.1119322331335933e-09,2.340749816198695e-09,train,train
2093,-0.0150366157099784,-0.0075183078549892,2.78275124566365,0.0468641290049223,0.059612,0.017346891543118994,0.02895031,0.0,0.0,1.3638419637320317e-08,1.669792859537722e-09,train,train
2094,-0.004950969726652877,-0.0024754848633264386,3.2148233578481187,0.012824373347359575,0.01453477,0.0029760321055419857,0.00582844,0.0,0.0,1.0091883192147989e-08,2.6205293490733084e-09,train,train
2095,-0.005609140248847497,-0.0028045701244237484,3.228912362913206,0.014801389343587535,0.01584189,0.0038512112218495624,0.0056199,0.0,0.0,1.4811489773390687e-08,4.879702419913201e-09,train,train
2096,-0.006730376825511364,-0.003365188412755682,2.840454044616604,0.018075019553039678,0.01946731,0.006064488170274554,0.01077992,0.0,0.0,1.3186676813542476e-08,2.7804546443022105e-09,valid,valid
2097,-0.020783880874876346,-0.010391940437438173,2.5879085011303293,0.06767485262666802,0.08708841,0.026695964008334357,0.05178413,0.0,0.0,6.687975891724002e-09,4.314527957127723e-09,train,test_ood_short_range
2098,-0.023747125192923994,-0.011873562596461997,2.420552590338791,0.07900360382521399,0.10382556,0.01229815765897139,0.02474452,0.0,0.0,1.2094407387820238e-08,3.847235863219112e-09,train,test_ood_short_range
2099,-0.005928343048405179,-0.0029641715242025896,2.7534490850316407,0.015429188370468486,0.01811773,0.00304735784284791,0.00462321,0.0,0.0,1.1167527604051386e-08,3.75490460946537e-09,train,train
2100,-0.03892080582619151,-0.019460402913095753,2.5597443080075633,0.13939597983440088,0.17801436,0.04097446262411381,0.05594341,0.0,0.0,1.3791615189770122e-08,1.3578445035022924e-09,valid,test_ood_short_range
2101,-0.007621748472982333,-0.0038108742364911666,3.083530634879613,0.02116523939724913,0.02570431,0.007195351825934805,0.01166725,0.0,0.0,1.0792218970968601e-08,3.3441815983081824e-09,train,train
2102,-0.04525301440542456,-0.02262650720271228,2.4933774102797073,0.1676537164440409,0.23009458,0.05219417744469811,0.07356497,0.0,0.0,1.3675867394471183e-08,3.879955468022445e-09,train,test_ood_short_range
2103,-0.006620136329077717,-0.0033100681645388584,2.974709558429847,0.017833168178700048,0.02058833,0.0031247215206932173,0.00627299,0.0,0.0,8.052339871619867e-09,6.409420993946924e-09,train,train
2104,-0.004149875313264876,-0.002074937656632438,3.0330205166459905,0.010283740729870625,0.01183042,0.0033611420716253572,0.00652304,0.0,0.0,1.7295466273794235e-08,4.106067263975888e-09,train,train
2105,-0.012036881295048246,-0.006018440647524123,2.8804438840612336,0.03615950029757418,0.04573034,0.00833141218564416,0.01203092,0.0,0.0,1.4623600602671682e-08,3.979984120050517e-09,train,train
2106,-0.016880752734229516,-0.008440376367114758,2.6375089980556847,0.05271056748142824,0.05335399,0.017208528454222438,0.02904272,0.0,0.0,1.3938716989430952e-08,2.7592234053130937e-09,train,train
2107,-0.004465775104644212,-0.002232887552322106,3.1468977701772793,0.011240191460519404,0.01234707,0.0027184481287399987,0.00454626,0.0,0.0,5.937366236257161e-09,3.966076689287945e-09,train,train
2108,-0.00662836215389671,-0.003314181076948355,2.9811150282762675,0.017904034399709095,0.02271039,0.0058146685370807395,0.01004296,0.0,0.0,1.51549030540943e-08,6.098436422519171e-09,train,train
2109,-0.009634778248729717,-0.004817389124364859,2.92397756000462,0.027748089955953122,0.03176527,0.010789669466348354,0.01962603,0.0,0.0,1.807565713317137e-08,1.8411874247448168e-09,train,train
2110,-0.08387583257518601,-0.041937916287593004,2.559577455241038,0.33062550764941745,0.39835132,0.08026864697316154,0.1322356,0.0,0.0,1.1306298689830648e-08,4.001629694272424e-09,train,test_ood_short_range
2111,-0.010965596559105678,-0.005482798279552839,2.904700165587834,0.0326042138640115,0.04313141,0.012714438411953815,0.02159481,0.0,0.0,2.6023708210877668e-08,2.075799532264e-09,test,train
2112,-0.029540286959896755,-0.014770143479948377,2.7830443772784608,0.1020303049371086,0.12926283,0.035020190247966716,0.06295081,0.0,0.0,1.2015833140217584e-08,4.92719753886206e-09,train,valid
2113,-0.008911085599893842,-0.004455542799946921,3.151317521287658,0.02530684064585766,0.02816124,0.007523033309345152,0.01328873,0.0,0.0,7.677918097156783e-09,3.6922291890562065e-09,valid,train
2114,-0.008417339636485794,-0.004208669818242897,2.9753245129288266,0.023905094608188994,0.02780164,0.007786432315514168,0.01404148,0.0,0.0,1.0086357657489676e-08,2.808707266765964e-09,valid,train
2115,-0.011051873689394745,-0.005525936844697372,2.668422827822355,0.03246975566953499,0.03296763,0.005543060027629144,0.0082111,0.0,0.0,1.534608466741792e-08,3.5247076368705166e-09,train,valid
2116,-0.031037489820504027,-0.015518744910252014,2.840766937179889,0.10681749790676603,0.13104073,0.026607780188005477,0.0522767,0.0,0.0,7.610460576931001e-09,1.485627842967574e-09,train,train
2117,-0.021195708212981095,-0.010597854106490548,2.58298136396364,0.06920959492564717,0.0931863,0.024219650806470146,0.03648316,0.0,0.0,8.456085051277969e-09,3.5424279065665587e-09,train,test_ood_short_range
2118,-0.009760584534684109,-0.004880292267342054,2.8287622492051128,0.028234510990484678,0.03140437,0.010588390103773252,0.01606549,0.0,0.0,1.5132424275160283e-08,2.974706703184893e-09,train,train
2119,-0.012248803653747184,-0.006124401826873592,2.7858175239881287,0.03676808926192113,0.04010324,0.010646561172311305,0.01812079,0.0,0.0,1.1852291896053683e-08,2.0667118016959307e-09,test,train
2120,-0.014773906419817493,-0.0073869532099087466,2.8158641368266415,0.04570048505772559,0.06328239,0.013738761920171942,0.02252757,0.0,0.0,1.5526414092310225e-08,5.8915039513607326e-09,train,train
2121,-0.003496698701769785,-0.0017483493508848925,3.2985995850735215,0.008501593940881519,0.0102714,0.0030981010541163223,0.00579299,0.0,0.0,4.6000417295925575e-09,2.3112223246357644e-09,valid,train
2122,-0.01152776756250203,-0.005763883781251015,2.664524983468931,0.033578234799355275,0.03647853,0.0034437272551287607,0.00469881,0.0,0.0,1.1444177931819906e-08,2.4296679113078312e-09,train,train
2123,-0.012201687642659288,-0.006100843821329644,2.8711654755978784,0.036522815321325286,0.04815603,0.012473460927467832,0.02270822,0.0,0.0,2.0924058268748716e-08,3.153966310343037e-09,valid,train
2124,-0.003102865071969618,-0.001551432535984809,3.348066809861205,0.007352204211608924,0.00853816,0.0020657183931584995,0.00364015,0.0,0.0,8.90021024978763e-09,1.2078009703486714e-09,test,train
2125,-0.021652496903908334,-0.010826248451954167,2.641766424657282,0.07120966895056528,0.0894907,0.025172004788368566,0.03390163,0.0,0.0,6.38334075995146e-09,4.12900025281715e-09,train,train
2126,-0.017796596956355142,-0.008898298478177571,2.954847614365785,0.05552735154931426,0.06409871,0.017544469765029474,0.02959332,0.0,0.0,1.476601539394578e-08,3.0784390592231148e-09,train,train
2127,-0.002008279229008919,-0.0010041396145044595,3.396645673313827,0.004399058291896119,0.0050492,0.001057159335586016,0.00187599,0.0,0.0,2.3106118829693733e-08,4.14604506282501e-09,train,train
2128,-0.011326207920302383,-0.005663103960151191,2.9154407218109544,0.033275910568356104,0.03921402,0.011385775352068328,0.0161977,0.0,0.0,1.0678544377659825e-08,1.9699527564753794e-09,train,train
2129,-0.007337256796647142,-0.003668628398323571,2.9593369375511354,0.02016501596494698,0.02507342,0.005828472820210568,0.01076271,0.0,0.0,4.0186951082265055e-09,4.0599581474509705e-09,train,train
2130,-0.009809366969710645,-0.0049046834848553225,3.033561272528093,0.028500567374785717,0.03181486,0.006846118624027048,0.01217357,0.0,0.0,1.1919763684873617e-08,4.201070158416087e-09,test,train
2131,-0.00804224660894096,-0.00402112330447048,2.844207504138677,0.022402324377880967,0.02463773,0.00482651682610935,0.00738672,0.0,0.0,4.6961868042615025e-09,2.638633533891266e-09,train,train
2132,-0.012073642288018672,-0.006036821144009336,2.802569750666687,0.03555509035577185,0.04533233,0.010200176762385051,0.01942828,0.0,0.0,2.0612973202197467e-08,3.306123153024032e-09,train,train
2133,-0.02168285742472447,-0.010841428712362235,2.6872931926754147,0.0712447114789388,0.08412312,0.02123059977962037,0.03251324,0.0,0.0,1.6836163875573916e-08,2.4275981225230225e-09,valid,valid
2134,-0.009144265649513495,-0.004572132824756748,2.955411172254067,0.025935538379123088,0.03009447,0.007822900035468518,0.01088093,0.0,0.0,1.736147587802472e-08,5.317662532533518e-09,train,train
2135,-0.004062405116458796,-0.002031202558229398,3.1817599691116785,0.010043837787479444,0.0119347,0.0027722978044274634,0.00564714,0.0,0.0,1.5021840988129508e-08,5.916535927852351e-09,train,train
2136,-0.03356067575603692,-0.01678033787801846,2.781454474589597,0.1197171516665312,0.15077001,0.048428702496966264,0.06752306,0.0,0.0,4.248936794420636e-09,3.751548294239626e-09,train,train
2137,-0.00946477860334388,-0.00473238930167194,2.80182840576104,0.02723115049654898,0.03212673,0.009992761019051907,0.01726396,0.0,0.0,1.515128330133713e-08,2.70512945377277e-09,test,valid
2138,-0.0030103694533217895,-0.0015051847266608948,3.3202684692253364,0.0071482964568093665,0.00901908,0.003050376721802844,0.00494159,0.0,0.0,2.3305961024665697e-08,4.8335661029241805e-09,test,train
2139,-0.005851827018693219,-0.0029259135093466096,2.836479090527035,0.015360704728429615,0.01732994,0.004432309710611764,0.00880089,0.0,0.0,8.263898522003583e-09,4.025676125785083e-09,valid,train
2140,-0.033003581745857276,-0.016501790872928638,2.8682665753807712,0.11537388605713816,0.13423823,0.0372103671328173,0.05378588,0.0,0.0,1.1087578665094827e-08,3.6569958172805173e-09,train,train
2141,-0.03768644387993388,-0.01884322193996694,2.714643418442423,0.1345380381268928,0.18717813,0.030135927084878,0.05189518,0.0,0.0,1.298915002047517e-08,4.469773773330132e-09,train,train
2142,-0.031431211642798065,-0.015715605821399033,2.637634328503969,0.10896051851163797,0.14247533,0.028937548557311888,0.04904377,0.0,0.0,1.9118363149387716e-08,1.4283455529451317e-09,train,train
2143,-0.004852393617310429,-0.0024261968086552147,2.93056624351351,0.012319407156831857,0.01352957,0.0035199042426629547,0.00700249,0.0,0.0,9.194552909450142e-09,2.1629757984698017e-09,test,train
2144,-0.022416560589887887,-0.011208280294943944,2.544211765724049,0.07435571105184995,0.08568629,0.01964629090237052,0.03142697,0.0,0.0,8.544664877966887e-09,4.129677488862171e-09,train,test_ood_short_range
2145,-0.008593074127129108,-0.004296537063564554,2.972620422990775,0.024496637207835282,0.02843437,0.008550774017485201,0.0125513,0.0,0.0,6.092277485629786e-09,3.740078580172224e-09,train,train
2146,-0.004613006810779268,-0.002306503405389634,3.0538150081336757,0.011677899217800262,0.0133185,0.004167154910679468,0.00676861,0.0,0.0,1.5754301419377937e-08,1.8389809675056767e-09,train,train
2147,-0.013836252093721501,-0.006918126046860751,2.929930781614493,0.04238732954416056,0.05091422,0.009863948203177401,0.01736608,0.0,0.0,7.188349203198462e-09,3.1798154109807797e-09,train,train
2148,-0.028180418585645614,-0.014090209292822807,2.7177094145307987,0.0976491471863496,0.11436404,0.032035628856471925,0.04476496,0.0,0.0,1.5285801461264925e-08,1.9782611104801617e-09,train,valid
2149,-0.01042091860088715,-0.005210459300443575,2.972286899077064,0.030291892990333236,0.0385685,0.006083529222216876,0.01366415,0.0,0.0,1.4390489363729568e-08,2.420955880211295e-09,test,train
2150,-0.010017293017868271,-0.0050086465089341356,2.983861858767843,0.029428593703080687,0.0373841,0.010187820483849822,0.01390533,0.0,0.0,1.8206479561869057e-08,6.391672968675266e-09,train,train
2151,-0.020418691304967287,-0.010209345652483643,2.5164670101677262,0.06704362750783179,0.09457739,0.02451664978518068,0.04615796,0.0,0.0,1.53272751029444e-08,4.532234476606334e-09,train,test_ood_short_range
2152,-0.010862950670017664,-0.005431475335008832,2.959278869413497,0.032084269689341534,0.04089972,0.011573854890090279,0.01550829,0.0,0.0,1.0280083754632704e-08,2.619264694025958e-09,train,train
2153,-0.018365713000419705,-0.009182856500209852,3.02116522923741,0.05909205370127441,0.07523695,0.021592122702379216,0.04163636,0.0,0.0,1.8226990838256483e-08,1.909033819913475e-09,valid,valid
2154,-0.007153289579171738,-0.003576644789585869,3.285260374574952,0.019559385705992915,0.02263993,0.004178851508837885,0.00679746,0.0,0.0,2.3149226834234584e-08,2.650696107053818e-09,valid,valid
2155,-0.01110480711625062,-0.00555240355812531,2.8653194045667005,0.03315161097253495,0.04324204,0.014155456308695951,0.02446529,0.0,0.0,8.309730222512885e-09,2.896954676145924e-09,train,train
2156,-0.005503976477787158,-0.002751988238893579,3.1321998495296346,0.014515624069951891,0.01738744,0.0037742258554768556,0.00594841,0.0,0.0,1.1919444391635032e-08,4.381132123754128e-09,test,train
2157,-0.024074611009694765,-0.012037305504847383,2.68033886251763,0.0813710848858854,0.11389087,0.030518699594706412,0.04254567,0.0,0.0,1.0335186644190683e-08,7.741081109458037e-10,train,train
2158,-0.011388549213743372,-0.005694274606871686,2.6986444733645416,0.03340772395089744,0.04490528,0.011507917489481606,0.01916366,0.0,0.0,8.615415900729279e-09,2.21690044099887e-09,valid,train
2159,-0.00931103000337326,-0.00465551500168663,2.7343425780481585,0.02623748349191223,0.03641889,0.005486281976378295,0.0082592,0.0,0.0,4.359723759307817e-09,7.364784337937635e-10,train,train
2160,-0.058262582871803636,-0.029131291435901818,2.3294741475846648,0.22376356860625077,0.22937821,0.06345214204858361,0.08979831,0.0,0.0,6.716128823026302e-09,2.11038553299403e-09,train,test_ood_short_range
2161,-0.01262416738453403,-0.006312083692267015,2.7780196413814875,0.03783394503085776,0.04274197,0.011332943644172212,0.02131484,0.0,0.0,7.59512237371235e-09,2.1536519234643947e-09,valid,train
2162,-0.005992821098776433,-0.0029964105493882165,2.9592961542276623,0.015780341024040006,0.02062633,0.004518951104688638,0.00673545,0.0,0.0,1.8807524680912537e-08,4.538574183143851e-09,train,train
2163,-0.003924022147778391,-0.0019620110738891956,2.988167443483576,0.009583982452053354,0.01101605,0.0024287550690597296,0.00451139,0.0,0.0,1.809233660718302e-08,2.5878178488980552e-09,valid,train
2164,-0.019322045265099775,-0.009661022632549887,2.615304721795416,0.06302234701241272,0.076814,0.022123860973605323,0.03064234,0.0,0.0,5.03695752798032e-09,3.434725837081487e-09,train,test_ood_short_range
2165,-0.011480119426184748,-0.005740059713092374,3.006975078296276,0.03374719505002947,0.03730759,0.012749779012586192,0.01764653,0.0,0.0,1.6263275385996798e-08,4.785809082363812e-09,test,train
2166,-0.016063862933569425,-0.008031931466784712,2.990063215232363,0.04960757579656929,0.05518159,0.014028790346117396,0.02297711,0.0,0.0,7.806821838680022e-09,3.387014224642826e-09,train,train
2167,-0.005657040605800782,-0.002828520302900391,3.1038678072688572,0.014965712094723948,0.02000098,0.006138092109819902,0.01071041,0.0,0.0,2.3024476824876376e-08,3.5526521724449367e-09,valid,train
2168,-0.004182664936745051,-0.0020913324683725257,3.194134995567107,0.01052599502304493,0.01293929,0.0025430290727267222,0.00326871,0.0,0.0,3.6145523176409108e-09,2.441811530751181e-09,train,train
2169,-0.004082244792761191,-0.0020411223963805957,3.094186720717187,0.010163672123952052,0.01156808,0.0017999184808948061,0.00288021,0.0,0.0,5.287618132672779e-09,2.692653877645057e-09,train,train
2170,-0.0032035360951507444,-0.0016017680475753722,3.1081484198948295,0.007567504565509029,0.00891566,0.001488915813122645,0.00242612,0.0,0.0,1.3443221175325136e-08,2.2409285538316226e-09,train,train
2171,-0.0033445497286023603,-0.0016722748643011802,3.177057418819039,0.008036342374575638,0.00868523,0.001978261688221084,0.00315433,0.0,0.0,1.2658885157878343e-08,2.9387354771870378e-09,train,train
2172,-0.007174371032338533,-0.0035871855161692663,2.7938405385009175,0.019464681728341548,0.02547366,0.006603871570098104,0.01333705,0.0,0.0,9.228203409386546e-09,4.183078661235129e-09,train,train
2173,-0.019769275183113222,-0.009884637591556611,2.4295001378390513,0.06356452962845369,0.08993502,0.021089481770153417,0.03677824,0.0,0.0,1.9602312446082853e-08,5.684659742932752e-09,train,test_ood_short_range
2174,-0.008774813684589376,-0.004387406842294688,2.695393431053613,0.024737374468302008,0.02943083,0.005913837370192331,0.00806608,0.0,0.0,1.1380612379462703e-08,4.819917132081741e-09,train,train
2175,-0.008862048881685076,-0.004431024440842538,2.884310539410346,0.024862097348277625,0.02679138,0.0052606977974251025,0.00921984,0.0,0.0,1.4878990213858654e-08,1.7414535369297823e-09,valid,train
2176,-0.02168848652348406,-0.01084424326174203,2.7443145293658913,0.0717202059666047,0.08497254,0.028376643377101527,0.05413263,0.0,0.0,7.2167046034282644e-09,6.247333428355262e-09,train,valid
2177,-0.04076612971911066,-0.02038306485955533,2.444414906915047,0.14832896358796754,0.18304524,0.04679638848918401,0.09294382,0.0,0.0,1.1840881012554024e-08,4.5338897081137475e-09,train,test_ood_short_range
2178,-0.016934127550690244,-0.008467063775345122,2.6097427885278495,0.053357566202759846,0.06744881,0.01084200572325911,0.01662735,0.0,0.0,4.365129051705424e-09,4.879739057273014e-09,train,test_ood_short_range
2179,-0.00805207373530017,-0.004026036867650085,2.9032576816020352,0.02251727913539881,0.02651068,0.00815020721207954,0.01373476,0.0,0.0,6.28106065082326e-09,2.5157759209193387e-09,train,valid
2180,-0.03464251125502898,-0.01732125562751449,2.7173220986086046,0.12324303984963532,0.15630632,0.046161100200022856,0.0728514,0.0,0.0,5.722547756171463e-09,5.261387436839016e-09,test,train
2181,-0.01477624929786941,-0.007388124648934705,2.671964544747622,0.04517957843472019,0.05257927,0.012855571641130938,0.02326201,0.0,0.0,1.0404322425982812e-08,4.678400444824149e-09,train,valid
2182,-0.00877813080820916,-0.00438906540410458,2.9401391355475095,0.024835713354105615,0.02810767,0.009751087945076523,0.01678814,0.0,0.0,1.2488524742745459e-08,3.005780402354219e-09,train,train
2183,-0.027272244964897364,-0.013636122482448682,2.7096108788682067,0.09398782248015183,0.10862496,0.03679599154870881,0.05634327,0.0,0.0,1.0286448578000054e-08,3.896537315029036e-09,valid,train
2184,-0.018773851884634197,-0.009386925942317098,2.625540674334237,0.05949972877811377,0.06492692,0.01382511460547374,0.02261243,0.0,0.0,1.435937664498707e-08,3.1676767875410405e-09,valid,train
2185,-0.005030691429163404,-0.002515345714581702,3.214260355466409,0.012928595997619646,0.01509616,0.002992259947910052,0.00437751,0.0,0.0,2.0625643092121008e-08,5.52153345267925e-09,train,train
2186,-0.004259030912116156,-0.002129515456058078,3.0035522486873427,0.01062904776060239,0.01225809,0.0033548688633139347,0.00553592,0.0,0.0,1.4054600022329336e-08,1.0048938348106162e-09,test,valid
2187,-0.006097858512856346,-0.003048929256428173,2.7499455861482813,0.015956583286018136,0.02088648,0.00298384435484382,0.00555399,0.0,0.0,4.650418364885827e-09,3.393803349460711e-09,valid,train
2188,-0.016251218108589125,-0.008125609054294563,2.905133517283137,0.05092114140139535,0.06924683,0.012533446856027542,0.02279569,0.0,0.0,2.1609593167498465e-08,2.7811999370186413e-09,valid,valid
2189,-0.01448073420364821,-0.007240367101824105,2.801187999758042,0.043309597757067664,0.05354407,0.0035990062779652572,0.00605141,0.0,0.0,2.2465279577808458e-08,4.5147621197116905e-09,test,train
2190,-0.013971924890504271,-0.006985962445252136,2.7321146834421706,0.04294438030318674,0.06326454,0.015242665477891873,0.03076531,0.0,0.0,1.7223706350574594e-08,5.0023596376291835e-09,train,train
2191,-0.009818317899303748,-0.004909158949651874,2.9991827474357047,0.028342050947401463,0.03123323,0.011010333277969684,0.01704488,0.0,0.0,2.0861115117150435e-08,4.2354245666231805e-09,valid,train
2192,-0.0065724815822432,-0.0032862407911216,3.071111860449585,0.017817754254440522,0.02144718,0.00751438222377595,0.01288186,0.0,0.0,9.419714776493766e-09,2.7246306322226133e-09,test,train
2193,-0.012042326176270709,-0.006021163088135354,2.8503388113032617,0.03591735738970923,0.04471553,0.012669836430823275,0.02273462,0.0,0.0,1.4493194306037446e-08,4.1360150859759415e-09,train,unused
2194,-0.011281647029488794,-0.005640823514744397,2.7203973789830505,0.0332902188626279,0.04381012,0.007492069618967112,0.01438331,0.0,0.0,8.992303862626423e-09,3.236422019270435e-09,test,train
2195,-0.003337609945951233,-0.0016688049729756166,3.176969035264527,0.007940776912951695,0.00933273,0.002277125775961881,0.00397602,0.0,0.0,2.183260350332393e-08,3.84330212099826e-09,train,train
2196,-0.008815318166125073,-0.004407659083062536,2.7433515521790017,0.024822696679781455,0.0291189,0.009553693376329213,0.0167984,0.0,0.0,4.387271887359782e-09,8.480943725075463e-10,train,train
2197,-0.026149934307835153,-0.013074967153917576,2.738662050091954,0.0900776738888259,0.12552425,0.031719673513620324,0.05365085,0.0,0.0,6.065850525056275e-09,2.848404845323671e-09,train,train
2198,-0.0367680028129068,-0.0183840014064534,2.5718011158057914,0.13116574151540294,0.16769609,0.02686841624003978,0.05409952,0.0,0.0,1.3202749957194792e-08,2.9078091046130794e-09,valid,test_ood_short_range
2199,-0.019635573788197056,-0.009817786894098528,2.382727935805186,0.0629732555665022,0.08674286,0.019415957565419393,0.0356291,0.0,0.0,1.756652180621915e-08,7.265807955292303e-10,valid,test_ood_short_range
2200,-0.010394207607828788,-0.005197103803914394,2.9987962758242808,0.030605228944786542,0.04352722,0.013010595601626006,0.02148654,0.0,0.0,1.9540359723227965e-08,1.3900829376467527e-09,train,train
2201,-0.011545648557779061,-0.005772824278889531,2.617058743759361,0.033679638709307735,0.03838312,0.008360223625659384,0.01096605,0.0,0.0,1.4125622116574516e-08,5.2038766629181055e-09,test,test_ood_short_range
2202,-0.010865787757818202,-0.005432893878909101,2.810561925970133,0.03163367672720325,0.03677172,0.008710835700371502,0.01523087,0.0,0.0,5.869212013325121e-09,4.9113570987913135e-09,train,train
2203,-0.007871241367225864,-0.003935620683612932,2.7589234367158375,0.021585622650986156,0.02347235,0.005317526443322434,0.01029055,0.0,0.0,1.8273148038791116e-08,4.1558640972994e-09,train,train
2204,-0.00496438507037551,-0.002482192535187755,3.1897975190557646,0.012905330822656194,0.01713011,0.004765567582212357,0.00856911,0.0,0.0,1.2939554596507285e-08,1.494510515342995e-09,test,train
2205,-0.013916892739499354,-0.006958446369749677,2.99590584096414,0.04230377295544296,0.04654248,0.010066689616293928,0.01783063,0.0,0.0,9.839086058329292e-09,5.699719918261792e-09,train,train
2206,-0.01086070643913747,-0.005430353219568735,2.6869563708331263,0.031750868919672104,0.04596608,0.007628635763612434,0.01287579,0.0,0.0,1.0899785507269885e-08,2.692794320857672e-09,test,valid
2207,-0.00364858179361476,-0.00182429089680738,3.1646640946847766,0.008901632032406567,0.00963269,0.0022234293306924178,0.00411336,0.0,0.0,1.3832987235519643e-08,2.563508960662375e-09,train,train
2208,-0.03025641546735692,-0.01512820773367846,2.6662039232114063,0.10553765446860976,0.15369105,0.035990546605284654,0.06693244,0.0,0.0,3.0256173818502298e-09,4.151940236063467e-09,train,valid
2209,-0.04417044642290282,-0.02208522321145141,2.6422187308604625,0.16122563485782557,0.21614387,0.05794900802450001,0.10535223,0.0,0.0,3.770766078190317e-09,5.3790776277651275e-09,train,train
2210,-0.011456626323671528,-0.005728313161835764,2.894371438979962,0.03431873290888083,0.0475234,0.01578020674477577,0.02801813,0.0,0.0,3.131781104301667e-09,3.0034319475902294e-09,train,train
2211,-0.0032310341887587172,-0.0016155170943793586,3.247126878618839,0.007758492855243645,0.00823143,0.0016973241623213875,0.0027369,0.0,0.0,1.9228449105722218e-08,3.4741967080975655e-09,train,train
2212,-0.01195573991249623,-0.005977869956248115,2.963916926941996,0.03534269336558313,0.04318512,0.011359785084120944,0.01976101,0.0,0.0,1.6455318900598943e-08,3.097495593351596e-10,train,train
2213,-0.024753675712284175,-0.012376837856142088,2.74923830639812,0.08237635571487104,0.09294594,0.031223652874370206,0.05186293,0.0,0.0,1.3250147406737926e-08,3.038441942493364e-09,train,train
2214,-0.006217992192362299,-0.0031089960961811496,3.1651987006568802,0.01667533013048317,0.02058688,0.0051586934780701345,0.00908374,0.0,0.0,2.973392817406733e-08,2.519227493280596e-09,train,train
2215,-0.01164391290558137,-0.005821956452790685,2.6821230988048814,0.03425757120574516,0.04497701,0.004969004222766033,0.00801139,0.0,0.0,1.0274321817962098e-08,2.1794933635632674e-09,train,train
2216,-0.004753399878462358,-0.002376699939231179,3.0936986832464233,0.01219672522121136,0.0132216,0.004409869531051911,0.00732976,0.0,0.0,2.388551697325331e-08,3.0834597097850747e-09,test,train
2217,-0.005424855885487994,-0.002712427942743997,3.1295042183300827,0.014205100666199682,0.01597591,0.006076973304915038,0.00884417,0.0,0.0,8.648345519446929e-09,2.6093800453708127e-09,train,train
2218,-0.006660029640370656,-0.003330014820185328,3.224910073175864,0.017940726720779735,0.02104733,0.005524536105375726,0.00739383,0.0,0.0,9.468064817857911e-09,3.423435090965654e-09,train,train
2219,-0.0181181063844943,-0.00905905319224715,3.015571284012581,0.057906532210880726,0.07460986,0.023264330071488554,0.04263098,0.0,0.0,1.1971167662781648e-08,3.2381324288621727e-09,train,train
2220,-0.010556349436294478,-0.005278174718147239,2.631277196928574,0.03067882111760272,0.036819,0.010734149996529767,0.01875306,0.0,0.0,3.7232310071025752e-09,3.5074996240780365e-09,valid,train
2221,-0.0069434723168995925,-0.0034717361584497963,2.905912737711907,0.018609304073510288,0.02165301,0.004316683174004473,0.00707086,0.0,0.0,4.854868356197063e-09,4.109961593279365e-09,train,train
2222,-0.009750562959891334,-0.004875281479945667,2.9181967278771577,0.02828362715880809,0.0358912,0.011190084276124404,0.01900546,0.0,0.0,9.693144137611149e-09,3.0173122889110005e-09,train,train
2223,-0.007205063216161805,-0.0036025316080809024,2.828475068912692,0.019750225321253933,0.02534897,0.006438318125979538,0.00938722,0.0,0.0,1.069168617139251e-08,1.5279487675101677e-09,test,train
2224,-0.0040218677919508896,-0.0020109338959754448,3.1113133171303744,0.009887000233318158,0.0099567,0.0023130685080177222,0.00322197,0.0,0.0,2.0540182018441667e-08,1.0725578203363284e-09,train,train
2225,-0.007295663168701008,-0.003647831584350504,3.1073146451911047,0.020366483348131067,0.02474149,0.00819507664603775,0.01223474,0.0,0.0,1.4265981053910021e-08,1.1985001879821766e-09,train,train
2226,-0.013803464706467504,-0.006901732353233752,2.8348011074404913,0.04226422764013873,0.05630822,0.011933270913791826,0.01976034,0.0,0.0,5.402819212475566e-09,5.722572415933769e-10,train,valid
2227,-0.013477353580818406,-0.006738676790409203,2.8660756568182015,0.04116010292128127,0.05296917,0.011781565741797648,0.02154347,0.0,0.0,5.0077594062543626e-09,7.040307226091613e-10,valid,train
2228,-0.009555878848321129,-0.0047779394241605645,3.014520024185261,0.027482698927165067,0.03649724,0.01129983932364527,0.01808476,0.0,0.0,7.502031589245292e-09,9.45335254520785e-10,train,valid
2229,-0.011173102386176763,-0.005586551193088382,2.6264253059429117,0.03227642312093613,0.03992215,0.004573258580571043,0.00771032,0.0,0.0,2.18547494400288e-08,1.192193455068491e-09,train,valid
2230,-0.012500254720993172,-0.006250127360496586,2.6743483206236824,0.03758943207238705,0.04975075,0.013391703863221313,0.02638734,0.0,0.0,1.3410256066822857e-08,5.05366926084605e-09,train,train
2231,-0.007499683712902297,-0.0037498418564511486,3.1777074299312074,0.020864576969707133,0.02374942,0.006356895185812017,0.00867716,0.0,0.0,2.0952458153132282e-08,4.150551236037359e-09,train,unused
2232,-0.010723344641338652,-0.005361672320669326,3.1176101103010163,0.031144262429775086,0.03941696,0.01039696987125095,0.01570206,0.0,0.0,8.85277399311712e-09,8.059897194101495e-10,train,train
2233,-0.026208341093335138,-0.013104170546667569,2.544857293500323,0.08708453996736064,0.1112586,0.02009638957122771,0.03500245,0.0,0.0,8.437507844292916e-09,3.0362318215182427e-09,train,test_ood_short_range
2234,-0.025588581784081424,-0.012794290892040712,2.5460970740231654,0.08617417977563137,0.1245936,0.029184639288908184,0.05866116,0.0,0.0,5.95393720627961e-09,5.226560295668037e-10,valid,test_ood_short_range
2235,-0.0052624718745823695,-0.0026312359372911848,3.2297071391359804,0.013893586280052628,0.01742185,0.005881270103908963,0.00976827,0.0,0.0,1.1444454620495311e-08,3.526581249246874e-09,train,train
2236,-0.005471233860779118,-0.002735616930389559,3.1743505290200242,0.014318328302587094,0.01680478,0.005230338666083998,0.00839066,0.0,0.0,1.933915225569186e-08,2.564350509715041e-09,valid,valid
2237,-0.005496078144199721,-0.0027480390720998607,3.147002589795422,0.014465699914193575,0.01618223,0.005130031744302368,0.0086292,0.0,0.0,4.6262124090836345e-09,1.0727374544217128e-09,train,train
2238,-0.009719324224369101,-0.0048596621121845505,2.7006857583605783,0.027773028894658453,0.03312741,0.00812956353655697,0.01291805,0.0,0.0,2.0173851172549057e-08,3.437311990595049e-09,train,train
2239,-0.007236268169909752,-0.003618134084954876,2.7567450287479796,0.019605848809956347,0.0244573,0.004665699580906026,0.00729737,0.0,0.0,9.589174947227675e-09,1.9437746967554403e-09,train,train
2240,-0.008505406226046196,-0.004252703113023098,3.1442028476978168,0.024258382538323395,0.03057482,0.009417433858381133,0.01431237,0.0,0.0,1.508072294493123e-08,3.1514173493008e-09,valid,train
2241,-0.005315597117167762,-0.002657798558583881,3.0676935045299545,0.01392014451437077,0.01452552,0.004119501877883215,0.00605234,0.0,0.0,1.0698333798161659e-08,3.2218101519987385e-09,train,train
2242,-0.005697642807633485,-0.0028488214038167427,2.955160830174617,0.015019980145060112,0.01935112,0.004327612319630384,0.00744176,0.0,0.0,4.691037533850405e-09,3.346820043326204e-09,train,train
2243,-0.004162828400893598,-0.002081414200446799,3.2736884276268667,0.010494788705794254,0.01406304,0.004670670961309164,0.00736377,0.0,0.0,1.863301321475882e-08,2.1474273470545313e-09,train,train
2244,-0.0041417831693808605,-0.0020708915846904302,3.204128148930574,0.010309967002871543,0.01105438,0.002417441381764337,0.00361951,0.0,0.0,2.615922114141689e-08,2.691804334986614e-09,train,valid
2245,-0.008951944468466408,-0.004475972234233204,3.0630806190565045,0.025419855425388112,0.02903487,0.01006078911561696,0.01950209,0.0,0.0,1.7511893342531664e-08,1.6718401107951308e-09,train,train
2246,-0.012786492428280947,-0.006393246214140474,2.702883385752094,0.03820275280359169,0.04168436,0.009297314400065572,0.01641144,0.0,0.0,1.3080133082982195e-08,4.2502379393738465e-09,train,train
2247,-0.008074404111653166,-0.004037202055826583,3.1782188089297274,0.022486051060621265,0.02535619,0.0046230038132474005,0.00585865,0.0,0.0,7.725170529531358e-09,3.0180897780951454e-09,train,train
2248,-0.009289864139514815,-0.004644932069757407,2.8717985460529416,0.02641494666646518,0.0301549,0.007660464364494057,0.01235013,0.0,0.0,7.0775503921817605e-09,4.099867556561776e-09,train,train
2249,-0.02079523819173458,-0.01039761909586729,2.6663179398308476,0.06982042281868775,0.07990005,0.03253431619066653,0.05208267,0.0,0.0,1.0689147575931654e-08,4.8181706402417035e-09,train,train
2250,-0.009854758129836052,-0.004927379064918026,2.7264657198099953,0.028382902627690613,0.03012306,0.008120899246892755,0.0115789,0.0,0.0,1.5535737745280507e-08,5.364518051997891e-09,train,train
2251,-0.01472841125903743,-0.007364205629518715,2.7030442055935433,0.04593163285955805,0.04968657,0.0170916252047672,0.03273371,0.0,0.0,2.117806552540203e-08,2.2627616447223886e-09,valid,train
2252,-0.02776162284656379,-0.013880811423281895,2.5372972251251595,0.09410939765344532,0.1250901,0.029688999419426664,0.05487288,0.0,0.0,1.8520113825812396e-08,1.7961772069696735e-09,train,test_ood_short_range
2253,-0.026266079404277845,-0.013133039702138923,2.7919165256678977,0.0873425145669221,0.11075267,0.022279453142054078,0.04778934,0.0,0.0,1.1501696096778461e-08,3.877987375666692e-09,test,train
2254,-0.004892382569886426,-0.002446191284943213,2.9751469495386926,0.012523393201611402,0.01266812,0.0018863947288898296,0.00323954,0.0,0.0,1.2887258651293636e-08,4.936214992312671e-09,train,train
2255,-0.0714713514942395,-0.03573567574711975,2.3048920730380567,0.28211269433187125,0.40296201,0.08229535542518494,0.13491049,0.0,0.0,4.4808962519161975e-09,1.7630421567105259e-09,train,test_ood_short_range
2256,-0.0036447583350432957,-0.0018223791675216479,3.2762028800556746,0.00892161529476959,0.01115168,0.0029587938313694654,0.00551721,0.0,0.0,5.4861594404881184e-09,3.7233307548234507e-09,valid,train
2257,-0.004397036995379467,-0.0021985184976897336,3.1073383024992407,0.011102383423038797,0.0134651,0.002987462559472503,0.00427871,0.0,0.0,6.376542424925669e-09,2.5645342516256164e-09,test,train
2258,-0.007763066924842614,-0.003881533462421307,2.789266955484427,0.02131158748455716,0.02549979,0.006714936420402653,0.00982589,0.0,0.0,1.6446240873904344e-08,3.10172521000851e-09,train,train
2259,-0.01570145948773399,-0.007850729743866995,2.867372289831945,0.047829390568680324,0.05209682,0.011013432297413766,0.02123963,0.0,0.0,1.4376099678534709e-08,2.430218470905743e-09,train,train
2260,-0.011955513545414902,-0.005977756772707451,3.0706501542870686,0.03560608042866368,0.04044911,0.01499010231757164,0.01998428,0.0,0.0,5.951362670804689e-09,2.5794018032598842e-09,train,train
2261,-0.005690060977890788,-0.002845030488945394,2.8277126007594844,0.01479661040592518,0.01672611,0.0035193770717036467,0.00496673,0.0,0.0,9.420951306721858e-09,4.953809584762325e-09,train,train
2262,-0.005548878122964816,-0.002774439061482408,3.1371771350587867,0.014658754589240066,0.01945535,0.006025029631236956,0.01055884,0.0,0.0,9.124334784381442e-09,1.6528187707365305e-09,test,train
2263,-0.003468297227653815,-0.0017341486138269075,3.221040880895143,0.008412140269126917,0.00953616,0.0022848457317143607,0.00436662,0.0,0.0,1.2867256368751174e-08,4.56972737428174e-09,valid,valid
2264,-0.005462231657329381,-0.0027311158286646904,2.9898085643114976,0.014281963849287907,0.01706137,0.0050908994176913375,0.00795674,0.0,0.0,1.3045556457235041e-08,3.7781974215889136e-09,train,unused
2265,-0.021600695726015796,-0.010800347863007898,2.53946037228676,0.07049198887086484,0.07950456,0.015929236129454964,0.03176826,0.0,0.0,1.3809874400860407e-08,2.4559778655230957e-09,train,test_ood_short_range
2266,-0.03364835053461447,-0.016824175267307236,2.3714390233287057,0.1185418544559012,0.13591973,0.03468928445910927,0.05075886,0.0,0.0,7.506168283323639e-09,3.508689339071225e-09,train,test_ood_short_range
2267,-0.004477127680450708,-0.002238563840225354,3.021188776406797,0.011213288502135908,0.01243218,0.0031350875091135815,0.00460902,0.0,0.0,1.9789181169951127e-08,9.016616342449879e-10,train,train
2268,-0.01869857060906154,-0.00934928530453077,2.8052293055061006,0.05981948336363134,0.06694319,0.016504022034309295,0.02707104,0.0,0.0,1.6728620841976764e-08,3.4985334629311637e-09,valid,train
2269,-0.005878220525112445,-0.0029391102625562224,2.827732861957383,0.015388025125629343,0.0192882,0.0029908924991435804,0.00548398,0.0,0.0,1.037297250115101e-08,2.0213777318645043e-09,test,train
2270,-0.011405421858557665,-0.005702710929278832,2.914235399552779,0.03367744767868353,0.04294213,0.012821660311413782,0.02085617,0.0,0.0,8.00933169840521e-09,4.434149269982868e-09,train,train
2271,-0.004593072930173977,-0.0022965364650869885,3.1590503896962243,0.011734365818639994,0.01396615,0.004374311471067952,0.00562272,0.0,0.0,7.272221183664079e-09,4.031396105830254e-09,train,train
2272,-0.018792081514341193,-0.009396040757170597,2.6894273223913157,0.06050832655796363,0.07081905,0.022300875710551893,0.03844773,0.0,0.0,7.182962815862485e-09,2.9353011132826623e-09,train,train
2273,-0.017515028453084582,-0.008757514226542291,2.699483217064971,0.055783021938951405,0.06065799,0.015504061599479882,0.02609337,0.0,0.0,4.04152510307792e-09,3.0207849555097255e-09,train,train
